Workbook

Sheet Defect Trends- ATM
A1: Defect Trends by Slaughterhouse (ATM post-freeze inspection)
A2: Defect-centric view: how each canonical defect category behaves over time at each slaughterhouse. Within Martins, male (666540) and female (666541) parts are combined — the per-part breakdown lives in the Defect Pivot sheets. All counts pull via SUMIFS from Master Data, so editing Master Data will propagate here.
A4: MARTINS — defect counts over time
A5: Defect (canonical) | B5: 2026-02-09 | C5: 2026-02-23 | D5: 2026-03-02 | E5: 2026-03-09 | F5: 2026-03-16 | G5: 2026-03-23 | H5: 2026-03-30 | I5: 2026-04-06 | J5: 2026-04-13 | K5: 2026-04-20 | L5: 2026-05-04 | M5: 2026-05-11 | N5: 2026-05-28 | O5: Total
A6: Critical Mesentery Hole/Laceration (>0.5") | B6: =SUMIFS('Master Data'!I:I,'Master Data'!A:A,"2026-02-09",'Master Data'!E:E,"Martins",'Master Data'!H:H,A6) -> 1 | C6: =SUMIFS('Master Data'!I:I,'Master Data'!A:A,"2026-02-23",'Master Data'!E:E,"Martins",'Master Data'!H:H,A6) -> 17 | D6: =SUMIFS('Master Data'!I:I,'Master Data'!A:A,"2026-03-02",'Master Data'!E:E,"Martins",'Master Data'!H:H,A6) -> 45 | E6: =SUMIFS('Master Data'!I:I,'Master Data'!A:A,"2026-03-09",'Master Data'!E:E,"Martins",'Master Data'!H:H,A6) -> 6 | F6: =SUMIFS('Master Data'!I:I,'Master Data'!A:A,"2026-03-16",'Master Data'!E:E,"Martins",'Master Data'!H:H,A6) -> 22 | G6: =SUMIFS('Master Data'!I:I,'Master Data'!A:A,"2026-03-23",'Master Data'!E:E,"Martins",'Master Data'!H:H,A6) -> 26 | H6: =SUMIFS('Master Data'!I:I,'Master Data'!A:A,"2026-03-30",'Master Data'!E:E,"Martins",'Master Data'!H:H,A6) -> 12 | I6: =SUMIFS('Master Data'!I:I,'Master Data'!A:A,"2026-04-06",'Master Data'!E:E,"Martins",'Master Data'!H:H,A6) -> 12 | J6: =SUMIFS('Master Data'!I:I,'Master Data'!A:A,"2026-04-13",'Master Data'!E:E,"Martins",'Master Data'!H:H,A6) -> 6 | K6: =SUMIFS('Master Data'!I:I,'Master Data'!A:A,"2026-04-20",'Master Data'!E:E,"Martins",'Master Data'!H:H,A6) -> 18 | L6: =SUMIFS('Master Data'!I:I,'Master Data'!A:A,"2026-05-04",'Master Data'!E:E,"Martins",'Master Data'!H:H,A6) -> 4 | M6: =SUMIFS('Master Data'!I:I,'Master Data'!A:A,"2026-05-11",'Master Data'!E:E,"Martins",'Master Data'!H:H,A6) -> 1 | N6: =SUMIFS('Master Data'!I:I,'Master Data'!A:A,"2026-05-28",'Master Data'!E:E,"Martins",'Master Data'!H:H,A6) -> 1 | O6: =SUM(B6:N6) -> 171
A7: Non-Critical Mesentery Hole (>1.5") | B7: =SUMIFS('Master Data'!I:I,'Master Data'!A:A,"2026-02-09",'Master Data'!E:E,"Martins",'Master Data'!H:H,A7) -> 0 | C7: =SUMIFS('Master Data'!I:I,'Master Data'!A:A,"2026-02-23",'Master Data'!E:E,"Martins",'Master Data'!H:H,A7) -> 0 | D7: =SUMIFS('Master Data'!I:I,'Master Data'!A:A,"2026-03-02",'Master Data'!E:E,"Martins",'Master Data'!H:H,A7) -> 0 | E7: =SUMIFS('Master Data'!I:I,'Master Data'!A:A,"2026-03-09",'Master Data'!E:E,"Martins",'Master Data'!H:H,A7) -> 0 | F7: =SUMIFS('Master Data'!I:I,'Master Data'!A:A,"2026-03-16",'Master Data'!E:E,"Martins",'Master Data'!H:H,A7) -> 0 | G7: =SUMIFS('Master Data'!I:I,'Master Data'!A:A,"2026-03-23",'Master Data'!E:E,"Martins",'Master Data'!H:H,A7) -> 0 | H7: =SUMIFS('Master Data'!I:I,'Master Data'!A:A,"2026-03-30",'Master Data'!E:E,"Martins",'Master Data'!H:H,A7) -> 0 | I7: =SUMIFS('Master Data'!I:I,'Master Data'!A:A,"2026-04-06",'Master Data'!E:E,"Martins",'Master Data'!H:H,A7) -> 0 | J7: =SUMIFS('Master Data'!I:I,'Master Data'!A:A,"2026-04-13",'Master Data'!E:E,"Martins",'Master Data'!H:H,A7) -> 0 | K7: =SUMIFS('Master Data'!I:I,'Master Data'!A:A,"2026-04-20",'Master Data'!E:E,"Martins",'Master Data'!H:H,A7) -> 0 | L7: =SUMIFS('Master Data'!I:I,'Master Data'!A:A,"2026-05-04",'Master Data'!E:E,"Martins",'Master Data'!H:H,A7) -> 0 | M7: =SUMIFS('Master Data'!I:I,'Master Data'!A:A,"2026-05-11",'Master Data'!E:E,"Martins",'Master Data'!H:H,A7) -> 0 | N7: =SUMIFS('Master Data'!I:I,'Master Data'!A:A,"2026-05-28",'Master Data'!E:E,"Martins",'Master Data'!H:H,A7) -> 0 | O7: =SUM(B7:N7) -> 0
A8: Blood Clot | B8: =SUMIFS('Master Data'!I:I,'Master Data'!A:A,"2026-02-09",'Master Data'!E:E,"Martins",'Master Data'!H:H,A8) -> 1 | C8: =SUMIFS('Master Data'!I:I,'Master Data'!A:A,"2026-02-23",'Master Data'!E:E,"Martins",'Master Data'!H:H,A8) -> 10 | D8: =SUMIFS('Master Data'!I:I,'Master Data'!A:A,"2026-03-02",'Master Data'!E:E,"Martins",'Master Data'!H:H,A8) -> 10 | E8: =SUMIFS('Master Data'!I:I,'Master Data'!A:A,"2026-03-09",'Master Data'!E:E,"Martins",'Master Data'!H:H,A8) -> 9 | F8: =SUMIFS('Master Data'!I:I,'Master Data'!A:A,"2026-03-16",'Master Data'!E:E,"Martins",'Master Data'!H:H,A8) -> 4 | G8: =SUMIFS('Master Data'!I:I,'Master Data'!A:A,"2026-03-23",'Master Data'!E:E,"Martins",'Master Data'!H:H,A8) -> 2 | H8: =SUMIFS('Master Data'!I:I,'Master Data'!A:A,"2026-03-30",'Master Data'!E:E,"Martins",'Master Data'!H:H,A8) -> 5 | I8: =SUMIFS('Master Data'!I:I,'Master Data'!A:A,"2026-04-06",'Master Data'!E:E,"Martins",'Master Data'!H:H,A8) -> 5 | J8: =SUMIFS('Master Data'!I:I,'Master Data'!A:A,"2026-04-13",'Master Data'!E:E,"Martins",'Master Data'!H:H,A8) -> 4 | K8: =SUMIFS('Master Data'!I:I,'Master Data'!A:A,"2026-04-20",'Master Data'!E:E,"Martins",'Master Data'!H:H,A8) -> 6 | L8: =SUMIFS('Master Data'!I:I,'Master Data'!A:A,"2026-05-04",'Master Data'!E:E,"Martins",'Master Data'!H:H,A8) -> 3 | M8: =SUMIFS('Master Data'!I:I,'Master Data'!A:A,"2026-05-11",'Master Data'!E:E,"Martins",'Master Data'!H:H,A8) -> 1 | N8: =SUMIFS('Master Data'!I:I,'Master Data'!A:A,"2026-05-28",'Master Data'!E:E,"Martins",'Master Data'!H:H,A8) -> 0 | O8: =SUM(B8:N8) -> 60
A9: Bladder Length Oversize (>5.5") | B9: =SUMIFS('Master Data'!I:I,'Master Data'!A:A,"2026-02-09",'Master Data'!E:E,"Martins",'Master Data'!H:H,A9) -> 0 | C9: =SUMIFS('Master Data'!I:I,'Master Data'!A:A,"2026-02-23",'Master Data'!E:E,"Martins",'Master Data'!H:H,A9) -> 1 | D9: =SUMIFS('Master Data'!I:I,'Master Data'!A:A,"2026-03-02",'Master Data'!E:E,"Martins",'Master Data'!H:H,A9) -> 0 | E9: =SUMIFS('Master Data'!I:I,'Master Data'!A:A,"2026-03-09",'Master Data'!E:E,"Martins",'Master Data'!H:H,A9) -> 0 | F9: =SUMIFS('Master Data'!I:I,'Master Data'!A:A,"2026-03-16",'Master Data'!E:E,"Martins",'Master Data'!H:H,A9) -> 0 | G9: =SUMIFS('Master Data'!I:I,'Master Data'!A:A,"2026-03-23",'Master Data'!E:E,"Martins",'Master Data'!H:H,A9) -> 0 | H9: =SUMIFS('Master Data'!I:I,'Master Data'!A:A,"2026-03-30",'Master Data'!E:E,"Martins",'Master Data'!H:H,A9) -> 0 | I9: =SUMIFS('Master Data'!I:I,'Master Data'!A:A,"2026-04-06",'Master Data'!E:E,"Martins",'Master Data'!H:H,A9) -> 0 | J9: =SUMIFS('Master Data'!I:I,'Master Data'!A:A,"2026-04-13",'Master Data'!E:E,"Martins",'Master Data'!H:H,A9) -> 0 | K9: =SUMIFS('Master Data'!I:I,'Master Data'!A:A,"2026-04-20",'Master Data'!E:E,"Martins",'Master Data'!H:H,A9) -> 0 | L9: =SUMIFS('Master Data'!I:I,'Master Data'!A:A,"2026-05-04",'Master Data'!E:E,"Martins",'Master Data'!H:H,A9) -> 0 | M9: =SUMIFS('Master Data'!I:I,'Master Data'!A:A,"2026-05-11",'Master Data'!E:E,"Martins",'Master Data'!H:H,A9) -> 0 | N9: =SUMIFS('Master Data'!I:I,'Master Data'!A:A,"2026-05-28",'Master Data'!E:E,"Martins",'Master Data'!H:H,A9) -> 0 | O9: =SUM(B9:N9) -> 1
A10: Bladder Length Undersize | B10: =SUMIFS('Master Data'!I:I,'Master Data'!A:A,"2026-02-09",'Master Data'!E:E,"Martins",'Master Data'!H:H,A10) -> 8 | C10: =SUMIFS('Master Data'!I:I,'Master Data'!A:A,"2026-02-23",'Master Data'!E:E,"Martins",'Master Data'!H:H,A10) -> 5 | D10: =SUMIFS('Master Data'!I:I,'Master Data'!A:A,"2026-03-02",'Master Data'!E:E,"Martins",'Master Data'!H:H,A10) -> 20 | E10: =SUMIFS('Master Data'!I:I,'Master Data'!A:A,"2026-03-09",'Master Data'!E:E,"Martins",'Master Data'!H:H,A10) -> 9 | F10: =SUMIFS('Master Data'!I:I,'Master Data'!A:A,"2026-03-16",'Master Data'!E:E,"Martins",'Master Data'!H:H,A10) -> 0 | G10: =SUMIFS('Master Data'!I:I,'Master Data'!A:A,"2026-03-23",'Master Data'!E:E,"Martins",'Master Data'!H:H,A10) -> 0 | H10: =SUMIFS('Master Data'!I:I,'Master Data'!A:A,"2026-03-30",'Master Data'!E:E,"Martins",'Master Data'!H:H,A10) -> 0 | I10: =SUMIFS('Master Data'!I:I,'Master Data'!A:A,"2026-04-06",'Master Data'!E:E,"Martins",'Master Data'!H:H,A10) -> 0 | J10: =SUMIFS('Master Data'!I:I,'Master Data'!A:A,"2026-04-13",'Master Data'!E:E,"Martins",'Master Data'!H:H,A10) -> 0 | K10: =SUMIFS('Master Data'!I:I,'Master Data'!A:A,"2026-04-20",'Master Data'!E:E,"Martins",'Master Data'!H:H,A10) -> 0 | L10: =SUMIFS('Master Data'!I:I,'Master Data'!A:A,"2026-05-04",'Master Data'!E:E,"Martins",'Master Data'!H:H,A10) -> 0 | M10: =SUMIFS('Master Data'!I:I,'Master Data'!A:A,"2026-05-11",'Master Data'!E:E,"Martins",'Master Data'!H:H,A10) -> 0 | N10: =SUMIFS('Master Data'!I:I,'Master Data'!A:A,"2026-05-28",'Master Data'!E:E,"Martins",'Master Data'!H:H,A10) -> 0 | O10: =SUM(B10:N10) -> 42
A11: Urethra Laceration (exposing internal) | B11: =SUMIFS('Master Data'!I:I,'Master Data'!A:A,"2026-02-09",'Master Data'!E:E,"Martins",'Master Data'!H:H,A11) -> 5 | C11: =SUMIFS('Master Data'!I:I,'Master Data'!A:A,"2026-02-23",'Master Data'!E:E,"Martins",'Master Data'!H:H,A11) -> 6 | D11: =SUMIFS('Master Data'!I:I,'Master Data'!A:A,"2026-03-02",'Master Data'!E:E,"Martins",'Master Data'!H:H,A11) -> 19 | E11: =SUMIFS('Master Data'!I:I,'Master Data'!A:A,"2026-03-09",'Master Data'!E:E,"Martins",'Master Data'!H:H,A11) -> 9 | F11: =SUMIFS('Master Data'!I:I,'Master Data'!A:A,"2026-03-16",'Master Data'!E:E,"Martins",'Master Data'!H:H,A11) -> 2 | G11: =SUMIFS('Master Data'!I:I,'Master Data'!A:A,"2026-03-23",'Master Data'!E:E,"Martins",'Master Data'!H:H,A11) -> 10 | H11: =SUMIFS('Master Data'!I:I,'Master Data'!A:A,"2026-03-30",'Master Data'!E:E,"Martins",'Master Data'!H:H,A11) -> 4 | I11: =SUMIFS('Master Data'!I:I,'Master Data'!A:A,"2026-04-06",'Master Data'!E:E,"Martins",'Master Data'!H:H,A11) -> 0 | J11: =SUMIFS('Master Data'!I:I,'Master Data'!A:A,"2026-04-13",'Master Data'!E:E,"Martins",'Master Data'!H:H,A11) -> 0 | K11: =SUMIFS('Master Data'!I:I,'Master Data'!A:A,"2026-04-20",'Master Data'!E:E,"Martins",'Master Data'!H:H,A11) -> 0 | L11: =SUMIFS('Master Data'!I:I,'Master Data'!A:A,"2026-05-04",'Master Data'!E:E,"Martins",'Master Data'!H:H,A11) -> 6 | M11: =SUMIFS('Master Data'!I:I,'Master Data'!A:A,"2026-05-11",'Master Data'!E:E,"Martins",'Master Data'!H:H,A11) -> 1 | N11: =SUMIFS('Master Data'!I:I,'Master Data'!A:A,"2026-05-28",'Master Data'!E:E,"Martins",'Master Data'!H:H,A11) -> 4 | O11: =SUM(B11:N11) -> 66
A12: Bladder Laceration (exposing internal) | B12: =SUMIFS('Master Data'!I:I,'Master Data'!A:A,"2026-02-09",'Master Data'!E:E,"Martins",'Master Data'!H:H,A12) -> 3 | C12: =SUMIFS('Master Data'!I:I,'Master Data'!A:A,"2026-02-23",'Master Data'!E:E,"Martins",'Master Data'!H:H,A12) -> 2 | D12: =SUMIFS('Master Data'!I:I,'Master Data'!A:A,"2026-03-02",'Master Data'!E:E,"Martins",'Master Data'!H:H,A12) -> 4 | E12: =SUMIFS('Master Data'!I:I,'Master Data'!A:A,"2026-03-09",'Master Data'!E:E,"Martins",'Master Data'!H:H,A12) -> 4 | F12: =SUMIFS('Master Data'!I:I,'Master Data'!A:A,"2026-03-16",'Master Data'!E:E,"Martins",'Master Data'!H:H,A12) -> 5 | G12: =SUMIFS('Master Data'!I:I,'Master Data'!A:A,"2026-03-23",'Master Data'!E:E,"Martins",'Master Data'!H:H,A12) -> 0 | H12: =SUMIFS('Master Data'!I:I,'Master Data'!A:A,"2026-03-30",'Master Data'!E:E,"Martins",'Master Data'!H:H,A12) -> 0 | I12: =SUMIFS('Master Data'!I:I,'Master Data'!A:A,"2026-04-06",'Master Data'!E:E,"Martins",'Master Data'!H:H,A12) -> 2 | J12: =SUMIFS('Master Data'!I:I,'Master Data'!A:A,"2026-04-13",'Master Data'!E:E,"Martins",'Master Data'!H:H,A12) -> 0 | K12: =SUMIFS('Master Data'!I:I,'Master Data'!A:A,"2026-04-20",'Master Data'!E:E,"Martins",'Master Data'!H:H,A12) -> 0 | L12: =SUMIFS('Master Data'!I:I,'Master Data'!A:A,"2026-05-04",'Master Data'!E:E,"Martins",'Master Data'!H:H,A12) -> 0 | M12: =SUMIFS('Master Data'!I:I,'Master Data'!A:A,"2026-05-11",'Master Data'!E:E,"Martins",'Master Data'!H:H,A12) -> 0 | N12: =SUMIFS('Master Data'!I:I,'Master Data'!A:A,"2026-05-28",'Master Data'!E:E,"Martins",'Master Data'!H:H,A12) -> 0 | O12: =SUM(B12:N12) -> 20
A13: Exposed Ureters | B13: =SUMIFS('Master Data'!I:I,'Master Data'!A:A,"2026-02-09",'Master Data'!E:E,"Martins",'Master Data'!H:H,A13) -> 1 | C13: =SUMIFS('Master Data'!I:I,'Master Data'!A:A,"2026-02-23",'Master Data'!E:E,"Martins",'Master Data'!H:H,A13) -> 2 | D13: =SUMIFS('Master Data'!I:I,'Master Data'!A:A,"2026-03-02",'Master Data'!E:E,"Martins",'Master Data'!H:H,A13) -> 0 | E13: =SUMIFS('Master Data'!I:I,'Master Data'!A:A,"2026-03-09",'Master Data'!E:E,"Martins",'Master Data'!H:H,A13) -> 0 | F13: =SUMIFS('Master Data'!I:I,'Master Data'!A:A,"2026-03-16",'Master Data'!E:E,"Martins",'Master Data'!H:H,A13) -> 0 | G13: =SUMIFS('Master Data'!I:I,'Master Data'!A:A,"2026-03-23",'Master Data'!E:E,"Martins",'Master Data'!H:H,A13) -> 0 | H13: =SUMIFS('Master Data'!I:I,'Master Data'!A:A,"2026-03-30",'Master Data'!E:E,"Martins",'Master Data'!H:H,A13) -> 0 | I13: =SUMIFS('Master Data'!I:I,'Master Data'!A:A,"2026-04-06",'Master Data'!E:E,"Martins",'Master Data'!H:H,A13) -> 0 | J13: =SUMIFS('Master Data'!I:I,'Master Data'!A:A,"2026-04-13",'Master Data'!E:E,"Martins",'Master Data'!H:H,A13) -> 0 | K13: =SUMIFS('Master Data'!I:I,'Master Data'!A:A,"2026-04-20",'Master Data'!E:E,"Martins",'Master Data'!H:H,A13) -> 0 | L13: =SUMIFS('Master Data'!I:I,'Master Data'!A:A,"2026-05-04",'Master Data'!E:E,"Martins",'Master Data'!H:H,A13) -> 0 | M13: =SUMIFS('Master Data'!I:I,'Master Data'!A:A,"2026-05-11",'Master Data'!E:E,"Martins",'Master Data'!H:H,A13) -> 0 | N13: =SUMIFS('Master Data'!I:I,'Master Data'!A:A,"2026-05-28",'Master Data'!E:E,"Martins",'Master Data'!H:H,A13) -> 0 | O13: =SUM(B13:N13) -> 3
A14: Spoilage | B14: =SUMIFS('Master Data'!I:I,'Master Data'!A:A,"2026-02-09",'Master Data'!E:E,"Martins",'Master Data'!H:H,A14) -> 0 | C14: =SUMIFS('Master Data'!I:I,'Master Data'!A:A,"2026-02-23",'Master Data'!E:E,"Martins",'Master Data'!H:H,A14) -> 0 | D14: =SUMIFS('Master Data'!I:I,'Master Data'!A:A,"2026-03-02",'Master Data'!E:E,"Martins",'Master Data'!H:H,A14) -> 3 | E14: =SUMIFS('Master Data'!I:I,'Master Data'!A:A,"2026-03-09",'Master Data'!E:E,"Martins",'Master Data'!H:H,A14) -> 0 | F14: =SUMIFS('Master Data'!I:I,'Master Data'!A:A,"2026-03-16",'Master Data'!E:E,"Martins",'Master Data'!H:H,A14) -> 0 | G14: =SUMIFS('Master Data'!I:I,'Master Data'!A:A,"2026-03-23",'Master Data'!E:E,"Martins",'Master Data'!H:H,A14) -> 0 | H14: =SUMIFS('Master Data'!I:I,'Master Data'!A:A,"2026-03-30",'Master Data'!E:E,"Martins",'Master Data'!H:H,A14) -> 0 | I14: =SUMIFS('Master Data'!I:I,'Master Data'!A:A,"2026-04-06",'Master Data'!E:E,"Martins",'Master Data'!H:H,A14) -> 1 | J14: =SUMIFS('Master Data'!I:I,'Master Data'!A:A,"2026-04-13",'Master Data'!E:E,"Martins",'Master Data'!H:H,A14) -> 0 | K14: =SUMIFS('Master Data'!I:I,'Master Data'!A:A,"2026-04-20",'Master Data'!E:E,"Martins",'Master Data'!H:H,A14) -> 0 | L14: =SUMIFS('Master Data'!I:I,'Master Data'!A:A,"2026-05-04",'Master Data'!E:E,"Martins",'Master Data'!H:H,A14) -> 1 | M14: =SUMIFS('Master Data'!I:I,'Master Data'!A:A,"2026-05-11",'Master Data'!E:E,"Martins",'Master Data'!H:H,A14) -> 0 | N14: =SUMIFS('Master Data'!I:I,'Master Data'!A:A,"2026-05-28",'Master Data'!E:E,"Martins",'Master Data'!H:H,A14) -> 0 | O14: =SUM(B14:N14) -> 5
A15: Mesentery Length from Bladder Neck (≤7") | B15: =SUMIFS('Master Data'!I:I,'Master Data'!A:A,"2026-02-09",'Master Data'!E:E,"Martins",'Master Data'!H:H,A15) -> 0 | C15: =SUMIFS('Master Data'!I:I,'Master Data'!A:A,"2026-02-23",'Master Data'!E:E,"Martins",'Master Data'!H:H,A15) -> 0 | D15: =SUMIFS('Master Data'!I:I,'Master Data'!A:A,"2026-03-02",'Master Data'!E:E,"Martins",'Master Data'!H:H,A15) -> 0 | E15: =SUMIFS('Master Data'!I:I,'Master Data'!A:A,"2026-03-09",'Master Data'!E:E,"Martins",'Master Data'!H:H,A15) -> 0 | F15: =SUMIFS('Master Data'!I:I,'Master Data'!A:A,"2026-03-16",'Master Data'!E:E,"Martins",'Master Data'!H:H,A15) -> 0 | G15: =SUMIFS('Master Data'!I:I,'Master Data'!A:A,"2026-03-23",'Master Data'!E:E,"Martins",'Master Data'!H:H,A15) -> 0 | H15: =SUMIFS('Master Data'!I:I,'Master Data'!A:A,"2026-03-30",'Master Data'!E:E,"Martins",'Master Data'!H:H,A15) -> 0 | I15: =SUMIFS('Master Data'!I:I,'Master Data'!A:A,"2026-04-06",'Master Data'!E:E,"Martins",'Master Data'!H:H,A15) -> 0 | J15: =SUMIFS('Master Data'!I:I,'Master Data'!A:A,"2026-04-13",'Master Data'!E:E,"Martins",'Master Data'!H:H,A15) -> 0 | K15: =SUMIFS('Master Data'!I:I,'Master Data'!A:A,"2026-04-20",'Master Data'!E:E,"Martins",'Master Data'!H:H,A15) -> 0 | L15: =SUMIFS('Master Data'!I:I,'Master Data'!A:A,"2026-05-04",'Master Data'!E:E,"Martins",'Master Data'!H:H,A15) -> 0 | M15: =SUMIFS('Master Data'!I:I,'Master Data'!A:A,"2026-05-11",'Master Data'!E:E,"Martins",'Master Data'!H:H,A15) -> 0 | N15: =SUMIFS('Master Data'!I:I,'Master Data'!A:A,"2026-05-28",'Master Data'!E:E,"Martins",'Master Data'!H:H,A15) -> 0 | O15: =SUM(B15:N15) -> 0
A16: Units Received | B16: =SUMIFS('Receipt Summary'!F:F,'Receipt Summary'!A:A,"2026-02-09",'Receipt Summary'!D:D,"Martins") -> 150 | C16: =SUMIFS('Receipt Summary'!F:F,'Receipt Summary'!A:A,"2026-02-23",'Receipt Summary'!D:D,"Martins") -> 181 | D16: =SUMIFS('Receipt Summary'!F:F,'Receipt Summary'!A:A,"2026-03-02",'Receipt Summary'!D:D,"Martins") -> 353 | E16: =SUMIFS('Receipt Summary'!F:F,'Receipt Summary'!A:A,"2026-03-09",'Receipt Summary'!D:D,"Martins") -> 221 | F16: =SUMIFS('Receipt Summary'!F:F,'Receipt Summary'!A:A,"2026-03-16",'Receipt Summary'!D:D,"Martins") -> 220 | G16: =SUMIFS('Receipt Summary'!F:F,'Receipt Summary'!A:A,"2026-03-23",'Receipt Summary'!D:D,"Martins") -> 209 | H16: =SUMIFS('Receipt Summary'!F:F,'Receipt Summary'!A:A,"2026-03-30",'Receipt Summary'!D:D,"Martins") -> 227 | I16: =SUMIFS('Receipt Summary'!F:F,'Receipt Summary'!A:A,"2026-04-06",'Receipt Summary'!D:D,"Martins") -> 180 | J16: =SUMIFS('Receipt Summary'!F:F,'Receipt Summary'!A:A,"2026-04-13",'Receipt Summary'!D:D,"Martins") -> 200 | K16: =SUMIFS('Receipt Summary'!F:F,'Receipt Summary'!A:A,"2026-04-20",'Receipt Summary'!D:D,"Martins") -> 170 | L16: =SUMIFS('Receipt Summary'!F:F,'Receipt Summary'!A:A,"2026-05-04",'Receipt Summary'!D:D,"Martins") -> 270 | M16: =SUMIFS('Receipt Summary'!F:F,'Receipt Summary'!A:A,"2026-05-11",'Receipt Summary'!D:D,"Martins") -> 100 | N16: =SUMIFS('Receipt Summary'!F:F,'Receipt Summary'!A:A,"2026-05-28",'Receipt Summary'!D:D,"Martins") -> 270 | O16: =SUM(B16:N16) -> 2751
A17: Units Scrapped | B17: =SUMIFS('Receipt Summary'!H:H,'Receipt Summary'!A:A,"2026-02-09",'Receipt Summary'!D:D,"Martins") -> 19 | C17: =SUMIFS('Receipt Summary'!H:H,'Receipt Summary'!A:A,"2026-02-23",'Receipt Summary'!D:D,"Martins") -> 43 | D17: =SUMIFS('Receipt Summary'!H:H,'Receipt Summary'!A:A,"2026-03-02",'Receipt Summary'!D:D,"Martins") -> 100 | E17: =SUMIFS('Receipt Summary'!H:H,'Receipt Summary'!A:A,"2026-03-09",'Receipt Summary'!D:D,"Martins") -> 37 | F17: =SUMIFS('Receipt Summary'!H:H,'Receipt Summary'!A:A,"2026-03-16",'Receipt Summary'!D:D,"Martins") -> 33 | G17: =SUMIFS('Receipt Summary'!H:H,'Receipt Summary'!A:A,"2026-03-23",'Receipt Summary'!D:D,"Martins") -> 38 | H17: =SUMIFS('Receipt Summary'!H:H,'Receipt Summary'!A:A,"2026-03-30",'Receipt Summary'!D:D,"Martins") -> 21 | I17: =SUMIFS('Receipt Summary'!H:H,'Receipt Summary'!A:A,"2026-04-06",'Receipt Summary'!D:D,"Martins") -> 20 | J17: =SUMIFS('Receipt Summary'!H:H,'Receipt Summary'!A:A,"2026-04-13",'Receipt Summary'!D:D,"Martins") -> 10 | K17: =SUMIFS('Receipt Summary'!H:H,'Receipt Summary'!A:A,"2026-04-20",'Receipt Summary'!D:D,"Martins") -> 24 | L17: =SUMIFS('Receipt Summary'!H:H,'Receipt Summary'!A:A,"2026-05-04",'Receipt Summary'!D:D,"Martins") -> 14 | M17: =SUMIFS('Receipt Summary'!H:H,'Receipt Summary'!A:A,"2026-05-11",'Receipt Summary'!D:D,"Martins") -> 3 | N17: =SUMIFS('Receipt Summary'!H:H,'Receipt Summary'!A:A,"2026-05-28",'Receipt Summary'!D:D,"Martins") -> 5 | O17: =SUM(B17:N17) -> 367
A18: Rejection % | B18: =IFERROR(B17/B16,0) -> 0.12666667 | C18: =IFERROR(C17/C16,0) -> 0.23756906 | D18: =IFERROR(D17/D16,0) -> 0.28328612 | E18: =IFERROR(E17/E16,0) -> 0.16742081 | F18: =IFERROR(F17/F16,0) -> 0.15 | G18: =IFERROR(G17/G16,0) -> 0.18181818 | H18: =IFERROR(H17/H16,0) -> 0.092511013 | I18: =IFERROR(I17/I16,0) -> 0.11111111 | ... O18: =IFERROR(O17/O16,0) -> 0.13340603
A21: PARKS — defect counts over time
A22: Defect (canonical) | B22: 2026-03-09 | C22: 2026-03-23 | D22: 2026-03-30 | E22: 2026-04-20 | F22: 2026-05-04 | G22: 2026-05-11 | H22: 2026-05-28 | I22: Total
A23: Critical Mesentery Hole/Laceration (>0.5") | B23: =SUMIFS('Master Data'!I:I,'Master Data'!A:A,"2026-03-09",'Master Data'!E:E,"Parks",'Master Data'!H:H,A23) -> 1 | C23: =SUMIFS('Master Data'!I:I,'Master Data'!A:A,"2026-03-23",'Master Data'!E:E,"Parks",'Master Data'!H:H,A23) -> 4 | D23: =SUMIFS('Master Data'!I:I,'Master Data'!A:A,"2026-03-30",'Master Data'!E:E,"Parks",'Master Data'!H:H,A23) -> 2 | E23: =SUMIFS('Master Data'!I:I,'Master Data'!A:A,"2026-04-20",'Master Data'!E:E,"Parks",'Master Data'!H:H,A23) -> 22 | F23: =SUMIFS('Master Data'!I:I,'Master Data'!A:A,"2026-05-04",'Master Data'!E:E,"Parks",'Master Data'!H:H,A23) -> 2 | G23: =SUMIFS('Master Data'!I:I,'Master Data'!A:A,"2026-05-11",'Master Data'!E:E,"Parks",'Master Data'!H:H,A23) -> 187 | H23: =SUMIFS('Master Data'!I:I,'Master Data'!A:A,"2026-05-28",'Master Data'!E:E,"Parks",'Master Data'!H:H,A23) -> 0 | I23: =SUM(B23:H23) -> 218
A24: Non-Critical Mesentery Hole (>1.5") | B24: =SUMIFS('Master Data'!I:I,'Master Data'!A:A,"2026-03-09",'Master Data'!E:E,"Parks",'Master Data'!H:H,A24) -> 0 | C24: =SUMIFS('Master Data'!I:I,'Master Data'!A:A,"2026-03-23",'Master Data'!E:E,"Parks",'Master Data'!H:H,A24) -> 0 | D24: =SUMIFS('Master Data'!I:I,'Master Data'!A:A,"2026-03-30",'Master Data'!E:E,"Parks",'Master Data'!H:H,A24) -> 0 | E24: =SUMIFS('Master Data'!I:I,'Master Data'!A:A,"2026-04-20",'Master Data'!E:E,"Parks",'Master Data'!H:H,A24) -> 0 | F24: =SUMIFS('Master Data'!I:I,'Master Data'!A:A,"2026-05-04",'Master Data'!E:E,"Parks",'Master Data'!H:H,A24) -> 0 | G24: =SUMIFS('Master Data'!I:I,'Master Data'!A:A,"2026-05-11",'Master Data'!E:E,"Parks",'Master Data'!H:H,A24) -> 0 | H24: =SUMIFS('Master Data'!I:I,'Master Data'!A:A,"2026-05-28",'Master Data'!E:E,"Parks",'Master Data'!H:H,A24) -> 0 | I24: =SUM(B24:H24) -> 0
A25: Blood Clot | B25: =SUMIFS('Master Data'!I:I,'Master Data'!A:A,"2026-03-09",'Master Data'!E:E,"Parks",'Master Data'!H:H,A25) -> 1 | C25: =SUMIFS('Master Data'!I:I,'Master Data'!A:A,"2026-03-23",'Master Data'!E:E,"Parks",'Master Data'!H:H,A25) -> 0 | D25: =SUMIFS('Master Data'!I:I,'Master Data'!A:A,"2026-03-30",'Master Data'!E:E,"Parks",'Master Data'!H:H,A25) -> 0 | E25: =SUMIFS('Master Data'!I:I,'Master Data'!A:A,"2026-04-20",'Master Data'!E:E,"Parks",'Master Data'!H:H,A25) -> 0 | F25: =SUMIFS('Master Data'!I:I,'Master Data'!A:A,"2026-05-04",'Master Data'!E:E,"Parks",'Master Data'!H:H,A25) -> 0 | G25: =SUMIFS('Master Data'!I:I,'Master Data'!A:A,"2026-05-11",'Master Data'!E:E,"Parks",'Master Data'!H:H,A25) -> 0 | H25: =SUMIFS('Master Data'!I:I,'Master Data'!A:A,"2026-05-28",'Master Data'!E:E,"Parks",'Master Data'!H:H,A25) -> 0 | I25: =SUM(B25:H25) -> 1
A26: Bladder Length Oversize (>5.5") | B26: =SUMIFS('Master Data'!I:I,'Master Data'!A:A,"2026-03-09",'Master Data'!E:E,"Parks",'Master Data'!H:H,A26) -> 0 | C26: =SUMIFS('Master Data'!I:I,'Master Data'!A:A,"2026-03-23",'Master Data'!E:E,"Parks",'Master Data'!H:H,A26) -> 0 | D26: =SUMIFS('Master Data'!I:I,'Master Data'!A:A,"2026-03-30",'Master Data'!E:E,"Parks",'Master Data'!H:H,A26) -> 1 | E26: =SUMIFS('Master Data'!I:I,'Master Data'!A:A,"2026-04-20",'Master Data'!E:E,"Parks",'Master Data'!H:H,A26) -> 4 | F26: =SUMIFS('Master Data'!I:I,'Master Data'!A:A,"2026-05-04",'Master Data'!E:E,"Parks",'Master Data'!H:H,A26) -> 0 | G26: =SUMIFS('Master Data'!I:I,'Master Data'!A:A,"2026-05-11",'Master Data'!E:E,"Parks",'Master Data'!H:H,A26) -> 0 | H26: =SUMIFS('Master Data'!I:I,'Master Data'!A:A,"2026-05-28",'Master Data'!E:E,"Parks",'Master Data'!H:H,A26) -> 0 | I26: =SUM(B26:H26) -> 5
A27: Bladder Length Undersize | B27: =SUMIFS('Master Data'!I:I,'Master Data'!A:A,"2026-03-09",'Master Data'!E:E,"Parks",'Master Data'!H:H,A27) -> 0 | C27: =SUMIFS('Master Data'!I:I,'Master Data'!A:A,"2026-03-23",'Master Data'!E:E,"Parks",'Master Data'!H:H,A27) -> 0 | D27: =SUMIFS('Master Data'!I:I,'Master Data'!A:A,"2026-03-30",'Master Data'!E:E,"Parks",'Master Data'!H:H,A27) -> 0 | E27: =SUMIFS('Master Data'!I:I,'Master Data'!A:A,"2026-04-20",'Master Data'!E:E,"Parks",'Master Data'!H:H,A27) -> 0 | F27: =SUMIFS('Master Data'!I:I,'Master Data'!A:A,"2026-05-04",'Master Data'!E:E,"Parks",'Master Data'!H:H,A27) -> 0 | G27: =SUMIFS('Master Data'!I:I,'Master Data'!A:A,"2026-05-11",'Master Data'!E:E,"Parks",'Master Data'!H:H,A27) -> 0 | H27: =SUMIFS('Master Data'!I:I,'Master Data'!A:A,"2026-05-28",'Master Data'!E:E,"Parks",'Master Data'!H:H,A27) -> 0 | I27: =SUM(B27:H27) -> 0
A28: Urethra Laceration (exposing internal) | B28: =SUMIFS('Master Data'!I:I,'Master Data'!A:A,"2026-03-09",'Master Data'!E:E,"Parks",'Master Data'!H:H,A28) -> 0 | C28: =SUMIFS('Master Data'!I:I,'Master Data'!A:A,"2026-03-23",'Master Data'!E:E,"Parks",'Master Data'!H:H,A28) -> 2 | D28: =SUMIFS('Master Data'!I:I,'Master Data'!A:A,"2026-03-30",'Master Data'!E:E,"Parks",'Master Data'!H:H,A28) -> 2 | E28: =SUMIFS('Master Data'!I:I,'Master Data'!A:A,"2026-04-20",'Master Data'!E:E,"Parks",'Master Data'!H:H,A28) -> 3 | F28: =SUMIFS('Master Data'!I:I,'Master Data'!A:A,"2026-05-04",'Master Data'!E:E,"Parks",'Master Data'!H:H,A28) -> 0 | G28: =SUMIFS('Master Data'!I:I,'Master Data'!A:A,"2026-05-11",'Master Data'!E:E,"Parks",'Master Data'!H:H,A28) -> 2 | H28: =SUMIFS('Master Data'!I:I,'Master Data'!A:A,"2026-05-28",'Master Data'!E:E,"Parks",'Master Data'!H:H,A28) -> 0 | I28: =SUM(B28:H28) -> 9
A29: Bladder Laceration (exposing internal) | B29: =SUMIFS('Master Data'!I:I,'Master Data'!A:A,"2026-03-09",'Master Data'!E:E,"Parks",'Master Data'!H:H,A29) -> 0 | C29: =SUMIFS('Master Data'!I:I,'Master Data'!A:A,"2026-03-23",'Master Data'!E:E,"Parks",'Master Data'!H:H,A29) -> 0 | D29: =SUMIFS('Master Data'!I:I,'Master Data'!A:A,"2026-03-30",'Master Data'!E:E,"Parks",'Master Data'!H:H,A29) -> 0 | E29: =SUMIFS('Master Data'!I:I,'Master Data'!A:A,"2026-04-20",'Master Data'!E:E,"Parks",'Master Data'!H:H,A29) -> 0 | F29: =SUMIFS('Master Data'!I:I,'Master Data'!A:A,"2026-05-04",'Master Data'!E:E,"Parks",'Master Data'!H:H,A29) -> 0 | G29: =SUMIFS('Master Data'!I:I,'Master Data'!A:A,"2026-05-11",'Master Data'!E:E,"Parks",'Master Data'!H:H,A29) -> 0 | H29: =SUMIFS('Master Data'!I:I,'Master Data'!A:A,"2026-05-28",'Master Data'!E:E,"Parks",'Master Data'!H:H,A29) -> 0 | I29: =SUM(B29:H29) -> 0
A30: Exposed Ureters | B30: =SUMIFS('Master Data'!I:I,'Master Data'!A:A,"2026-03-09",'Master Data'!E:E,"Parks",'Master Data'!H:H,A30) -> 0 | C30: =SUMIFS('Master Data'!I:I,'Master Data'!A:A,"2026-03-23",'Master Data'!E:E,"Parks",'Master Data'!H:H,A30) -> 0 | D30: =SUMIFS('Master Data'!I:I,'Master Data'!A:A,"2026-03-30",'Master Data'!E:E,"Parks",'Master Data'!H:H,A30) -> 0 | E30: =SUMIFS('Master Data'!I:I,'Master Data'!A:A,"2026-04-20",'Master Data'!E:E,"Parks",'Master Data'!H:H,A30) -> 0 | F30: =SUMIFS('Master Data'!I:I,'Master Data'!A:A,"2026-05-04",'Master Data'!E:E,"Parks",'Master Data'!H:H,A30) -> 0 | G30: =SUMIFS('Master Data'!I:I,'Master Data'!A:A,"2026-05-11",'Master Data'!E:E,"Parks",'Master Data'!H:H,A30) -> 0 | H30: =SUMIFS('Master Data'!I:I,'Master Data'!A:A,"2026-05-28",'Master Data'!E:E,"Parks",'Master Data'!H:H,A30) -> 0 | I30: =SUM(B30:H30) -> 0
A31: Spoilage | B31: =SUMIFS('Master Data'!I:I,'Master Data'!A:A,"2026-03-09",'Master Data'!E:E,"Parks",'Master Data'!H:H,A31) -> 0 | C31: =SUMIFS('Master Data'!I:I,'Master Data'!A:A,"2026-03-23",'Master Data'!E:E,"Parks",'Master Data'!H:H,A31) -> 0 | D31: =SUMIFS('Master Data'!I:I,'Master Data'!A:A,"2026-03-30",'Master Data'!E:E,"Parks",'Master Data'!H:H,A31) -> 0 | E31: =SUMIFS('Master Data'!I:I,'Master Data'!A:A,"2026-04-20",'Master Data'!E:E,"Parks",'Master Data'!H:H,A31) -> 0 | F31: =SUMIFS('Master Data'!I:I,'Master Data'!A:A,"2026-05-04",'Master Data'!E:E,"Parks",'Master Data'!H:H,A31) -> 0 | G31: =SUMIFS('Master Data'!I:I,'Master Data'!A:A,"2026-05-11",'Master Data'!E:E,"Parks",'Master Data'!H:H,A31) -> 0 | H31: =SUMIFS('Master Data'!I:I,'Master Data'!A:A,"2026-05-28",'Master Data'!E:E,"Parks",'Master Data'!H:H,A31) -> 0 | I31: =SUM(B31:H31) -> 0
A32: Mesentery Length from Bladder Neck (≤7") | B32: =SUMIFS('Master Data'!I:I,'Master Data'!A:A,"2026-03-09",'Master Data'!E:E,"Parks",'Master Data'!H:H,A32) -> 0 | C32: =SUMIFS('Master Data'!I:I,'Master Data'!A:A,"2026-03-23",'Master Data'!E:E,"Parks",'Master Data'!H:H,A32) -> 0 | D32: =SUMIFS('Master Data'!I:I,'Master Data'!A:A,"2026-03-30",'Master Data'!E:E,"Parks",'Master Data'!H:H,A32) -> 2 | E32: =SUMIFS('Master Data'!I:I,'Master Data'!A:A,"2026-04-20",'Master Data'!E:E,"Parks",'Master Data'!H:H,A32) -> 10 | F32: =SUMIFS('Master Data'!I:I,'Master Data'!A:A,"2026-05-04",'Master Data'!E:E,"Parks",'Master Data'!H:H,A32) -> 2 | G32: =SUMIFS('Master Data'!I:I,'Master Data'!A:A,"2026-05-11",'Master Data'!E:E,"Parks",'Master Data'!H:H,A32) -> 6 | H32: =SUMIFS('Master Data'!I:I,'Master Data'!A:A,"2026-05-28",'Master Data'!E:E,"Parks",'Master Data'!H:H,A32) -> 0 | I32: =SUM(B32:H32) -> 20
A33: Units Received | B33: =SUMIFS('Receipt Summary'!F:F,'Receipt Summary'!A:A,"2026-03-09",'Receipt Summary'!D:D,"Parks") -> 15 | C33: =SUMIFS('Receipt Summary'!F:F,'Receipt Summary'!A:A,"2026-03-23",'Receipt Summary'!D:D,"Parks") -> 22 | D33: =SUMIFS('Receipt Summary'!F:F,'Receipt Summary'!A:A,"2026-03-30",'Receipt Summary'!D:D,"Parks") -> 15 | E33: =SUMIFS('Receipt Summary'!F:F,'Receipt Summary'!A:A,"2026-04-20",'Receipt Summary'!D:D,"Parks") -> 118 | F33: =SUMIFS('Receipt Summary'!F:F,'Receipt Summary'!A:A,"2026-05-04",'Receipt Summary'!D:D,"Parks") -> 30 | G33: =SUMIFS('Receipt Summary'!F:F,'Receipt Summary'!A:A,"2026-05-11",'Receipt Summary'!D:D,"Parks") -> 220 | H33: =SUMIFS('Receipt Summary'!F:F,'Receipt Summary'!A:A,"2026-05-28",'Receipt Summary'!D:D,"Parks") -> 7 | I33: =SUM(B33:H33) -> 427
A34: Units Scrapped | B34: =SUMIFS('Receipt Summary'!H:H,'Receipt Summary'!A:A,"2026-03-09",'Receipt Summary'!D:D,"Parks") -> 2 | C34: =SUMIFS('Receipt Summary'!H:H,'Receipt Summary'!A:A,"2026-03-23",'Receipt Summary'!D:D,"Parks") -> 6 | D34: =SUMIFS('Receipt Summary'!H:H,'Receipt Summary'!A:A,"2026-03-30",'Receipt Summary'!D:D,"Parks") -> 7 | E34: =SUMIFS('Receipt Summary'!H:H,'Receipt Summary'!A:A,"2026-04-20",'Receipt Summary'!D:D,"Parks") -> 39 | F34: =SUMIFS('Receipt Summary'!H:H,'Receipt Summary'!A:A,"2026-05-04",'Receipt Summary'!D:D,"Parks") -> 4 | G34: =SUMIFS('Receipt Summary'!H:H,'Receipt Summary'!A:A,"2026-05-11",'Receipt Summary'!D:D,"Parks") -> 195 | H34: =SUMIFS('Receipt Summary'!H:H,'Receipt Summary'!A:A,"2026-05-28",'Receipt Summary'!D:D,"Parks") -> 0 | I34: =SUM(B34:H34) -> 253
A35: Rejection % | B35: =IFERROR(B34/B33,0) -> 0.13333333 | C35: =IFERROR(C34/C33,0) -> 0.27272727 | D35: =IFERROR(D34/D33,0) -> 0.46666667 | E35: =IFERROR(E34/E33,0) -> 0.33050847 | F35: =IFERROR(F34/F33,0) -> 0.13333333 | G35: =IFERROR(G34/G33,0) -> 0.88636364 | H35: =IFERROR(H34/H33,0) -> 0 | I35: =IFERROR(I34/I33,0) -> 0.59250585
A38: TOP 5 MOST RECURRING DEFECTS (by total count, all parts combined)
A39: Rank | B39: Defect (canonical) | C39: Martins count | D39: Parks count | E39: Total count | F39: % of all scrap
A40: 1 | B40: Critical Mesentery Hole/Laceration (>0.5") | C40: =SUMIFS('Master Data'!I:I,'Master Data'!E:E,"Martins",'Master Data'!H:H,B40) -> 171 | D40: =SUMIFS('Master Data'!I:I,'Master Data'!E:E,"Parks",'Master Data'!H:H,B40) -> 218 | E40: =C40+D40 -> 389 | F40: =IFERROR(E40/SUMIFS('Master Data'!I:I,'Master Data'!H:H,"<>(no defects recorded)"),0) -> 0.62640902
A41: 2 | B41: Urethra Laceration (exposing internal) | C41: =SUMIFS('Master Data'!I:I,'Master Data'!E:E,"Martins",'Master Data'!H:H,B41) -> 66 | D41: =SUMIFS('Master Data'!I:I,'Master Data'!E:E,"Parks",'Master Data'!H:H,B41) -> 9 | E41: =C41+D41 -> 75 | F41: =IFERROR(E41/SUMIFS('Master Data'!I:I,'Master Data'!H:H,"<>(no defects recorded)"),0) -> 0.12077295
A42: 3 | B42: Blood Clot | C42: =SUMIFS('Master Data'!I:I,'Master Data'!E:E,"Martins",'Master Data'!H:H,B42) -> 60 | D42: =SUMIFS('Master Data'!I:I,'Master Data'!E:E,"Parks",'Master Data'!H:H,B42) -> 1 | E42: =C42+D42 -> 61 | F42: =IFERROR(E42/SUMIFS('Master Data'!I:I,'Master Data'!H:H,"<>(no defects recorded)"),0) -> 0.098228663
A43: 4 | B43: Bladder Length Undersize | C43: =SUMIFS('Master Data'!I:I,'Master Data'!E:E,"Martins",'Master Data'!H:H,B43) -> 42 | D43: =SUMIFS('Master Data'!I:I,'Master Data'!E:E,"Parks",'Master Data'!H:H,B43) -> 0 | E43: =C43+D43 -> 42 | F43: =IFERROR(E43/SUMIFS('Master Data'!I:I,'Master Data'!H:H,"<>(no defects recorded)"),0) -> 0.06763285
A44: 5 | B44: Bladder Laceration (exposing internal) | C44: =SUMIFS('Master Data'!I:I,'Master Data'!E:E,"Martins",'Master Data'!H:H,B44) -> 20 | D44: =SUMIFS('Master Data'!I:I,'Master Data'!E:E,"Parks",'Master Data'!H:H,B44) -> 0 | E44: =C44+D44 -> 20 | F44: =IFERROR(E44/SUMIFS('Master Data'!I:I,'Master Data'!H:H,"<>(no defects recorded)"),0) -> 0.032206119
A46: Note: 'Mesentery Length from Bladder Neck (≤7")' is a NEW SPEC effective 2026-03-30 and a dominant Parks defect — trajectory matters more than cumulative count.

Sheet Slaughterhouse IQC
A1: Slaughterhouse IQC — Post-Harvest / Pre-Freeze Inspections
A2: Post-harvest inspections performed at the slaughterhouse by an ATM inspector, BEFORE freeze. These are the earliest quality gate in the tissue supply chain. The ATM receipt inspections (every other sheet in this workbook) happen AFTER freeze/thaw and capture a superset of damage modes. Batch/lot numbers shown here correspond — not always exactly — to lots that appear later in the ATM data. See 'SH → ATM Yield Comparison' section below for stage-to-stage reconciliation.
A4: INSPECTION METADATA
A5: Visit | B5: Harvest dates | C5: Slaughterhouse | D5: Inspector | E5: SH Tech | F5: Intact lot | G5: Non-intact lot | H5: Intact PN | I5: Non-intact PN
A6: Visit 1 | B6: 2026-04-13 & 2026-04-15 | C6: Martins | D6: Toni Cruz | E6: Jesus | F6: 5502378434 | G6: 5502378430 | H6: 666541 | I6: 666506
A7: Visit 2 | B7: 2026-04-20 & 2026-04-22 | C7: Martins | D7: Toni Cruz | E7: Jesus | F7: 5502391862 | G7: 5502391858 | H7: 666541 | I7: 666506
A8: Visit 3 | B8: 2026-05-04 & 2026-05-06 | C8: Martins | D8: Toni Cruz | E8: Jesus | F8: 5502404928 | G8: 5502404924 | H8: 666541 | I8: 666506
A9: Visit 4 | B9: 2026-05-18 & 2026-05-21 | C9: Martins | D9: Toni Cruz | E9: Jesus | F9: 5502421192 | G9: 5502421188 | H9: 666541 | I9: 666506
A10: Visit 5 | B10: 2026-05-27 | C10: Martins | D10: Toni Cruz | E10: Jesus | F10: 5502421192 | G10: (none collected) | H10: 666541 | I10: —
A11: Visit 6 | B11: 2026-05-28 | C11: Parks Family Meats | D11: Rasmin Mujanovic | E11: Natalie | F11: (no batch data) | G11: — | H11: 666518 | I11: —
A12: Visit 7 | B12: 2026-06-01 & 2026-06-03 | C12: Martins | D12: Toni Cruz | E12: Jesus | F12: 5502428786 | G12: 5502428782 | H12: 666541 | I12: 666506
A13: Visit 8 | B13: 2026-06-02 | C13: Parks Family Meats | D13: Rasmin Mujanovic | E13: Natalie | F13: (no batch data) | G13: — | H13: 666518 | I13: —
A14: Visit 9 | B14: 2026-06-08 | C14: Martins | D14: Toni Cruz | E14: Jesus | F14: 5502428786 | G14: 5502428782 | H14: 666541 | I14: 666506
A15: Visit 10 | B15: 2026-06-15 | C15: Martins | D15: Toni Cruz | E15: Jesus | F15: 5502462845 | G15: 5502462842 | H15: 666541 | I15: 666506
A16: Visit 11 | B16: 2026-06-16 | C16: Parks Family Meats | D16: Rasmin Mujanovic | E16: Natalie | F16: (no batch data) | G16: — | H16: 666518 | I16: —
... A24: Visit 19 | B24: 2026-07-13 | C24: Parks Family Meats | D24: Rasmin Mujanovic | E24: Natalie | F24: (no batch data) | G24: — | H24: 666518 | I24: —
A26: RAW INSPECTION DATA (per harvest date × lot × condition)
A27: Harvest Date | B27: Slaughterhouse | C27: Lot | D27: PN | E27: Condition | F27: Part Description | G27: # Inspected | H27: # Pass | I27: # Fail | J27: First Pass Yield | K27: Scrap Reason | L27: Inspector / SH Tech
A28: 2026-04-13 | B28: Martins | C28: 5502378434 | D28: 666541 | E28: Intact | F28: Tiss, porcine, fem, Pelvic block, intact | G28: 48 | H28: 47 | I28: 1 | J28: =IFERROR(H28/G28,0) | K28: 1 hole in bowel; 1 label marked for thin area in bowel | L28: Toni Cruz / Jesus
A29: 2026-04-15 | B29: Martins | C29: 5502378434 | D29: 666541 | E29: Intact | F29: Tiss, porcine, fem, Pelvic block, intact | G29: 17 | H29: 13 | I29: 4 | J29: =IFERROR(H29/G29,0) | K29: 2 blood clots (moved to non-intact); 2 scrapped for cut in urethra | L29: Toni Cruz / Jesus
A30: 2026-04-13 | B30: Martins | C30: 5502378430 | D30: 666506 | E30: Non-intact | F30: Tiss, porcine, fem, Pelvic block, non-intact | G30: 3 | H30: 3 | I30: 0 | J30: =IFERROR(H30/G30,0) | K30: 3 labels used for thin area in bowel (ran out of labels) | L30: Toni Cruz / Jesus
A31: 2026-04-15 | B31: Martins | C31: 5502378430 | D31: 666506 | E31: Non-intact | F31: Tiss, porcine, fem, Pelvic block, non-intact | G31: 4 | H31: 4 | I31: 0 | J31: =IFERROR(H31/G31,0) | L31: Toni Cruz / Jesus
A32: 2026-04-20 | B32: Martins | C32: 5502391862 | D32: 666541 | E32: Intact | F32: Tiss, porcine, fem, Pelvic block, intact | G32: 0 | H32: 0 | I32: 0 | J32: =IFERROR(H32/G32,0) | K32: Ran out of time (bagging set for later; SH tech start time changed to 8:00–4:30 PM) | L32: Toni Cruz / Jesus
A33: 2026-04-22 | B33: Martins | C33: 5502391862 | D33: 666541 | E33: Intact | F33: Tiss, porcine, fem, Pelvic block, intact | G33: 57 | H33: 56 | I33: 1 | J33: =IFERROR(H33/G33,0) | K33: 1 damaged bowel | L33: Toni Cruz / Jesus
A34: 2026-04-20 | B34: Martins | C34: 5502391858 | D34: 666506 | E34: Non-intact | F34: Tiss, porcine, fem, Pelvic block, non-intact | G34: 31 | H34: 29 | I34: 2 | J34: =IFERROR(H34/G34,0) | K34: 2 damaged after cleaning | L34: Toni Cruz / Jesus
A35: 2026-04-22 | B35: Martins | C35: 5502391858 | D35: 666506 | E35: Non-intact | F35: Tiss, porcine, fem, Pelvic block, non-intact | G35: 21 | H35: 19 | I35: 2 | J35: =IFERROR(H35/G35,0) | K35: 2 damaged bowel | L35: Toni Cruz / Jesus
A36: 2026-05-04 | B36: Martins | C36: 5502404928 | D36: 666541 | E36: Intact | F36: Tiss, porcine, fem, Pelvic block, intact | G36: 37 | H36: 36 | I36: 1 | J36: =IFERROR(H36/G36,0) | K36: 1 damaged urethra | L36: Toni Cruz / Jesus
A37: 2026-05-06 | B37: Martins | C37: 5502404928 | D37: 666541 | E37: Intact | F37: Tiss, porcine, fem, Pelvic block, intact | G37: 25 | H37: 22 | I37: 3 | J37: =IFERROR(H37/G37,0) | K37: 3 damaged urethra | L37: Toni Cruz / Jesus
A38: 2026-05-04 | B38: Martins | C38: 5502404924 | D38: 666506 | E38: Non-intact | F38: Tiss, porcine, fem, Pelvic block, non-intact | G38: 16 | H38: 13 | I38: 3 | J38: =IFERROR(H38/G38,0) | K38: 3 damaged urethra | L38: Toni Cruz / Jesus
A39: 2026-05-06 | B39: Martins | C39: 5502404924 | D39: 666506 | E39: Non-intact | F39: Tiss, porcine, fem, Pelvic block, non-intact | G39: 29 | H39: 28 | I39: 1 | J39: =IFERROR(H39/G39,0) | K39: 1 small bladder | L39: Toni Cruz / Jesus
A40: 2026-05-18 | B40: Martins | C40: 5502421192 | D40: 666541 | E40: Intact | F40: Tiss, porcine, fem, Pelvic block, intact | G40: 62 | H40: 58 | I40: 4 | J40: =IFERROR(H40/G40,0) | K40: 3 cut urethra; 1 short block | L40: Toni Cruz / Jesus
A41: 2026-05-21 | B41: Martins | C41: 5502421192 | D41: 666541 | E41: Intact | F41: Tiss, porcine, fem, Pelvic block, intact | G41: 31 | H41: 29 | I41: 2 | J41: =IFERROR(H41/G41,0) | K41: 2 cut urethra | L41: Toni Cruz / Jesus
A42: 2026-05-18 | B42: Martins | C42: 5502421188 | D42: 666506 | E42: Non-intact | F42: Tiss, porcine, fem, Pelvic block, non-intact | G42: 43 | H42: 42 | I42: 1 | J42: =IFERROR(H42/G42,0) | K42: 1 deformed ligaments clumped together | L42: Toni Cruz / Jesus
A43: 2026-05-21 | B43: Martins | C43: 5502421188 | D43: 666506 | E43: Non-intact | F43: Tiss, porcine, fem, Pelvic block, non-intact | G43: 30 | H43: 29 | I43: 1 | J43: =IFERROR(H43/G43,0) | K43: 1 damaged membrane and ureter | L43: Toni Cruz / Jesus
... A45: 2026-05-28 | B45: Parks Family Meats | C45: (no batch data) | D45: 666518 | E45: Intact | F45: Tiss, porcine, fem, Pelvic block, intact, SM | G45: 16 | H45: 11 | I45: 5 | J45: =IFERROR(H45/G45,0) | K45: 4 mesentery length too short in critical zone; 1 bladder damage (internals exposed) | L45: Rasmin Mujanovic / Natalie
A46: 2026-06-01 | B46: Martins | C46: 5502428786 | D46: 666541 | E46: Intact | F46: Tiss, porcine, fem, Pelvic block, intact | G46: 9 | H46: 9 | I46: 0 | J46: =IFERROR(H46/G46,0) | L46: Toni Cruz / Jesus
A47: 2026-06-03 | B47: Martins | C47: 5502428786 | D47: 666541 | E47: Intact | F47: Tiss, porcine, fem, Pelvic block, intact | G47: 45 | H47: 43 | I47: 2 | J47: =IFERROR(H47/G47,0) | K47: 2 scrapped urethra | L47: Toni Cruz / Jesus
A48: 2026-06-01 | B48: Martins | C48: 5502428782 | D48: 666506 | E48: Non-intact | F48: Tiss, porcine, fem, Pelvic block, non-intact | G48: 7 | H48: 7 | I48: 0 | J48: =IFERROR(H48/G48,0) | L48: Toni Cruz / Jesus
A49: 2026-06-03 | B49: Martins | C49: 5502428782 | D49: 666506 | E49: Non-intact | F49: Tiss, porcine, fem, Pelvic block, non-intact | G49: 29 | H49: 29 | I49: 0 | J49: =IFERROR(H49/G49,0) | L49: Toni Cruz / Jesus
A50: 2026-06-02 | B50: Parks Family Meats | C50: (no batch data) | D50: 666518 | E50: Intact | F50: Tiss, porcine, fem, Pelvic block, intact, SM | G50: 7 | H50: 7 | I50: 0 | J50: =IFERROR(H50/G50,0) | L50: Rasmin Mujanovic / Natalie
A51: 2026-06-08 | B51: Martins | C51: 5502428786 | D51: 666541 | E51: Intact | F51: Tiss, porcine, fem, Pelvic block, intact | G51: 17 | H51: 16 | I51: 1 | J51: =IFERROR(H51/G51,0) | K51: 1 cut urethra | L51: Toni Cruz / Jesus
A52: 2026-06-08 | B52: Martins | C52: 5502428782 | D52: 666506 | E52: Non-intact | F52: Tiss, porcine, fem, Pelvic block, non-intact | G52: 13 | H52: 12 | I52: 1 | J52: =IFERROR(H52/G52,0) | K52: 1 short block | L52: Toni Cruz / Jesus
A53: 2026-06-15 | B53: Martins | C53: 5502462845 | D53: 666541 | E53: Intact | F53: Tiss, porcine, fem, Pelvic block, intact | G53: 31 | H53: 30 | I53: 1 | J53: =IFERROR(H53/G53,0) | K53: 1 damaged bowel (source had two intact tally lines: 13/12/1 + 18/18/0, combined here) | L53: Toni Cruz / Jesus
A54: 2026-06-16 | B54: Parks Family Meats | C54: (no batch data) | D54: 666518 | E54: Intact | F54: Tiss, porcine, fem, Pelvic block, intact, SM | G54: 16 | H54: 14 | I54: 2 | J54: =IFERROR(H54/G54,0) | K54: 1 bladder hole; 1 ureter damage (many blocks failed upstream from miscuts during removal — see notes) | L54: Rasmin Mujanovic / Natalie
A55: 2026-06-24 | B55: Martins | C55: 5502462845 | D55: 666541 | E55: Intact | F55: Tiss, porcine, fem, Pelvic block, intact | G55: 34 | H55: 30 | I55: 4 | J55: =IFERROR(H55/G55,0) | K55: 1 damaged bladder; 3 damaged membrane | L55: Toni Cruz / Jesus
A56: 2026-06-22 | B56: Parks Family Meats | C56: (no batch data) | D56: 666518 | E56: Intact | F56: Tiss, porcine, fem, Pelvic block, intact, SM | G56: 36 | H56: 31 | I56: 5 | J56: =IFERROR(H56/G56,0) | K56: 1 bladder hole; 2 critical-area lacerations; 2 short blocks | L56: Rasmin Mujanovic / Natalie
A57: 2026-06-25 | B57: Parks Family Meats | C57: (no batch data) | D57: 666518 | E57: Intact | F57: Tiss, porcine, fem, Pelvic block, intact, SM | G57: 19 | H57: 16 | I57: 3 | J57: =IFERROR(H57/G57,0) | K57: 1 bladder hole; 1 ureter laceration; 1 short block | L57: Rasmin Mujanovic / Natalie
A58: 2026-06-29 | B58: Martins | C58: 5502471460 | D58: 666541 | E58: Intact | F58: Tiss, porcine, fem, Pelvic block, intact | G58: 16 | H58: 16 | I58: 0 | J58: =IFERROR(H58/G58,0) | L58: Toni Cruz / Jesus
A59: 2026-06-29 | B59: Martins | C59: 5502471457 | D59: 666506 | E59: Non-intact | F59: Tiss, porcine, fem, Pelvic block, non-intact | G59: 4 | H59: 4 | I59: 0 | J59: =IFERROR(H59/G59,0) | L59: Toni Cruz / Jesus
A60: 2026-06-29 | B60: Parks Family Meats | C60: (no batch data) | D60: 666518 | E60: Intact | F60: Tiss, porcine, fem, Pelvic block, intact, SM | G60: 50 | H60: 38 | I60: 12 | J60: =IFERROR(H60/G60,0) | K60: 2 damaged during bowel cleaning (bowel blockage burst); 2 short blocks; 1 critical-area laceration; 7 urethra/bladder lacerations (cuts near template edge) | L60: Rasmin Mujanovic / Natalie
A61: 2026-07-06 | B61: Martins | C61: 5502471460 | D61: 666541 | E61: Intact | F61: Tiss, porcine, fem, Pelvic block, intact | G61: 12 | H61: 11 | I61: 1 | J61: =IFERROR(H61/G61,0) | K61: 1 damaged urethra | L61: Toni Cruz / Jesus
A62: 2026-07-06 | B62: Martins | C62: 5502471457 | D62: 666506 | E62: Non-intact | F62: Tiss, porcine, fem, Pelvic block, non-intact | G62: 10 | H62: 9 | I62: 1 | J62: =IFERROR(H62/G62,0) | K62: 1 membrane damage larger than 1.5" | L62: Toni Cruz / Jesus
A63: 2026-07-13 | B63: Martins | C63: 5502495107 | D63: 666541 | E63: Intact | F63: Tiss, porcine, fem, Pelvic block, intact | G63: 38 | H63: 36 | I63: 2 | J63: =IFERROR(H63/G63,0) | K63: 1 damaged membrane; 1 damaged bladder | L63: Toni Cruz / Jesus
A64: 2026-07-13 | B64: Martins | C64: 5502495104 | D64: 666506 | E64: Non-intact | F64: Tiss, porcine, fem, Pelvic block, non-intact | G64: 14 | H64: 14 | I64: 0 | J64: =IFERROR(H64/G64,0) | L64: Toni Cruz / Jesus
A65: 2026-07-13 | B65: Parks Family Meats | C65: (no batch data) | D65: 666518 | E65: Intact | F65: Tiss, porcine, fem, Pelvic block, intact, SM | G65: 34 | H65: 29 | I65: 5 | J65: =IFERROR(H65/G65,0) | K65: 2 damaged during bowel cleaning (bowel blockage burst); 3 short blocks (smaller pigs) | L65: Rasmin Mujanovic / Natalie
A67: BATCH-LEVEL ROLLUP (aggregated across harvest dates)
A68: Lot | B68: PN | C68: Condition | D68: Slaughterhouse | E68: Harvest Dates | F68: # Inspected | G68: # Pass | H68: # Fail | I68: First Pass Yield
A69: 5502378430 | B69: 666506 | C69: Non-intact | D69: Martins | E69: 2026-04-13 & 2026-04-15 | F69: 7 | G69: 7 | H69: 0 | I69: =IFERROR(G69/F69,0)
A70: 5502378434 | B70: 666541 | C70: Intact | D70: Martins | E70: 2026-04-13 & 2026-04-15 | F70: 65 | G70: 60 | H70: 5 | I70: =IFERROR(G70/F70,0)
A71: 5502391858 | B71: 666506 | C71: Non-intact | D71: Martins | E71: 2026-04-20 & 2026-04-22 | F71: 52 | G71: 48 | H71: 4 | I71: =IFERROR(G71/F71,0)
A72: 5502391862 | B72: 666541 | C72: Intact | D72: Martins | E72: 2026-04-20 & 2026-04-22 | F72: 57 | G72: 56 | H72: 1 | I72: =IFERROR(G72/F72,0)
A73: 5502404924 | B73: 666506 | C73: Non-intact | D73: Martins | E73: 2026-05-04 & 2026-05-06 | F73: 45 | G73: 41 | H73: 4 | I73: =IFERROR(G73/F73,0)
A74: 5502404928 | B74: 666541 | C74: Intact | D74: Martins | E74: 2026-05-04 & 2026-05-06 | F74: 62 | G74: 58 | H74: 4 | I74: =IFERROR(G74/F74,0)
A75: 5502421188 | B75: 666506 | C75: Non-intact | D75: Martins | E75: 2026-05-18 & 2026-05-21 | F75: 73 | G75: 71 | H75: 2 | I75: =IFERROR(G75/F75,0)
A76: 5502421192 | B76: 666541 | C76: Intact | D76: Martins | E76: 2026-05-18 & 2026-05-21 | F76: 93 | G76: 87 | H76: 6 | I76: =IFERROR(G76/F76,0)
A77: 5502421192 | B77: 666541 | C77: Intact | D77: Martins | E77: 2026-05-27 | F77: 39 | G77: 36 | H77: 3 | I77: =IFERROR(G77/F77,0)
A78: (no batch data) | B78: 666518 | C78: Intact | D78: Parks Family Meats | E78: 2026-05-28 | F78: 16 | G78: 11 | H78: 5 | I78: =IFERROR(G78/F78,0)
A79: 5502428786 | B79: 666541 | C79: Intact | D79: Martins | E79: 2026-06-01 & 2026-06-03 | F79: 54 | G79: 52 | H79: 2 | I79: =IFERROR(G79/F79,0)
A80: 5502428782 | B80: 666506 | C80: Non-intact | D80: Martins | E80: 2026-06-01 & 2026-06-03 | F80: 36 | G80: 36 | H80: 0 | I80: =IFERROR(G80/F80,0)
... A96: (no batch data) | B96: 666518 | C96: Intact | D96: Parks Family Meats | E96: 2026-07-13 | F96: 34 | G96: 29 | H96: 5 | I96: =IFERROR(G96/F96,0)
A97: TOTAL | F97: =SUM(F69:F96) | G97: =SUM(G69:G96) | H97: =SUM(H69:H96) | I97: =IFERROR(G97/F97,0)
A99: SH → ATM YIELD COMPARISON (stage-to-stage reconciliation where both exist)
A100: Lot | B100: PN | C100: SH # Inspected | D100: SH # Pass | E100: SH Yield | F100: ATM # Received | G100: ATM # Accepted | H100: ATM Yield | I100: Pass → Received Δ | J100: Stage-to-stage note
A101: 5502378434 | B101: 666541 | C101: 65 | D101: 60 | E101: =IFERROR(D101/C101,0) | F101: =SUMIFS('Receipt Summary'!F:F,'Receipt Summary'!E:E,A101) | G101: =SUMIFS('Receipt Summary'!G:G,'Receipt Summary'!E:E,A101) | H101: =IFERROR(G101/F101,0) | I101: =D101-F101 | J101: SH passed 60 intact units; ATM received 20 on 2026-04-20 (all accepted). Remaining 40 units unaccounted for in this dataset — likely still in freezer or allocated to a later ATM receipt.
A102: 5502378430 | B102: 666506 | C102: 7 | D102: 7 | E102: =IFERROR(D102/C102,0) | F102: =SUMIFS('Receipt Summary'!F:F,'Receipt Summary'!E:E,A102) | G102: =SUMIFS('Receipt Summary'!G:G,'Receipt Summary'!E:E,A102) | H102: =IFERROR(G102/F102,0) | I102: =D102-F102 | J102: 666506 (non-intact) is not tracked in the ATM dataset. Stage-to-stage comparison not possible from current data.
A103: 5502391862 | B103: 666541 | C103: 57 | D103: 56 | E103: =IFERROR(D103/C103,0) | F103: =SUMIFS('Receipt Summary'!F:F,'Receipt Summary'!E:E,A103) | G103: =SUMIFS('Receipt Summary'!G:G,'Receipt Summary'!E:E,A103) | H103: =IFERROR(G103/F103,0) | I103: =D103-F103 | J103: Now appears at ATM: 35 units received 05-11 (all accepted) plus 98 received 05-28 (all accepted) = 133 received / 133 accepted (100% ATM acceptance). SH sampled 57, passed 56. Both ATM receipts cleared with zero scrap — a strong stage-to-stage hold for this lot.
A104: 5502391858 | B104: 666506 | C104: 52 | D104: 48 | E104: =IFERROR(D104/C104,0) | F104: =SUMIFS('Receipt Summary'!F:F,'Receipt Summary'!E:E,A104) | G104: =SUMIFS('Receipt Summary'!G:G,'Receipt Summary'!E:E,A104) | H104: =IFERROR(G104/F104,0) | I104: =D104-F104 | J104: 666506 not tracked at ATM. No stage-to-stage comparison available.
A105: 5502404928 | B105: 666541 | C105: 62 | D105: 58 | E105: =IFERROR(D105/C105,0) | F105: =SUMIFS('Receipt Summary'!F:F,'Receipt Summary'!E:E,A105) | G105: =SUMIFS('Receipt Summary'!G:G,'Receipt Summary'!E:E,A105) | H105: =IFERROR(G105/F105,0) | I105: =D105-F105 | J105: Now appears at ATM: 172 received 05-28, 167 accepted (97.1% ATM acceptance). SH sampled 62, passed 58 (93.5%). ATM scrap was 4 urethra lacerations + 1 critical mesentery, echoing the Visit 3 urethra pattern. The SH figure is a small sample, so read the SH-vs-ATM yield gap as indicative only.
A106: 5502404924 | B106: 666506 | C106: 45 | D106: 41 | E106: =IFERROR(D106/C106,0) | F106: =SUMIFS('Receipt Summary'!F:F,'Receipt Summary'!E:E,A106) | G106: =SUMIFS('Receipt Summary'!G:G,'Receipt Summary'!E:E,A106) | H106: =IFERROR(G106/F106,0) | I106: =D106-F106 | J106: 666506 not tracked at ATM. No stage-to-stage comparison available.
A107: 5502421192 | B107: 666541 | C107: 93 | D107: 87 | E107: =IFERROR(D107/C107,0) | F107: =SUMIFS('Receipt Summary'!F:F,'Receipt Summary'!E:E,A107) | G107: =SUMIFS('Receipt Summary'!G:G,'Receipt Summary'!E:E,A107) | H107: =IFERROR(G107/F107,0) | I107: =D107-F107 | J107: Newly harvested 05/18 & 05/21. Expected at ATM in coming weeks. SH yield 93.5% (87/93).
A108: 5502421188 | B108: 666506 | C108: 73 | D108: 71 | E108: =IFERROR(D108/C108,0) | F108: =SUMIFS('Receipt Summary'!F:F,'Receipt Summary'!E:E,A108) | G108: =SUMIFS('Receipt Summary'!G:G,'Receipt Summary'!E:E,A108) | H108: =IFERROR(G108/F108,0) | I108: =D108-F108 | J108: 666506 not tracked at ATM. No stage-to-stage comparison available.
A109: 5502428786 | B109: 666541 | C109: 54 | D109: 52 | E109: =IFERROR(D109/C109,0) | F109: =SUMIFS('Receipt Summary'!F:F,'Receipt Summary'!E:E,A109) | G109: =SUMIFS('Receipt Summary'!G:G,'Receipt Summary'!E:E,A109) | H109: =IFERROR(G109/F109,0) | I109: =D109-F109 | J109: Newly harvested 06/01 & 06/03. Not yet at ATM; expected in coming weeks.
A110: 5502428782 | B110: 666506 | C110: 36 | D110: 36 | E110: =IFERROR(D110/C110,0) | F110: =SUMIFS('Receipt Summary'!F:F,'Receipt Summary'!E:E,A110) | G110: =SUMIFS('Receipt Summary'!G:G,'Receipt Summary'!E:E,A110) | H110: =IFERROR(G110/F110,0) | I110: =D110-F110 | J110: 666506 (non-intact) is not tracked at ATM. No stage-to-stage comparison.
A111: 5502462845 | B111: 666541 | C111: 31 | D111: 30 | E111: =IFERROR(D111/C111,0) | F111: =SUMIFS('Receipt Summary'!F:F,'Receipt Summary'!E:E,A111) | G111: =SUMIFS('Receipt Summary'!G:G,'Receipt Summary'!E:E,A111) | H111: =IFERROR(G111/F111,0) | I111: =D111-F111 | J111: Newly harvested 06/15. SH sampled 31 intact, passed 30 (96.8%). Lot # reappears on the 06/24 tally (34 inspected / 30 passed) — recorded as a separate Visit 12, likely a tally-sheet lot carry-over (see notes). Not yet at ATM; expected in coming weeks.
A112: 5502471460 | B112: 666541 | C112: 16 | D112: 16 | E112: =IFERROR(D112/C112,0) | F112: =SUMIFS('Receipt Summary'!F:F,'Receipt Summary'!E:E,A112) | G112: =SUMIFS('Receipt Summary'!G:G,'Receipt Summary'!E:E,A112) | H112: =IFERROR(G112/F112,0) | I112: =D112-F112 | J112: Newly harvested 06/29. SH sampled 16 intact, all passed (100%). Lot # reused on the 07/06 tally (12 inspected / 11 passed) — recorded as a separate Visit 17, likely a tally-sheet lot carry-over. Not yet at ATM; expected in coming weeks.
A113: 5502495107 | B113: 666541 | C113: 38 | D113: 36 | E113: =IFERROR(D113/C113,0) | F113: =SUMIFS('Receipt Summary'!F:F,'Receipt Summary'!E:E,A113) | G113: =SUMIFS('Receipt Summary'!G:G,'Receipt Summary'!E:E,A113) | H113: =IFERROR(G113/F113,0) | I113: =D113-F113 | J113: Newly harvested 07/13. SH sampled 38 intact, passed 36 (94.7%). Not yet at ATM; expected in coming weeks.
A115: NOTES ON INTERPRETATION & DATA QUALITY
A116: 1. 666506 = non-intact | B116: In the source tally sheets, PN 666541 is labeled 'intact' and PN 666506 is labeled 'Non intact'. Scrap reasons include phrases like '2 blood clots, moved to non intact', suggesting 666506 is a downgrade/recovery spec rather than an independent product line. Confirm with Quality before relying on this interpretation.
A117: 2. Different lot suffixes for intact vs non-intact | B117: Intact and non-intact batches from the same kill day carry DIFFERENT lot numbers (e.g. Visit 1: 5502378434 intact / 5502378430 non-intact; Visit 3: 5502404928 intact / 5502404924 non-intact). The prefix ties them to the same kill but they are tracked separately. This is what 'same batch number but not exactly' refers to.
A118: 3. 'Ran out of time' event on 04/20 | B118: Lot 5502391862 intact had zero units inspected on 04/20 due to a schedule conflict (bagging set later, SH tech start time changed to 8:00–4:30 PM). 57 units from that lot were inspected on 04/22 instead. Process note, not a quality signal — but if it recurs, sampling discipline at the slaughterhouse is worth revisiting.
A119: 4. 'Damaged urethra' dominates Visit 3 | B119: On Visit 3 (05/04 + 05/06), 7 of 8 failures across both intact and non-intact were 'damaged urethra' — a sharp departure from prior visits, where bowel-related defects dominated. Worth checking whether harvest technique or tooling changed, or whether the long pre-inspection wait on 05/04 (see next note) contributed.
A120: 5. Long truck wait on 05/04 (Visit 3) | B120: Source tally-sheet notes record: 'Monday 05/04 waited 2 hour for truck to deliver at 10:15 am. Had almost 3 hours of waiting.' Tissue sitting longer pre-inspection plausibly correlates with the urethra-damage spike that day. Worth tagging future inspections with delivery time so this can be analyzed quantitatively.
A121: 6. Source file typos | B121: Source tally sheets carry '25026' instead of '2026' in the Date and Kill Date fields (Harvest Date is correct). Not reflected here — clean dates used throughout. One-line correction in the tally-sheet template would fix it going forward.
A122: 7. Stage-to-stage scope | B122: Three lots now have BOTH SH and ATM data: 5502378434, 5502391862, and 5502404928. The 666506 non-intact lots remain untracked at ATM. As lots accumulate, the SH-vs-ATM yield gap is the cleanest available proxy for freeze/thaw/transport damage.
A123: 8. Nineteen inspection visits so far | B123: Nineteen inspection visits so far. Twelve at Martins (Visits 1–5, 7, 9, 10, 12, 15, 17, 18) and seven at Parks (Visits 6, 8, 11, 13, 14, 16, 19). To extend, append new visit metadata, raw-data rows, and rollup rows; the TOTAL and SH→ATM sections then need refreshing.
A124: 9. Lot 5502421192 reused on the 05/27 sheet | B124: The 05/27 Martins tally sheet records the intact lot as 5502421192 — identical to Visit 4's intact lot (harvested 05/18 & 05/21). A single fresh lot spanning 05/18–05/27 is unlikely, so this is probably a tally-sheet carry-over from the prior week's template. It is recorded here as a separate Visit 5 (harvest 05/27), NOT merged into Visit 4, pending confirmation of the true lot number with the SH.
A125: 10. New slaughterhouse & inspection team (Parks, 05/28) | B125: First SH-floor inspection at Parks Family Meats, with a new ATM inspector (Rasmin Mujanovic) and new SH tech (Natalie) vs. Toni Cruz / Jesus at Martins. Source PN was written 668518 and normalized to 666518 (per the workbook's typo convention). No batch/lot was recorded ('no batch data'), so this visit has no SH→ATM link, and the related Parks ATM lot 5502428883 (7 received / 7 scrapped, 'before our visit') has no SH-floor counterpart here. Date taken from the source date field (05/28); the carried-over note text mentioning '5/27' and non-intact labels does not apply to this intact-only Parks visit.
A126: 11. Visit 7 harvest-date split (06/01 vs 06/03) | B126: The 06/01 & 06/03 Martins tally sheet did not label which counts belong to which day. Based on the note that 06/01 finished early (truck no-show, cleanup 1pm), the smaller counts were assigned to 06/01 (9 intact, 7 non-intact) and the larger to 06/03 (45 intact, 29 non-intact), placing the 2 urethra scraps on 06/03. Flip the two raw rows if the source intended otherwise — the batch-level rollup is identical either way.
A127: 12. New visits 7 (Martins) & 8 (Parks) | B127: Visit 7 adds intact lot 5502428786 and non-intact lot 5502428782 (Martins). Visit 8 is the second Parks visit (intact-only, no batch/lot; PN normalized 668518 → 666518). The Parks visit date 06/02 is the cached value of a volatile =NOW()-1 field on the source sheet, so it is nominal. One non-intact Martins row (29 inspected) had a blank pass cell on the source; recorded as 29 pass since fail = 0.
... A134: 19. Visit 19 (Parks) harvest-date ambiguity | B134: The source file is named “PARKS_0713” (→ 07/13), was sent as a most-recent inspection, and a Martins 07/13 sheet arrived in the same batch — so Visit 19 is recorded as harvest 07/13/2026. However, all three internal date fields on that sheet (Date, Kill, Harvest) read 06/13/2026, likely a month typo. If 06/13 was intended, flip Visit 19’s date; the counts (34/29/5) are unaffected either way.

Sheet SmartAssessment
A1: SmartAssessment — Pelvic Block Quality (Claude analysis)
A2: Author: Claude · Compiled 2026-06-26 · Scope: Slaughterhouse IQC visits 1–14 + ATM receipt data. These are working analyst notes and interpretation — verify with Quality before any external/supplier use.
A4: 1. OBJECTIVE (as understood)
A5: Root-cause pelvic-block defects to their point of origin UPSTREAM — before the harvesting tech consolidates the pelvic block, and ideally back to slaughter/evisceration (handling of the main tissue block and GI). Goal: raise HARVESTING FIRST-PASS YIELD = successful pelvic blocks consolidated ÷ main tissue blocks the harvesting tech receives. Active at BOTH suppliers: Parks (already engaged) and Martins (sampling defective pelvics and bringing them to ATM for evaluation/root-cause). This is a yield-improvement / root-cause program, not a supplier down-select.
A7: 2. THE QUALITY PIPELINE — WHERE YIELD IS LOST
A8: Stage model
A9: Stage 0 Upstream: slaughter + evisceration; handling of the main tissue block / GI. Stage 1 Harvesting: SH tech consolidates the pelvic block ← first major yield loss, today largely UNMEASURED. Stage 2 SH-floor IQC: our ATM inspector, PRE-freeze — this is the current '# Inspected / Pass / Fail'. Stage 3 Freeze. Stage 4 ATM receipt: POST-freeze — the gate tied to performance goals.
A10: Key gap
A11: The tally sheets only count blocks that REACH our SH inspector. Blocks lost during harvesting (miscuts before presentation) are NOT in the pass/fail counts. See Parks Visit 11 (06/16): '~100 pigs slaughtered, the majority of blocks failed BEFORE reaching IQC due to miscuts during block removal.' That upstream loss IS the harvesting first-pass yield this program targets — and it is currently invisible. RECOMMEND adding two fields to the tally template: (a) main blocks received by harvesting tech, (b) blocks rejected at harvesting before IQC. Then harvesting FPY can be computed instead of inferred from a note.
A13: 3. PARKS 05/11 CRITICAL-MESENTERY EVENT — ROOT-CAUSE SUCCESS STORY
A14: ATM receipt 05/11 (PN 666518): 220 received, 195 scrapped (88.6% rejection), of which 187 were critical mesentery holes/lacerations. This ONE event is 187 of Parks's 218 total critical-mesentery defects across the entire record — it dominates the Parks picture.
A15: Confirmed REAL (per Quality). Root cause: a harvesting cut that was dividing the mesentery from the block, plus bowel-area handling issues the slaughterhouse was unaware of. Corrected via training + monitoring; monthly verification calls ongoing.
... A37: 1. Add harvesting-FPY capture to the tally template (main blocks received; blocks rejected pre-IQC) so upstream loss is measured, not inferred. 2. Tag ATM scrap by stage-of-origin (harvesting vs freeze/thaw vs spec-drift); keep freeze/thaw small-lacerations out of the harvesting-FPY denominator. 3. Build a matched-lot SH→ATM tracker as more lots gain both stages — prioritize post-intervention Parks lots to verify the 05/11 fix holds through freeze/thaw. 4. Reconcile the 666506 / 'non-intact' naming vs the tighter-spec definition; once confirmed, update IQC note 1 and the README. 5. Continue monthly supplier calls; trend the residual Parks 'short block' / critical-zone signal and the Martins sampled-defect root-causes. 6. When Tableau ATM data lands, link defect categories to stage-of-origin in the new batch-less sheet.

Sheet ATM_Scrap_TableuData
A1: ATM Scrap — Tableau Data (post-freeze / thaw)
A2: Source: Tableau “Top 5 Part” scrap views, June 2026. ATM = receipt inspection AFTER freeze/thaw (product sits frozen ~1–1.5 months), so this month reflects SH harvest from roughly late-April to late-May. No batch/lot numbers in the ATM feed, so cross-stage links are by time-window + part only. Values read from the two charts.
A4: WEEKLY SCRAP % TREND — JUNE 2026
A5: Week (ATM receipt) | B5: 666541 Scrap % | C5: 666506 Scrap % | D5: Goal
A6: 5/25 | B6: 0.25 | D6: 0.05
A7: 6/1 | B7: 0.063 | C7: 0 | D7: 0.05
A8: 6/8 | B8: 0.074 | C8: 0 | D8: 0.05
A9: 6/15 | B9: 0.032 | C9: 0 | D9: 0.05
A10: 6/22 | B10: 0.032 | C10: 0.014 | D10: 0.05
A11: 6/29 | B11: 0 | C11: 0 | D11: 0.05
A13: OVERALL SCRAP % BY PART — JUNE 2026
A14: Part | B14: Description | C14: June Scrap % | D14: vs 5% Goal
A15: 666541 | B15: DV Tech Pelvic Block (F), intact — performance-goal part | C15: 0.046 | D15: Under (0.4 pt below goal)
A16: 666506 | B16: Pelvic Block, non-intact — tighter spec | C16: 0.004 | D16: Under
A18: STAGE-TO-STAGE LAG CORRELATION (ATM week ← SH harvest ~4–6 weeks earlier)
A19: Directional only: ATM is weekly, SH visits are sporadic, and there is no lot linkage. SH 666541 scrap below is from the Martins intact rows on the Slaughterhouse IQC tab for the matching harvest window.
A20: ATM week | B20: ATM 666541 scrap | C20: SH harvest window | D20: SH 666541 scrap (Martins)
A21: 5/25 | B21: 0.25 | C21: ~4/13–4/22 | D21: 4.9% blended — 4/15 visit spiked to 23.5%
A22: 6/1 | B22: 0.063 | C22: ~4/20–4/29 | D22: 1.8% (4/22)
A23: 6/8 | B23: 0.074 | C23: ~4/27–5/6 | D23: 6.5% (5/4 + 5/6; 5/6 = 12.0%)
A24: 6/15 | B24: 0.032 | C24: ~5/4–5/13 | D24: 6.5% (5/6 = 12.0%)
A25: 6/22 | B25: 0.032 | C25: ~5/11–5/20 | D25: 6.5% (5/18)
A26: 6/29 | B26: 0 | C26: ~5/18–5/27 | D26: 6.8% (5/18–5/27)
A28: KEY TAKEAWAYS
A29: • 666541 (the performance-goal part) fell 25% → 0% across June and finished the month at 4.6% overall — just under the 5% goal. One early spike (25% on the 5/25 receipt) drove most of the month; it is the part to watch.
A30: • 666506 (tighter spec) held ~0% all month (0.4% overall) — well controlled through freeze/thaw.
A31: • Lag alignment: the 25% ATM spike (5/25) lands ~5–6 weeks after the roughest SH visit (4/15, 23.5% scrap) — consistent with the ~1–1.5-month freeze dwell and with defects originating upstream at harvest.
A32: • Both parts trend down into summer, matching the harvesting-training improvements at the slaughterhouses.
A34: NOTES & ASSUMPTIONS
A35: Line→part mapping (dark = 666541, light = 666506) inferred from the overall-by-part chart. Lag band = 4–6 weeks (≈1–1.5-month freeze dwell). These June charts are Martins parts; Parks 666518 is not in this top-5 view.
A36: Original Tableau screenshots are not embedded here — the image files were not available to paste. Drop the two screenshots beside these tables if you want the visuals inline. Refresh monthly as new Tableau months arrive.

Sheet Receipt Summary
A1: Date | B1: Part Number | C1: Description | D1: Slaughterhouse | E1: Lot # | F1: Received | G1: Accepted | H1: Scrap | I1: Rejection %
A2: 2026-02-09 | B2: 666541 | C2: DV Tech Pelvic Block (F) | D2: Martins | E2: (not recorded) | F2: 150 | G2: 131 | H2: 19 | I2: =IFERROR(H2/F2,0) -> 0.12666667
A3: 2026-02-23 | B3: 666541 | C3: DV Tech Pelvic Block (F) | D3: Martins | E3: (not recorded) | F3: 181 | G3: 138 | H3: 43 | I3: =IFERROR(H3/F3,0) -> 0.23756906
A4: 2026-03-02 | B4: 666540 | C4: DV Tech Pelvic Block (M) | D4: Martins | E4: 5502273661 | F4: 15 | G4: 10 | H4: 5 | I4: =IFERROR(H4/F4,0) -> 0.33333333
A5: 2026-03-02 | B5: 666540 | C5: DV Tech Pelvic Block (M) | D5: Martins | E5: 5502291196 | F5: 35 | G5: 28 | H5: 7 | I5: =IFERROR(H5/F5,0) -> 0.2
A6: 2026-03-02 | B6: 666540 | C6: DV Tech Pelvic Block (M) | D6: Martins | E6: 5502250634 | F6: 36 | G6: 24 | H6: 12 | I6: =IFERROR(H6/F6,0) -> 0.33333333
A7: 2026-03-02 | B7: 666540 | C7: DV Tech Pelvic Block (M) | D7: Martins | E7: 5502223712 | F7: 57 | G7: 38 | H7: 19 | I7: =IFERROR(H7/F7,0) -> 0.33333333
A8: 2026-03-02 | B8: 666541 | C8: DV Tech Pelvic Block (F) | D8: Martins | E8: (batch A) | F8: 160 | G8: 126 | H8: 34 | I8: =IFERROR(H8/F8,0) -> 0.2125
A9: 2026-03-02 | B9: 666541 | C9: DV Tech Pelvic Block (F) | D9: Martins | E9: 5502291197 | F9: 50 | G9: 27 | H9: 23 | I9: =IFERROR(H9/F9,0) -> 0.46
A10: 2026-03-09 | B10: 666518 | C10: DV Tech Pelvic Block (F) | D10: Parks | E10: 5502327700 | F10: 15 | G10: 13 | H10: 2 | I10: =IFERROR(H10/F10,0) -> 0.13333333
A11: 2026-03-09 | B11: 666541 | C11: DV Tech Pelvic Block (F) | D11: Martins | E11: 5502291197 | F11: 127 | G11: 106 | H11: 21 | I11: =IFERROR(H11/F11,0) -> 0.16535433
A12: 2026-03-09 | B12: 666541 | C12: DV Tech Pelvic Block (F) | D12: Martins | E12: 5502314191 | F12: 94 | G12: 78 | H12: 16 | I12: =IFERROR(H12/F12,0) -> 0.17021277
A13: 2026-03-16 | B13: 666540 | C13: DV Tech Pelvic Block (M) | D13: Martins | E13: 5502250634 | F13: 20 | G13: 13 | H13: 7 | I13: =IFERROR(H13/F13,0) -> 0.35
... A41: 2026-05-28 | B41: 666518 | C41: DV Tech Pelvic Block (F) | D41: Parks | E41: 5502428883 | F41: 7 | G41: 7 | H41: 0 | I41: =IFERROR(H41/F41,0) -> 0
A42: GRAND TOTAL | F42: =SUM(F2:F41) -> 3178 | G42: =SUM(G2:G41) -> 2558 | H42: =SUM(H2:H41) -> 620 | I42: =IFERROR(H42/F42,0) -> 0.19509125

Sheet Master Data
A1: Date | B1: Part Number | C1: Part Description | D1: Sex | E1: Slaughterhouse | F1: Lot # | G1: Defect (as recorded) | H1: Defect (canonical) | I1: Count | J1: Lot Received | K1: Lot Accepted | L1: Lot Scrap
A2: 2026-02-09 | B2: 666541 | C2: DV Tech Pelvic Block (F) | D2: Female | E2: Martins | F2: (not recorded) | G2: Hole in critical Mesentery greater than 0.5" | H2: Critical Mesentery Hole/Laceration (>0.5") | I2: 1 | J2: 150 | K2: 131 | L2: 19
A3: 2026-02-09 | B3: 666541 | C3: DV Tech Pelvic Block (F) | D3: Female | E3: Martins | F3: (not recorded) | G3: Bood Clot | H3: Blood Clot | I3: 1 | J3: 150 | K3: 131 | L3: 19
A4: 2026-02-09 | B4: 666541 | C4: DV Tech Pelvic Block (F) | D4: Female | E4: Martins | F4: (not recorded) | G4: Bladder Length less than 3" | H4: Bladder Length Undersize | I4: 8 | J4: 150 | K4: 131 | L4: 19
A5: 2026-02-09 | B5: 666541 | C5: DV Tech Pelvic Block (F) | D5: Female | E5: Martins | F5: (not recorded) | G5: Damage to Urethra | H5: Urethra Laceration (exposing internal) | I5: 5 | J5: 150 | K5: 131 | L5: 19
A6: 2026-02-09 | B6: 666541 | C6: DV Tech Pelvic Block (F) | D6: Female | E6: Martins | F6: (not recorded) | G6: Damage to Bladder | H6: Bladder Laceration (exposing internal) | I6: 3 | J6: 150 | K6: 131 | L6: 19
A7: 2026-02-09 | B7: 666541 | C7: DV Tech Pelvic Block (F) | D7: Female | E7: Martins | F7: (not recorded) | G7: Exposed Ureters | H7: Exposed Ureters | I7: 1 | J7: 150 | K7: 131 | L7: 19
A8: 2026-02-23 | B8: 666541 | C8: DV Tech Pelvic Block (F) | D8: Female | E8: Martins | F8: (not recorded) | G8: Hole in critical Mesentery greater than 0.5" | H8: Critical Mesentery Hole/Laceration (>0.5") | I8: 17 | J8: 181 | K8: 138 | L8: 43
A9: 2026-02-23 | B9: 666541 | C9: DV Tech Pelvic Block (F) | D9: Female | E9: Martins | F9: (not recorded) | G9: Bood Clot | H9: Blood Clot | I9: 10 | J9: 181 | K9: 138 | L9: 43
A10: 2026-02-23 | B10: 666541 | C10: DV Tech Pelvic Block (F) | D10: Female | E10: Martins | F10: (not recorded) | G10: Bladder Length greater than 5.5" | H10: Bladder Length Oversize (>5.5") | I10: 1 | J10: 181 | K10: 138 | L10: 43
A11: 2026-02-23 | B11: 666541 | C11: DV Tech Pelvic Block (F) | D11: Female | E11: Martins | F11: (not recorded) | G11: Bladder Length less than 3" | H11: Bladder Length Undersize | I11: 5 | J11: 181 | K11: 138 | L11: 43
A12: 2026-02-23 | B12: 666541 | C12: DV Tech Pelvic Block (F) | D12: Female | E12: Martins | F12: (not recorded) | G12: Lacerations on Urethra | H12: Urethra Laceration (exposing internal) | I12: 6 | J12: 181 | K12: 138 | L12: 43
A13: 2026-02-23 | B13: 666541 | C13: DV Tech Pelvic Block (F) | D13: Female | E13: Martins | F13: (not recorded) | G13: Lacerations on Bladder | H13: Bladder Laceration (exposing internal) | I13: 2 | J13: 181 | K13: 138 | L13: 43
... A118: 2026-05-28 | B118: 666518 | C118: DV Tech Pelvic Block (F) | D118: Female | E118: Parks | F118: 5502428883 | G118: (no defects recorded) | H118: (no defects recorded) | I118: 0 | J118: 7 | K118: 7 | L118: 0

Sheet Defect Pivot 666541-F
A1: 666541 DV Tech Pelvic Block (Female) — Martins
A3: Defect (canonical) | B3: 2026-02-09 | C3: 2026-02-23 | D3: 2026-03-02 | E3: 2026-03-09 | F3: 2026-03-16 | G3: 2026-03-23 | H3: 2026-03-30 | I3: 2026-04-06 | J3: 2026-04-13 | K3: 2026-04-20 | L3: 2026-05-04 | M3: 2026-05-11 | N3: Total
A4: Critical Mesentery Hole/Laceration (>0.5") | B4: 1 | C4: 17 | D4: 24 | E4: 6 | F4: 18 | G4: 22 | H4: 12 | I4: 12 | J4: 6 | K4: 18 | L4: 4 | M4: 1 | N4: =SUM(B4:M4) -> 141
A5: Non-Critical Mesentery Hole (>1.5") | B5: 0 | C5: 0 | D5: 0 | E5: 0 | F5: 0 | G5: 0 | H5: 0 | I5: 0 | J5: 0 | K5: 0 | L5: 0 | M5: 0 | N5: =SUM(B5:M5) -> 0
A6: Blood Clot | B6: 1 | C6: 10 | D6: 7 | E6: 9 | F6: 3 | G6: 2 | H6: 5 | I6: 5 | J6: 4 | K6: 6 | L6: 3 | M6: 1 | N6: =SUM(B6:M6) -> 56
A7: Bladder Length Oversize (>5.5") | B7: 0 | C7: 1 | D7: 0 | E7: 0 | F7: 0 | G7: 0 | H7: 0 | I7: 0 | J7: 0 | K7: 0 | L7: 0 | M7: 0 | N7: =SUM(B7:M7) -> 1
A8: Bladder Length Undersize | B8: 8 | C8: 5 | D8: 15 | E8: 9 | F8: 0 | G8: 0 | H8: 0 | I8: 0 | J8: 0 | K8: 0 | L8: 0 | M8: 0 | N8: =SUM(B8:M8) -> 37
A9: Urethra Laceration (exposing internal) | B9: 5 | C9: 6 | D9: 7 | E9: 9 | F9: 0 | G9: 9 | H9: 4 | I9: 0 | J9: 0 | K9: 0 | L9: 6 | M9: 1 | N9: =SUM(B9:M9) -> 47
A10: Bladder Laceration (exposing internal) | B10: 3 | C10: 2 | D10: 1 | E10: 4 | F10: 5 | G10: 0 | H10: 0 | I10: 2 | J10: 0 | K10: 0 | L10: 0 | M10: 0 | N10: =SUM(B10:M10) -> 17
A11: Exposed Ureters | B11: 1 | C11: 2 | D11: 0 | E11: 0 | F11: 0 | G11: 0 | H11: 0 | I11: 0 | J11: 0 | K11: 0 | L11: 0 | M11: 0 | N11: =SUM(B11:M11) -> 3
A12: Spoilage | B12: 0 | C12: 0 | D12: 3 | E12: 0 | F12: 0 | G12: 0 | H12: 0 | I12: 1 | J12: 0 | K12: 0 | L12: 1 | M12: 0 | N12: =SUM(B12:M12) -> 5
A13: Mesentery Length from Bladder Neck (≤7") | B13: 0 | C13: 0 | D13: 0 | E13: 0 | F13: 0 | G13: 0 | H13: 0 | I13: 0 | J13: 0 | K13: 0 | L13: 0 | M13: 0 | N13: =SUM(B13:M13) -> 0
A14: TOTAL DEFECTS | B14: =SUM(B4:B13) -> 19 | C14: =SUM(C4:C13) -> 43 | D14: =SUM(D4:D13) -> 57 | E14: =SUM(E4:E13) -> 37 | F14: =SUM(F4:F13) -> 26 | G14: =SUM(G4:G13) -> 33 | H14: =SUM(H4:H13) -> 21 | I14: =SUM(I4:I13) -> 20 | ... M14: =SUM(M4:M13) -> 3 | N14: =SUM(B14:M14) -> 307
A15: Units Received | B15: 150 | C15: 181 | D15: 210 | E15: 221 | F15: 200 | G15: 200 | H15: 227 | I15: 180 | J15: 200 | K15: 170 | L15: 270 | M15: 100 | N15: =SUM(B15:M15) -> 2309
A16: Units Scrapped | B16: 19 | C16: 43 | D16: 57 | E16: 37 | F16: 26 | G16: 33 | H16: 21 | I16: 20 | J16: 10 | K16: 24 | L16: 14 | M16: 3 | N16: =SUM(B16:M16) -> 307
A17: Rejection % | B17: =IFERROR(B16/B15,0) -> 0.12666667 | C17: =IFERROR(C16/C15,0) -> 0.23756906 | D17: =IFERROR(D16/D15,0) -> 0.27142857 | E17: =IFERROR(E16/E15,0) -> 0.16742081 | F17: =IFERROR(F16/F15,0) -> 0.13 | G17: =IFERROR(G16/G15,0) -> 0.165 | H17: =IFERROR(H16/H15,0) -> 0.092511013 | I17: =IFERROR(I16/I15,0) -> 0.11111111 | ... N17: =IFERROR(N16/N15,0) -> 0.13295799

Sheet Defect Pivot 666540-M
A1: 666540 DV Tech Pelvic Block (Male) — Martins
A3: Defect (canonical) | B3: 2026-03-02 | C3: 2026-03-16 | D3: 2026-03-23 | E3: Total
A4: Critical Mesentery Hole/Laceration (>0.5") | B4: 21 | C4: 4 | D4: 4 | E4: =SUM(B4:D4) -> 29
A5: Non-Critical Mesentery Hole (>1.5") | B5: 0 | C5: 0 | D5: 0 | E5: =SUM(B5:D5) -> 0
A6: Blood Clot | B6: 3 | C6: 1 | D6: 0 | E6: =SUM(B6:D6) -> 4
A7: Bladder Length Oversize (>5.5") | B7: 0 | C7: 0 | D7: 0 | E7: =SUM(B7:D7) -> 0
A8: Bladder Length Undersize | B8: 5 | C8: 0 | D8: 0 | E8: =SUM(B8:D8) -> 5
A9: Urethra Laceration (exposing internal) | B9: 12 | C9: 2 | D9: 1 | E9: =SUM(B9:D9) -> 15
A10: Bladder Laceration (exposing internal) | B10: 3 | C10: 0 | D10: 0 | E10: =SUM(B10:D10) -> 3
A11: Exposed Ureters | B11: 0 | C11: 0 | D11: 0 | E11: =SUM(B11:D11) -> 0
A12: Spoilage | B12: 0 | C12: 0 | D12: 0 | E12: =SUM(B12:D12) -> 0
A13: Mesentery Length from Bladder Neck (≤7") | B13: 0 | C13: 0 | D13: 0 | E13: =SUM(B13:D13) -> 0
A14: TOTAL DEFECTS | B14: =SUM(B4:B13) -> 44 | C14: =SUM(C4:C13) -> 7 | D14: =SUM(D4:D13) -> 5 | E14: =SUM(B14:D14) -> 56
A15: Units Received | B15: 143 | C15: 20 | D15: 9 | E15: =SUM(B15:D15) -> 172
A16: Units Scrapped | B16: 43 | C16: 7 | D16: 5 | E16: =SUM(B16:D16) -> 55
A17: Rejection % | B17: =IFERROR(B16/B15,0) -> 0.3006993 | C17: =IFERROR(C16/C15,0) -> 0.35 | D17: =IFERROR(D16/D15,0) -> 0.55555556 | E17: =IFERROR(E16/E15,0) -> 0.31976744

Sheet Defect Pivot 666518-F
A1: 666518 DV Tech Pelvic Block (Female) — Parks
A3: Defect (canonical) | B3: 2026-03-09 | C3: 2026-03-23 | D3: 2026-03-30 | E3: 2026-04-20 | F3: 2026-05-04 | G3: 2026-05-11 | H3: Total
A4: Critical Mesentery Hole/Laceration (>0.5") | B4: 1 | C4: 4 | D4: 2 | E4: 22 | F4: 2 | G4: 187 | H4: =SUM(B4:G4) -> 218
A5: Non-Critical Mesentery Hole (>1.5") | B5: 0 | C5: 0 | D5: 0 | E5: 0 | F5: 0 | G5: 0 | H5: =SUM(B5:G5) -> 0
A6: Blood Clot | B6: 1 | C6: 0 | D6: 0 | E6: 0 | F6: 0 | G6: 0 | H6: =SUM(B6:G6) -> 1
A7: Bladder Length Oversize (>5.5") | B7: 0 | C7: 0 | D7: 1 | E7: 4 | F7: 0 | G7: 0 | H7: =SUM(B7:G7) -> 5
A8: Bladder Length Undersize | B8: 0 | C8: 0 | D8: 0 | E8: 0 | F8: 0 | G8: 0 | H8: =SUM(B8:G8) -> 0
A9: Urethra Laceration (exposing internal) | B9: 0 | C9: 2 | D9: 2 | E9: 3 | F9: 0 | G9: 2 | H9: =SUM(B9:G9) -> 9
A10: Bladder Laceration (exposing internal) | B10: 0 | C10: 0 | D10: 0 | E10: 0 | F10: 0 | G10: 0 | H10: =SUM(B10:G10) -> 0
A11: Exposed Ureters | B11: 0 | C11: 0 | D11: 0 | E11: 0 | F11: 0 | G11: 0 | H11: =SUM(B11:G11) -> 0
A12: Spoilage | B12: 0 | C12: 0 | D12: 0 | E12: 0 | F12: 0 | G12: 0 | H12: =SUM(B12:G12) -> 0
A13: Mesentery Length from Bladder Neck (≤7") | B13: 0 | C13: 0 | D13: 2 | E13: 10 | F13: 2 | G13: 6 | H13: =SUM(B13:G13) -> 20
A14: TOTAL DEFECTS | B14: =SUM(B4:B13) -> 2 | C14: =SUM(C4:C13) -> 6 | D14: =SUM(D4:D13) -> 7 | E14: =SUM(E4:E13) -> 39 | F14: =SUM(F4:F13) -> 4 | G14: =SUM(G4:G13) -> 195 | H14: =SUM(B14:G14) -> 253
A15: Units Received | B15: 15 | C15: 22 | D15: 15 | E15: 118 | F15: 30 | G15: 220 | H15: =SUM(B15:G15) -> 420
A16: Units Scrapped | B16: 2 | C16: 6 | D16: 7 | E16: 39 | F16: 4 | G16: 195 | H16: =SUM(B16:G16) -> 253
A17: Rejection % | B17: =IFERROR(B16/B15,0) -> 0.13333333 | C17: =IFERROR(C16/C15,0) -> 0.27272727 | D17: =IFERROR(D16/D15,0) -> 0.46666667 | E17: =IFERROR(E16/E15,0) -> 0.33050847 | F17: =IFERROR(F16/F15,0) -> 0.13333333 | G17: =IFERROR(G16/G15,0) -> 0.88636364 | H17: =IFERROR(H16/H15,0) -> 0.60238095

Sheet Supplier Comparison
A1: Supplier Comparison — Martins vs Parks
A3: Metric | B3: Martins | C3: Parks
A4: Receipt events | B4: 15 | C4: 6
A5: Lots inspected | B5: 26 | C5: 11
A6: Units received | B6: 2481 | C6: 420
A7: Units accepted | B7: 2119 | C7: 167
A8: Units scrapped | B8: 362 | C8: 253
A9: Rejection % (rolling) | B9: =IFERROR(B8/B6,0) -> 0.14590891 | C9: =IFERROR(C8/C6,0) -> 0.60238095
A11: DEFECT BREAKDOWN BY CANONICAL CATEGORY
A12: Defect (canonical) | B12: Martins count | C12: Martins % of scrap | D12: Parks count | E12: Parks % of scrap
A13: Bladder Laceration (exposing internal) | B13: 20 | C13: =IFERROR(B13/$B$8,0) -> 0.055248619 | D13: 0 | E13: =IFERROR(D13/$C$8,0) -> 0
A14: Bladder Length Oversize (>5.5") | B14: 1 | C14: =IFERROR(B14/$B$8,0) -> 0.0027624309 | D14: 5 | E14: =IFERROR(D14/$C$8,0) -> 0.019762846
A15: Bladder Length Undersize | B15: 42 | C15: =IFERROR(B15/$B$8,0) -> 0.1160221 | D15: 0 | E15: =IFERROR(D15/$C$8,0) -> 0
A16: Blood Clot | B16: 60 | C16: =IFERROR(B16/$B$8,0) -> 0.16574586 | D16: 1 | E16: =IFERROR(D16/$C$8,0) -> 0.0039525692
A17: Critical Mesentery Hole/Laceration (>0.5") | B17: 170 | C17: =IFERROR(B17/$B$8,0) -> 0.46961326 | D17: 218 | E17: =IFERROR(D17/$C$8,0) -> 0.86166008
A18: Exposed Ureters | B18: 3 | C18: =IFERROR(B18/$B$8,0) -> 0.0082872928 | D18: 0 | E18: =IFERROR(D18/$C$8,0) -> 0
A19: Mesentery Length from Bladder Neck (≤7") | B19: 0 | C19: =IFERROR(B19/$B$8,0) -> 0 | D19: 20 | E19: =IFERROR(D19/$C$8,0) -> 0.079051383
A20: Spoilage | B20: 5 | C20: =IFERROR(B20/$B$8,0) -> 0.013812155 | D20: 0 | E20: =IFERROR(D20/$C$8,0) -> 0
A21: Urethra Laceration (exposing internal) | B21: 62 | C21: =IFERROR(B21/$B$8,0) -> 0.17127072 | D21: 9 | E21: =IFERROR(D21/$C$8,0) -> 0.035573123
A22: Note: Martins volume is several times Parks volume; absolute counts will be larger by construction. Compare the % of scrap columns to see WHICH defects dominate at each supplier.

Sheet Defect Atlas
A1: Defect Atlas — Visual Reference
A2: Visual reference for inspector training and supplier feedback. Each section pairs the defect category with the original IQC reference photo. Use the right-hand column to record which canonical defect category each photo maps to.
A4: 1. Bladder Laceration exposing internal surfaces
A5: Reference photo | C5: Canonical defect category | E5: Inspector notes
C6: Bladder Laceration (exposing internal) | E6: Per spec 668741-RevD §6.1.2. Right-hand panel shows a normal bladder for contrast. Exposing the inner mucosa is the disqualifier — surface scratches that do not penetrate are acceptable.
A26: 2. Bladder Length Undersize + Urethra Laceration
A27: Reference photo | C27: Canonical defect category | E27: Inspector notes
C28: Bladder Length Undersize / Urethra Laceration (exposing internal) | E28: Top: bladder measured below the lower spec limit (was <3", relaxed to <2" on 2026-03-23). Bottom: urethral laceration that exposes the lumen vs one that does not. Only lumen-exposing lacerations are scrapped.
A48: 3. Urethra Laceration + Mesentery Laceration in critical area
A49: Reference photo | C49: Canonical defect category | E49: Inspector notes
C50: Urethra Laceration (exposing internal) / Critical Mesentery Hole/Laceration (>0.5") | E50: Top-right: a missing urethral segment with a corresponding hole in the vagina — full disqualifier. Bottom: mesenteric membrane perforation in the critical area exceeding 0.5" diameter.
A70: 4. Mesentery Laceration in critical area
A71: Reference photo | C71: Canonical defect category | E71: Inspector notes
C72: Critical Mesentery Hole/Laceration (>0.5") | E72: Multiple holes visible in the critical zone. Common at Martins early in the period (17 units on 2026-02-23) and again on 2026-03-16 (18 units) and 2026-04-20 (18 units). Pattern suggests harvest tool / technique variability rather than animal variability.
A92: 5. Mesentery Critical Area — Example 1 (PN 666540 Male)
A93: Reference photo | C93: Canonical defect category | E93: Inspector notes
C94: Critical Mesentery Hole/Laceration (>0.5") | E94: Reference example for the male part. Spec ref: 668741 Rev E §6.1.4 – 6.1.4.1.
A114: 6. Mesentery Critical Area — Examples 1-1 and 1-2 (PN 666541 Female)
A115: Reference photo | C115: Canonical defect category | E115: Inspector notes
C116: Critical Mesentery Hole/Laceration (>0.5") | E116: Reference examples for the female part, dated 2026-03-18. Spec ref: 668741 Rev E §6.1.4 – 6.1.4.1. Useful for inspector calibration sessions.

Sheet README
A1: Pelvic Blocks — Incoming Quality Control Reconstruction
A3: Period covered | B3: 2026-02-09 through 2026-04-20 (11 weeks)
A4: Parts in scope | B4: 666541 DV Tech Pelvic Block (Female – Martins)
B5: 666540 DV Tech Pelvic Block (Male – Martins)
B6: 666518 DV Tech Pelvic Block (Female – Parks)
A7: Slaughterhouses | B7: Martins (NC), Parks (NC)
A8: Source | B8: Reconstructed from IQC screenshots (CAPA 2026-01 dataset)
A10: WORKBOOK MAP
A11: Sheet | B11: Purpose
A12: Receipt Summary | B12: One row per receipt event with totals and rejection rate. Sorted by date. Conditional formatting highlights rejection-rate spikes.
A13: Master Data | B13: Long-format defect log: one row per (date × lot × defect). The single source of truth — every other sheet pivots from this.
A14: Defect Pivot 666541-F | B14: Defect counts × date for the female part at Martins. Rows = canonical defect; columns = receipt date.
A15: Defect Pivot 666540-M | B15: Same view for the male part at Martins.
A16: Defect Pivot 666518-F | B16: Same view for the female part at Parks.
A17: Supplier Comparison | B17: Martins vs Parks side-by-side: receipts, scrap, rejection rate, top-3 defects per supplier.
A18: Defect Atlas | B18: Visual reference for each defect category. Use during inspector training and supplier feedback.
A20: READING NOTES — IMPORTANT
A21: Spec drift | B21: Defect names changed mid-period. Same physical issue often appears under two names (e.g. 'Damage to Urethra' early, 'Lacerations on Urethra exposing internal surfaces' later). The Master Data sheet preserves the ORIGINAL defect name AND maps it to a CANONICAL category so trends remain comparable.
A22: Bladder length | B22: Lower spec changed from <3" (Feb-Mar) to <2" (late Mar onward). This will show as a sudden drop in the 'Bladder Length Undersize' line that is NOT a real quality improvement — it is a spec relaxation.
A23: New spec | B23: 'Length of ≤7" of mesentery membrane from bladder neck' first appears 2026-03-30. Not a new defect — a newly-measured one.
A24: 'Bood Clot' | B24: Source spec carries this typo. Normalized to 'Blood Clot' in the canonical category.
A25: Lot field | B25: Where lot number was not legible on the source screenshot, it is recorded as '(not recorded)'. The 2026-03-02 666541 batch with 160 units is labeled '(batch A)' to distinguish it from the 50-unit lot 5502291197 from the same date.

Sheet Sheet1
