Workbook

Sheet Slaughterhouse IQC
A1: SH IQC Inspections — Slaughterhouse-Floor Incoming Quality
A2: Post-harvest, pre-freeze inspections at the slaughterhouse — all tissue types and parts. 59 part-inspections across 39 visit-days · 3 slaughterhouses (Martins, Parks, Nahunta) · Apr 13 – Aug 19, 2026. One row per part per harvest date.
A4: INSPECTION LOG
A5: Harvest Date | B5: Slaughterhouse | C5: Inspector | D5: SH Tech | E5: Tissue Type | F5: Part # | G5: Description | H5: Lot | I5: # Inspected | J5: # Pass | K5: # Fail | L5: First-Pass Yield | M5: Scrap reason / notes
A6: 2026-04-13 | B6: Martins | C6: Toni | D6: Jesus | E6: Pelvic | F6: 666506 | G6: Non-intact | H6: 5502378430 | I6: 3 | J6: 3 | K6: 0 | L6: =IFERROR(J6/I6,0) -> 1 | M6: 3 labels used for thin area in bowel (ran out of labels)
A7: 2026-04-13 | B7: Martins | C7: Toni | D7: Jesus | E7: Pelvic | F7: 666541 | G7: Intact | H7: 5502378434 | I7: 48 | J7: 47 | K7: 1 | L7: =IFERROR(J7/I7,0) -> 0.97916667 | M7: 1 hole in bowel; 1 label marked for thin area in bowel
A8: 2026-04-15 | B8: Martins | C8: Toni | D8: Jesus | E8: Pelvic | F8: 666506 | G8: Non-intact | H8: 5502378430 | I8: 4 | J8: 4 | K8: 0 | L8: =IFERROR(J8/I8,0) -> 1
A9: 2026-04-15 | B9: Martins | C9: Toni | D9: Jesus | E9: Pelvic | F9: 666541 | G9: Intact | H9: 5502378434 | I9: 17 | J9: 13 | K9: 4 | L9: =IFERROR(J9/I9,0) -> 0.76470588 | M9: 2 blood clots (moved to non-intact); 2 scrapped for cut in urethra
A10: 2026-04-20 | B10: Martins | C10: Toni | D10: Jesus | E10: Pelvic | F10: 666506 | G10: Non-intact | H10: 5502391858 | I10: 31 | J10: 29 | K10: 2 | L10: =IFERROR(J10/I10,0) -> 0.93548387 | M10: 2 damaged after cleaning
A11: 2026-04-20 | B11: Martins | C11: Toni | D11: Jesus | E11: Pelvic | F11: 666541 | G11: Intact | H11: 5502391862 | I11: 0 | J11: 0 | K11: 0 | L11: =IFERROR(J11/I11,0) -> 0 | M11: Ran out of time (bagging set for later; SH tech start time changed to 8:00–4:30 PM)
A12: 2026-04-22 | B12: Martins | C12: Toni | D12: Jesus | E12: Pelvic | F12: 666506 | G12: Non-intact | H12: 5502391858 | I12: 21 | J12: 19 | K12: 2 | L12: =IFERROR(J12/I12,0) -> 0.9047619 | M12: 2 damaged bowel
A13: 2026-04-22 | B13: Martins | C13: Toni | D13: Jesus | E13: Pelvic | F13: 666541 | G13: Intact | H13: 5502391862 | I13: 57 | J13: 56 | K13: 1 | L13: =IFERROR(J13/I13,0) -> 0.98245614 | M13: 1 damaged bowel
A14: 2026-05-04 | B14: Martins | C14: Toni | D14: Jesus | E14: Pelvic | F14: 666506 | G14: Non-intact | H14: 5502404924 | I14: 16 | J14: 13 | K14: 3 | L14: =IFERROR(J14/I14,0) -> 0.8125 | M14: 3 damaged urethra
A15: 2026-05-04 | B15: Martins | C15: Toni | D15: Jesus | E15: Pelvic | F15: 666541 | G15: Intact | H15: 5502404928 | I15: 37 | J15: 36 | K15: 1 | L15: =IFERROR(J15/I15,0) -> 0.97297297 | M15: 1 damaged urethra
A16: 2026-05-06 | B16: Martins | C16: Toni | D16: Jesus | E16: Pelvic | F16: 666506 | G16: Non-intact | H16: 5502404924 | I16: 29 | J16: 28 | K16: 1 | L16: =IFERROR(J16/I16,0) -> 0.96551724 | M16: 1 small bladder
A17: 2026-05-06 | B17: Martins | C17: Toni | D17: Jesus | E17: Pelvic | F17: 666541 | G17: Intact | H17: 5502404928 | I17: 25 | J17: 22 | K17: 3 | L17: =IFERROR(J17/I17,0) -> 0.88 | M17: 3 damaged urethra
A18: 2026-05-18 | B18: Martins | C18: Toni | D18: Jesus | E18: Pelvic | F18: 666506 | G18: Non-intact | H18: 5502421188 | I18: 43 | J18: 42 | K18: 1 | L18: =IFERROR(J18/I18,0) -> 0.97674419 | M18: 1 deformed ligaments clumped together
A19: 2026-05-18 | B19: Martins | C19: Toni | D19: Jesus | E19: Pelvic | F19: 666541 | G19: Intact | H19: 5502421192 | I19: 62 | J19: 58 | K19: 4 | L19: =IFERROR(J19/I19,0) -> 0.93548387 | M19: 3 cut urethra; 1 short block
A20: 2026-05-21 | B20: Martins | C20: Toni | D20: Jesus | E20: Pelvic | F20: 666506 | G20: Non-intact | H20: 5502421188 | I20: 30 | J20: 29 | K20: 1 | L20: =IFERROR(J20/I20,0) -> 0.96666667 | M20: 1 damaged membrane and ureter
... A23: 2026-05-28 | B23: Parks Family Meats | C23: Rasmin | D23: Natalie | E23: Pelvic | F23: 666518 | G23: Intact (SM) | H23: (no batch data) | I23: 16 | J23: 11 | K23: 5 | L23: =IFERROR(J23/I23,0) -> 0.6875 | M23: 4 mesentery length too short in critical zone; 1 bladder damage (internals exposed)
A24: 2026-06-01 | B24: Martins | C24: Toni | D24: Jesus | E24: Pelvic | F24: 666506 | G24: Non-intact | H24: 5502428782 | I24: 7 | J24: 7 | K24: 0 | L24: =IFERROR(J24/I24,0) -> 1
A25: 2026-06-01 | B25: Martins | C25: Toni | D25: Jesus | E25: Pelvic | F25: 666541 | G25: Intact | H25: 5502428786 | I25: 9 | J25: 9 | K25: 0 | L25: =IFERROR(J25/I25,0) -> 1
A26: 2026-06-02 | B26: Parks Family Meats | C26: Rasmin | D26: Natalie | E26: Pelvic | F26: 666518 | G26: Intact (SM) | H26: (no batch data) | I26: 7 | J26: 7 | K26: 0 | L26: =IFERROR(J26/I26,0) -> 1
A27: 2026-06-03 | B27: Martins | C27: Toni | D27: Jesus | E27: Pelvic | F27: 666506 | G27: Non-intact | H27: 5502428782 | I27: 29 | J27: 29 | K27: 0 | L27: =IFERROR(J27/I27,0) -> 1
A28: 2026-06-03 | B28: Martins | C28: Toni | D28: Jesus | E28: Pelvic | F28: 666541 | G28: Intact | H28: 5502428786 | I28: 45 | J28: 43 | K28: 2 | L28: =IFERROR(J28/I28,0) -> 0.95555556 | M28: 2 scrapped urethra
A29: 2026-06-08 | B29: Martins | C29: Toni | D29: Jesus | E29: Pelvic | F29: 666506 | G29: Non-intact | H29: 5502428782 | I29: 13 | J29: 12 | K29: 1 | L29: =IFERROR(J29/I29,0) -> 0.92307692 | M29: 1 short block
A30: 2026-06-08 | B30: Martins | C30: Toni | D30: Jesus | E30: Pelvic | F30: 666541 | G30: Intact | H30: 5502428786 | I30: 17 | J30: 16 | K30: 1 | L30: =IFERROR(J30/I30,0) -> 0.94117647 | M30: 1 cut urethra
A31: 2026-06-15 | B31: Martins | C31: Toni | D31: Jesus | E31: Pelvic | F31: 666541 | G31: Intact | H31: 5502462845 | I31: 31 | J31: 30 | K31: 1 | L31: =IFERROR(J31/I31,0) -> 0.96774194 | M31: 1 damaged bowel (source had two intact tally lines: 13/12/1 + 18/18/0, combined here)
A32: 2026-06-16 | B32: Parks Family Meats | C32: Rasmin | D32: Natalie | E32: Pelvic | F32: 666518 | G32: Intact (SM) | H32: (no batch data) | I32: 16 | J32: 14 | K32: 2 | L32: =IFERROR(J32/I32,0) -> 0.875 | M32: 1 bladder hole; 1 ureter damage (many blocks failed upstream from miscuts during removal — see notes)
A33: 2026-06-22 | B33: Parks Family Meats | C33: Rasmin | D33: Natalie | E33: Pelvic | F33: 666518 | G33: Intact (SM) | H33: (no batch data) | I33: 36 | J33: 31 | K33: 5 | L33: =IFERROR(J33/I33,0) -> 0.86111111 | M33: 1 bladder hole; 2 critical-area lacerations; 2 short blocks
A34: 2026-06-24 | B34: Martins | C34: Toni | D34: Jesus | E34: Pelvic | F34: 666541 | G34: Intact | H34: 5502462845 | I34: 34 | J34: 30 | K34: 4 | L34: =IFERROR(J34/I34,0) -> 0.88235294 | M34: 1 damaged bladder; 3 damaged membrane
A35: 2026-06-25 | B35: Parks Family Meats | C35: Rasmin | D35: Natalie | E35: Pelvic | F35: 666518 | G35: Intact (SM) | H35: (no batch data) | I35: 19 | J35: 16 | K35: 3 | L35: =IFERROR(J35/I35,0) -> 0.84210526 | M35: 1 bladder hole; 1 ureter laceration; 1 short block
A36: 2026-06-29 | B36: Martins | C36: Toni | D36: Jesus | E36: Pelvic | F36: 666506 | G36: Non-intact | H36: 5502471457 | I36: 4 | J36: 4 | K36: 0 | L36: =IFERROR(J36/I36,0) -> 1
A37: 2026-06-29 | B37: Parks Family Meats | C37: Rasmin | D37: Natalie | E37: Pelvic | F37: 666518 | G37: Intact (SM) | H37: (no batch data) | I37: 50 | J37: 38 | K37: 12 | L37: =IFERROR(J37/I37,0) -> 0.76 | M37: 2 damaged during bowel cleaning (bowel blockage burst); 2 short blocks; 1 critical-area laceration; 7 urethra/bladder lacerations (cuts near template edge)
A38: 2026-06-29 | B38: Martins | C38: Toni | D38: Jesus | E38: Pelvic | F38: 666541 | G38: Intact | H38: 5502471460 | I38: 16 | J38: 16 | K38: 0 | L38: =IFERROR(J38/I38,0) -> 1
A39: 2026-07-06 | B39: Martins | C39: Toni | D39: Jesus | E39: Pelvic | F39: 666506 | G39: Non-intact | H39: 5502471457 | I39: 10 | J39: 9 | K39: 1 | L39: =IFERROR(J39/I39,0) -> 0.9 | M39: 1 membrane damage larger than 1.5"
A40: 2026-07-06 | B40: Martins | C40: Toni | D40: Jesus | E40: Pelvic | F40: 666541 | G40: Intact | H40: 5502471460 | I40: 12 | J40: 11 | K40: 1 | L40: =IFERROR(J40/I40,0) -> 0.91666667 | M40: 1 damaged urethra
A41: 2026-07-13 | B41: Martins | C41: Toni | D41: Jesus | E41: Pelvic | F41: 666506 | G41: Non-intact | H41: 5502495104 | I41: 14 | J41: 14 | K41: 0 | L41: =IFERROR(J41/I41,0) -> 1
A42: 2026-07-13 | B42: Parks Family Meats | C42: Rasmin | D42: Natalie | E42: Pelvic | F42: 666518 | G42: Intact (SM) | H42: (no batch data) | I42: 34 | J42: 29 | K42: 5 | L42: =IFERROR(J42/I42,0) -> 0.85294118 | M42: 2 damaged during bowel cleaning (bowel blockage burst); 3 short blocks (smaller pigs)
A43: 2026-07-13 | B43: Martins | C43: Toni | D43: Jesus | E43: Pelvic | F43: 666541 | G43: Intact | H43: 5502495107 | I43: 38 | J43: 36 | K43: 2 | L43: =IFERROR(J43/I43,0) -> 0.94736842 | M43: 1 damaged membrane; 1 damaged bladder
A44: 2026-07-16 | B44: Parks Family Meats | C44: Rasmin | D44: Natalie | E44: Pelvic | F44: 666518 | G44: Intact (SM) | H44: (no batch data) | I44: 24 | J44: 20 | K44: 4 | L44: =IFERROR(J44/I44,0) -> 0.83333333 | M44: 2 short (bowel snapped before cut to length); 2 holes in mesentery critical area
A45: 2026-07-20 | B45: Martins | C45: Toni | D45: Jesus | E45: Pelvic | F45: 666506 | G45: Non-intact | H45: 5502495104 | I45: 30 | J45: 29 | K45: 1 | L45: =IFERROR(J45/I45,0) -> 0.96666667 | M45: 1 large membrane damage
A46: 2026-07-20 | B46: Martins | C46: Toni | D46: Jesus | E46: Pelvic | F46: 666541 | G46: Intact | H46: 5502495107 | I46: 65 | J46: 63 | K46: 2 | L46: =IFERROR(J46/I46,0) -> 0.96923077 | M46: 1 deformed bladder documented; source #Fail cell read 1, but 65 inspected − 63 pass = 2 → 1 reject undocumented (confirm)
A47: 2026-07-27 | B47: Martins | C47: Toni | D47: Jesus | E47: Pelvic | F47: 666506 | G47: Non-intact | H47: 5502512225 | I47: 25 | J47: 25 | K47: 0 | L47: =IFERROR(J47/I47,0) -> 1
A48: 2026-07-27 | B48: Parks Family Meats | C48: Rasmin | D48: Natalie | E48: Pelvic | F48: 666518 | G48: Intact (SM) | H48: (no batch data) | I48: 45 | J48: 42 | K48: 3 | L48: =IFERROR(J48/I48,0) -> 0.93333333 | M48: 1 ureter damage; 1 mesentery hole in critical area >0.5"; 1 bowel-colon separation past critical area
A49: 2026-07-27 | B49: Martins | C49: Toni | D49: Jesus | E49: Pelvic | F49: 666541 | G49: Intact | H49: 5502512228 | I49: 46 | J49: 45 | K49: 1 | L49: =IFERROR(J49/I49,0) -> 0.97826087 | M49: 1 damaged membrane larger than 0.5"
A50: 2026-07-29 | B50: Nahunta | C50: Kris | D50: Jordan | E50: Thoracic | F50: 666521 | G50: Lung / heart | H50: 5502512218 | I50: 19 | J50: 6 | K50: 13 | L50: =IFERROR(J50/I50,0) -> 0.31578947 | M50: 11 right-lung lacerations (mostly along the perimeter); 2 heart damage; 1 accepted with two sub-4cm perimeter lacerations that did not connect. Majority of damage attributed to the harvesting side.
A51: 2026-07-29 | B51: Nahunta | C51: Kris | D51: Jordan | E51: Pelvic | F51: 666541 | G51: Intact | H51: 5502512218 | I51: 1 | J51: 1 | K51: 0 | L51: =IFERROR(J51/I51,0) -> 1
A52: 2026-07-30 | B52: Parks Family Meats | C52: Rasmin | D52: Natalie | E52: Pelvic | F52: 666518 | G52: Intact (SM) | H52: (no batch data) | I52: 10 | J52: 9 | K52: 1 | L52: =IFERROR(J52/I52,0) -> 0.9 | M52: 1 pelvic block short (majority of pigs received were male → lower numbers)
A53: 2026-08-03 | B53: Martins | C53: Toni | D53: Jesus | E53: Pelvic | F53: 666541 | G53: Intact | H53: 5502512228 | I53: 44 | J53: 44 | K53: 0 | L53: =IFERROR(J53/I53,0) -> 1
A54: 2026-08-05 | B54: Nahunta | C54: Kris | D54: Jordan | E54: Thoracic | F54: 666521 | G54: Lung / heart | H54: 5502512218 | I54: 15 | J54: 0 | K54: 15 | L54: =IFERROR(J54/I54,0) -> 0 | M54: 11 right-lung lacerations (mostly along perimeter); 4 heart damage. Majority of damage harvesting-side; two units had no lung laceration but failed on heart.
A55: 2026-08-05 | B55: Martins | C55: Toni | D55: Jesus | E55: Pelvic | F55: 666541 | G55: Intact | H55: 5502512228 | I55: 35 | J55: 33 | K55: 2 | L55: =IFERROR(J55/I55,0) -> 0.94285714 | M55: 1 damaged membrane; 1 hole in bowel
A56: 2026-08-10 | B56: Martins | C56: Toni | D56: Jesus | E56: Pelvic | F56: 666506 | G56: Non-intact | H56: 5502523266 | I56: 8 | J56: 8 | K56: 0 | L56: =IFERROR(J56/I56,0) -> 1
A57: 2026-08-10 | B57: Martins | C57: Toni | D57: Jesus | E57: Pelvic | F57: 666541 | G57: Intact | H57: 5502523269 | I57: 43 | J57: 41 | K57: 2 | L57: =IFERROR(J57/I57,0) -> 0.95348837 | M57: 2 urethra damage
A58: 2026-08-10 | B58: Parks Family Meats | C58: Rasmin | D58: Natalie | E58: Pelvic | F58: 666541 | G58: Intact | H58: (no batch data) | I58: 10 | J58: 10 | K58: 0 | L58: =IFERROR(J58/I58,0) -> 1 | M58: No failures this day.
A59: 2026-08-12 | B59: Nahunta | C59: Kris | D59: Jordan | E59: Thoracic | F59: 666521 | G59: Lung / heart | H59: 5502523283 | I59: 13 | J59: 2 | K59: 11 | L59: =IFERROR(J59/I59,0) -> 0.15384615 | M59: 9 right-lung lacerations; 3 heart damage (breakdown sums to 12 vs 11 recorded). No left-lung damage seen; requested Ricardo shadow next visit.
A60: 2026-08-12 | B60: Nahunta | C60: Kris | D60: Jordan | E60: Pelvic | F60: 666541 | G60: Intact | H60: 5502523283 | I60: 13 | J60: 1 | K60: 12 | L60: =IFERROR(J60/I60,0) -> 0.076923077 | M60: Pelvic deprioritized — Jordan harvests other components first; no per-defect breakdown recorded (PROVISIONAL — confirm)
A61: 2026-08-14 | B61: Parks Family Meats | C61: Rasmin | D61: Natalie | E61: Pelvic | F61: 666541 | G61: Intact | H61: (no batch data) | I61: 23 | J61: 22 | K61: 1 | L61: =IFERROR(J61/I61,0) -> 0.95652174 | M61: Bowel separated from mesentery past the critical point
A62: 2026-08-17 | B62: Martins | C62: Toni | D62: Jesus | E62: Pelvic | F62: 666506 | G62: Non-intact | H62: 5502523266 | I62: 5 | J62: 5 | K62: 0 | L62: =IFERROR(J62/I62,0) -> 1
A63: 2026-08-17 | B63: Martins | C63: Toni | D63: Jesus | E63: Pelvic | F63: 666541 | G63: Intact | H63: 5502523269 | I63: 15 | J63: 14 | K63: 1 | L63: =IFERROR(J63/I63,0) -> 0.93333333 | M63: 1 hole in bowel (ran out of pigs, 3-hr wait, truck late)
A64: 2026-08-19 | B64: Nahunta | C64: Kris | D64: Jordan | E64: Thoracic | F64: 666521 | G64: Lung / heart | H64: 5502523283 | I64: 29 | J64: 6 | K64: 23 | L64: =IFERROR(J64/I64,0) -> 0.20689655 | M64: 11 right-lung lacerations; 12 heart damage. Ricardo meeting reduced lung lacerations only until first break; heart lacerations (inspector-side) now the next gap.
A66: TOTALS BY TISSUE TYPE
A67: Tissue Type | I67: # Inspected | J67: # Pass | K67: # Fail | L67: First-Pass Yield
A68: Pelvic | I68: =SUMIF($E$6:$E$64,"Pelvic",$I$6:$I$64) -> 1392 | J68: =SUMIF($E$6:$E$64,"Pelvic",$J$6:$J$64) -> 1288 | K68: =SUMIF($E$6:$E$64,"Pelvic",$K$6:$K$64) -> 104 | L68: =IFERROR(J68/I68,0) -> 0.92528736
A69: Thoracic | I69: =SUMIF($E$6:$E$64,"Thoracic",$I$6:$I$64) -> 76 | J69: =SUMIF($E$6:$E$64,"Thoracic",$J$6:$J$64) -> 14 | K69: =SUMIF($E$6:$E$64,"Thoracic",$K$6:$K$64) -> 62 | L69: =IFERROR(J69/I69,0) -> 0.18421053
A70: GRAND TOTAL (all tissue types) | I70: =SUM($I$6:$I$64) -> 1468 | J70: =SUM($J$6:$J$64) -> 1302 | K70: =SUM($K$6:$K$64) -> 166 | L70: =IFERROR(J70/I70,0) -> 0.88692098
A72: ATM RECEIPT COMPARISON
A73: Reserved for ATM (post-freeze receipt) inspection data. ATM data is no longer batch/lot-linked, so it will be compared by tissue type / part and time window rather than by lot. Populated when ATM data arrives.
A75: NOTES & DATA CONVENTIONS
A76: 1. 666506 = non-intact | B76: In the source tally sheets, PN 666541 is labeled 'intact' and PN 666506 is labeled 'Non intact'. Scrap reasons include phrases like '2 blood clots, moved to non intact', suggesting 666506 is a downgrade/recovery spec rather than an independent product line. Confirm with Quality before relying on this interpretation.
A77: 2. Different lot suffixes for intact vs non-intact | B77: Intact and non-intact batches from the same kill day carry DIFFERENT lot numbers (e.g. Visit 1: 5502378434 intact / 5502378430 non-intact; Visit 3: 5502404928 intact / 5502404924 non-intact). The prefix ties them to the same kill but they are tracked separately. This is what 'same batch number but not exactly' refers to.
A78: 3. 'Ran out of time' event on 04/20 | B78: Lot 5502391862 intact had zero units inspected on 04/20 due to a schedule conflict (bagging set later, SH tech start time changed to 8:00–4:30 PM). 57 units from that lot were inspected on 04/22 instead. Process note, not a quality signal — but if it recurs, sampling discipline at the slaughterhouse is worth revisiting.
A79: 4. 'Damaged urethra' dominates Visit 3 | B79: On Visit 3 (05/04 + 05/06), 7 of 8 failures across both intact and non-intact were 'damaged urethra' — a sharp departure from prior visits, where bowel-related defects dominated. Worth checking whether harvest technique or tooling changed, or whether the long pre-inspection wait on 05/04 (see next note) contributed.
A80: 5. Long truck wait on 05/04 (Visit 3) | B80: Source tally-sheet notes record: 'Monday 05/04 waited 2 hour for truck to deliver at 10:15 am. Had almost 3 hours of waiting.' Tissue sitting longer pre-inspection plausibly correlates with the urethra-damage spike that day. Worth tagging future inspections with delivery time so this can be analyzed quantitatively.
A81: 6. Source file typos | B81: Source tally sheets carry '25026' instead of '2026' in the Date and Kill Date fields (Harvest Date is correct). Not reflected here — clean dates used throughout. One-line correction in the tally-sheet template would fix it going forward.
A82: 7. Stage-to-stage scope | B82: Three lots now have BOTH SH and ATM data: 5502378434, 5502391862, and 5502404928. The 666506 non-intact lots remain untracked at ATM. As lots accumulate, the SH-vs-ATM yield gap is the cleanest available proxy for freeze/thaw/transport damage.
A83: 8. Inspection coverage | B83: 59 part-inspections across 39 visit-days and 3 slaughterhouses (Martins ×23, Parks ×12, Nahunta ×4), Apr 13 – Aug 19 2026. Tissue types: Pelvic (parts 666541/666506/666518) and Thoracic (666521). To extend, append rows to the log; the SUMIF/SUM ranges auto-cover them.
A84: 9. Lot 5502421192 reused on the 05/27 sheet | B84: The 05/27 Martins tally sheet records the intact lot as 5502421192 — identical to Visit 4's intact lot (harvested 05/18 & 05/21). A single fresh lot spanning 05/18–05/27 is unlikely, so this is probably a tally-sheet carry-over from the prior week's template. It is recorded here as a separate Visit 5 (harvest 05/27), NOT merged into Visit 4, pending confirmation of the true lot number with the SH.
A85: 10. New slaughterhouse & inspection team (Parks, 05/28) | B85: First SH-floor inspection at Parks Family Meats, with a new ATM inspector (Rasmin) and new SH tech (Natalie) vs. Toni / Jesus at Martins. Source PN was written 668518 and normalized to 666518 (per the workbook's typo convention). No batch/lot was recorded ('no batch data'), so this visit has no SH→ATM link, and the related Parks ATM lot 5502428883 (7 received / 7 scrapped, 'before our visit') has no SH-floor counterpart here. Date taken from the source date field (05/28); the carried-over note text mentioning '5/27' and non-intact labels does not apply to this intact-only Parks visit.
A86: 11. Visit 7 harvest-date split (06/01 vs 06/03) | B86: The 06/01 & 06/03 Martins tally sheet did not label which counts belong to which day. Based on the note that 06/01 finished early (truck no-show, cleanup 1pm), the smaller counts were assigned to 06/01 (9 intact, 7 non-intact) and the larger to 06/03 (45 intact, 29 non-intact), placing the 2 urethra scraps on 06/03. Flip the two raw rows if the source intended otherwise — the batch-level rollup is identical either way.
A87: 12. New visits 7 (Martins) & 8 (Parks) | B87: Visit 7 adds intact lot 5502428786 and non-intact lot 5502428782 (Martins). Visit 8 is the second Parks visit (intact-only, no batch/lot; PN normalized 668518 → 666518). The Parks visit date 06/02 is the cached value of a volatile =NOW()-1 field on the source sheet, so it is nominal. One non-intact Martins row (29 inspected) had a blank pass cell on the source; recorded as 29 pass since fail = 0.
... A100: 25. Nahunta thoracic (666521) trend & pelvic line | B100: First-pass yield fell 32% (7/29) → 0% (8/5) → 15% (8/12) → 21% (8/19); right-lung perimeter and increasingly heart lacerations dominate (harvesting-side; escalated with Ricardo). The 8/12 pelvic 666541 line reads 13/1/12 with no per-defect breakdown (pelvics deprioritized — Jordan harvests other components first); treat as provisional, confirm.

Sheet Quality Dashboard
A1: Quality Dashboard — by Tissue Type, Part & Slaughterhouse
A2: First-pass yield across all SH-floor incoming inspections (pre-freeze), Apr–Aug 2026. Live from the Inspection Log on the Slaughterhouse IQC tab. FPY = Pass / Inspected; Scrap % = Fail / Inspected.
A4: BY TISSUE TYPE
A5: Tissue Type | B5: # Inspected | C5: # Pass | D5: # Fail | E5: First-Pass Yield | F5: Scrap %
A6: Pelvic | B6: =SUMIF('Slaughterhouse IQC'!$E$6:$E$64,"Pelvic",'Slaughterhouse IQC'!$I$6:$I$64) -> 1392 | C6: =SUMIF('Slaughterhouse IQC'!$E$6:$E$64,"Pelvic",'Slaughterhouse IQC'!$J$6:$J$64) -> 1288 | D6: =SUMIF('Slaughterhouse IQC'!$E$6:$E$64,"Pelvic",'Slaughterhouse IQC'!$K$6:$K$64) -> 104 | E6: =IFERROR(C6/B6,0) -> 0.92528736 | F6: =IFERROR(D6/B6,0) -> 0.074712644
A7: Thoracic | B7: =SUMIF('Slaughterhouse IQC'!$E$6:$E$64,"Thoracic",'Slaughterhouse IQC'!$I$6:$I$64) -> 76 | C7: =SUMIF('Slaughterhouse IQC'!$E$6:$E$64,"Thoracic",'Slaughterhouse IQC'!$J$6:$J$64) -> 14 | D7: =SUMIF('Slaughterhouse IQC'!$E$6:$E$64,"Thoracic",'Slaughterhouse IQC'!$K$6:$K$64) -> 62 | E7: =IFERROR(C7/B7,0) -> 0.18421053 | F7: =IFERROR(D7/B7,0) -> 0.81578947
A8: GRAND TOTAL | B8: =SUM(B6:B7) -> 1468 | C8: =SUM(C6:C7) -> 1302 | D8: =SUM(D6:D7) -> 166 | E8: =IFERROR(C8/B8,0) -> 0.88692098 | F8: =IFERROR(D8/B8,0) -> 0.11307902
A10: BY PART
A11: Part # | B11: Description | C11: Slaughterhouse | D11: # Inspected | E11: # Pass | F11: # Fail | G11: First-Pass Yield | H11: Scrap % | I11: Date span
A12: 666541 | B12: Pelvic block, intact | C12: Martins / Parks / Nahunta | D12: =SUMIF('Slaughterhouse IQC'!$F$6:$F$64,"666541",'Slaughterhouse IQC'!$I$6:$I$64) -> 813 | E12: =SUMIF('Slaughterhouse IQC'!$F$6:$F$64,"666541",'Slaughterhouse IQC'!$J$6:$J$64) -> 762 | F12: =SUMIF('Slaughterhouse IQC'!$F$6:$F$64,"666541",'Slaughterhouse IQC'!$K$6:$K$64) -> 51 | G12: =IFERROR(E12/D12,0) -> 0.93726937 | H12: =IFERROR(F12/D12,0) -> 0.062730627 | I12: 4/13 – 8/17
A13: 666506 | B13: Pelvic block, non-intact | C13: Martins | D13: =SUMIF('Slaughterhouse IQC'!$F$6:$F$64,"666506",'Slaughterhouse IQC'!$I$6:$I$64) -> 322 | E13: =SUMIF('Slaughterhouse IQC'!$F$6:$F$64,"666506",'Slaughterhouse IQC'!$J$6:$J$64) -> 309 | F13: =SUMIF('Slaughterhouse IQC'!$F$6:$F$64,"666506",'Slaughterhouse IQC'!$K$6:$K$64) -> 13 | G13: =IFERROR(E13/D13,0) -> 0.95962733 | H13: =IFERROR(F13/D13,0) -> 0.040372671 | I13: 4/13 – 8/17
A14: 666518 | B14: Pelvic block, intact (SM) | C14: Parks | D14: =SUMIF('Slaughterhouse IQC'!$F$6:$F$64,"666518",'Slaughterhouse IQC'!$I$6:$I$64) -> 257 | E14: =SUMIF('Slaughterhouse IQC'!$F$6:$F$64,"666518",'Slaughterhouse IQC'!$J$6:$J$64) -> 217 | F14: =SUMIF('Slaughterhouse IQC'!$F$6:$F$64,"666518",'Slaughterhouse IQC'!$K$6:$K$64) -> 40 | G14: =IFERROR(E14/D14,0) -> 0.84435798 | H14: =IFERROR(F14/D14,0) -> 0.15564202 | I14: 5/28 – 7/30
A15: 666521 | B15: Thoracic (lung / heart) | C15: Nahunta | D15: =SUMIF('Slaughterhouse IQC'!$F$6:$F$64,"666521",'Slaughterhouse IQC'!$I$6:$I$64) -> 76 | E15: =SUMIF('Slaughterhouse IQC'!$F$6:$F$64,"666521",'Slaughterhouse IQC'!$J$6:$J$64) -> 14 | F15: =SUMIF('Slaughterhouse IQC'!$F$6:$F$64,"666521",'Slaughterhouse IQC'!$K$6:$K$64) -> 62 | G15: =IFERROR(E15/D15,0) -> 0.18421053 | H15: =IFERROR(F15/D15,0) -> 0.81578947 | I15: 7/29 – 8/19
A17: BY SLAUGHTERHOUSE
A18: Slaughterhouse | B18: Tissue / parts | C18: # Inspected | D18: # Pass | E18: # Fail | F18: First-Pass Yield | G18: Scrap %
A19: Martins | B19: Pelvic 541 / 506 | C19: =SUMIF('Slaughterhouse IQC'!$B$6:$B$64,"Martins",'Slaughterhouse IQC'!$I$6:$I$64) -> 1088 | D19: =SUMIF('Slaughterhouse IQC'!$B$6:$B$64,"Martins",'Slaughterhouse IQC'!$J$6:$J$64) -> 1037 | E19: =SUMIF('Slaughterhouse IQC'!$B$6:$B$64,"Martins",'Slaughterhouse IQC'!$K$6:$K$64) -> 51 | F19: =IFERROR(D19/C19,0) -> 0.953125 | G19: =IFERROR(E19/C19,0) -> 0.046875
A20: Parks Family Meats | B20: Pelvic 518 → 541 | C20: =SUMIF('Slaughterhouse IQC'!$B$6:$B$64,"Parks Family Meats",'Slaughterhouse IQC'!$I$6:$I$64) -> 290 | D20: =SUMIF('Slaughterhouse IQC'!$B$6:$B$64,"Parks Family Meats",'Slaughterhouse IQC'!$J$6:$J$64) -> 249 | E20: =SUMIF('Slaughterhouse IQC'!$B$6:$B$64,"Parks Family Meats",'Slaughterhouse IQC'!$K$6:$K$64) -> 41 | F20: =IFERROR(D20/C20,0) -> 0.85862069 | G20: =IFERROR(E20/C20,0) -> 0.14137931
A21: Nahunta | B21: Thoracic 521 + pelvic 541 | C21: =SUMIF('Slaughterhouse IQC'!$B$6:$B$64,"Nahunta",'Slaughterhouse IQC'!$I$6:$I$64) -> 90 | D21: =SUMIF('Slaughterhouse IQC'!$B$6:$B$64,"Nahunta",'Slaughterhouse IQC'!$J$6:$J$64) -> 16 | E21: =SUMIF('Slaughterhouse IQC'!$B$6:$B$64,"Nahunta",'Slaughterhouse IQC'!$K$6:$K$64) -> 74 | F21: =IFERROR(D21/C21,0) -> 0.17777778 | G21: =IFERROR(E21/C21,0) -> 0.82222222
A23: TISSUE / PART READ
A24: 666541 — Pelvic, intact · ~94% FPY (Martins / Parks / Nahunta)
A25: Performance-goal part. Steady ~95% at Martins; Parks now runs 666541 too (from 08/10). A provisional Nahunta 8/12 pelvic line (13/1/12) drags the average — see note 25. Rejects: urethra/bladder & membrane damage, short blocks.
A26: 666506 — Pelvic, non-intact · ~96% FPY (Martins)
A27: Tighter spec, best yield of the group. Rejects: membrane/urethra damage, a couple early blood clots.
A28: 666518 — Pelvic, intact SM · ~84% FPY (Parks)
A29: Batch-less Parks pelvic; Parks transitioned to 666541 by mid-August. Through 07/30 ~84%, driven by short blocks and mesentery/ureter damage. See the Parks deep-dive deck.
A30: 666521 — Thoracic · ~18% FPY (Nahunta) — WORSENING
A31: Thoracic at Nahunta, declining: 32% (7/29) → 0% (8/5) → 15% (8/12) → 21% (8/19). Right-lung perimeter and now heart lacerations, harvesting-side. Escalated with Ricardo; heart lacerations (inspector-side) now the main gap.

Sheet Monthly Breakdown
A1: Monthly Breakdown — Inspections by Tissue × Slaughterhouse
A2: Month-by-month view of every tissue-type / slaughterhouse / part combination: volumes, first-pass yield, and the issues found (scrap reasons normalized into standard defect categories). Apr–Aug 2026. Volume rows are live formulas over the Inspection Log; defect counts are analyst-categorized from the scrap notes (see notes at bottom).
A4: OVERVIEW — FIRST-PASS YIELD BY MONTH
A5: Tissue @ SH · Part | B5: April | C5: May | D5: June | E5: July | F5: August | G5: Total
A6: Pelvic @ Martins · 666541 | B6: =IF(SUMPRODUCT((LEFT('Slaughterhouse IQC'!$A$6:$A$64,7)="2026-04")*('Slaughterhouse IQC'!$B$6:$B$64="Martins")*('Slaughterhouse IQC'!$F$6:$F$64="666541")*'Slaughterhouse IQC'!$I$6:$I$64)=0,"",SUMPRODUCT((LEFT('Slaughterhouse IQC'!$A$6:$A$64,7)="2026-04")*('Slaughterhouse IQC'!$B$6:$B$64="Martins")*('Slaughterhouse IQC'!$F$6:$F$64="666541")*'Slaughterhouse IQC'!$J$6:$J$64)/SUMPRODUCT((LEFT('Slaughterhouse IQC'!$A$6:$A$64,7)="2026-04")*('Slaughterhouse IQC'!$B$6:$B$64="Martins")*('Slaughterhouse IQC'!$F$6:$F$64="666541")*'Slaughterhouse IQC'!$I$6:$I$64)) -> 0.95081967 | C6: =IF(SUMPRODUCT((LEFT('Slaughterhouse IQC'!$A$6:$A$64,7)="2026-05")*('Slaughterhouse IQC'!$B$6:$B$64="Martins")*('Slaughterhouse IQC'!$F$6:$F$64="666541")*'Slaughterhouse IQC'!$I$6:$I$64)=0,"",SUMPRODUCT((LEFT('Slaughterhouse IQC'!$A$6:$A$64,7)="2026-05")*('Slaughterhouse IQC'!$B$6:$B$64="Martins")*('Slaughterhouse IQC'!$F$6:$F$64="666541")*'Slaughterhouse IQC'!$J$6:$J$64)/SUMPRODUCT((LEFT('Slaughterhouse IQC'!$A$6:$A$64,7)="2026-05")*('Slaughterhouse IQC'!$B$6:$B$64="Martins")*('Slaughterhouse IQC'!$F$6:$F$64="666541")*'Slaughterhouse IQC'!$I$6:$I$64)) -> 0.93298969 | D6: =IF(SUMPRODUCT((LEFT('Slaughterhouse IQC'!$A$6:$A$64,7)="2026-06")*('Slaughterhouse IQC'!$B$6:$B$64="Martins")*('Slaughterhouse IQC'!$F$6:$F$64="666541")*'Slaughterhouse IQC'!$I$6:$I$64)=0,"",SUMPRODUCT((LEFT('Slaughterhouse IQC'!$A$6:$A$64,7)="2026-06")*('Slaughterhouse IQC'!$B$6:$B$64="Martins")*('Slaughterhouse IQC'!$F$6:$F$64="666541")*'Slaughterhouse IQC'!$J$6:$J$64)/SUMPRODUCT((LEFT('Slaughterhouse IQC'!$A$6:$A$64,7)="2026-06")*('Slaughterhouse IQC'!$B$6:$B$64="Martins")*('Slaughterhouse IQC'!$F$6:$F$64="666541")*'Slaughterhouse IQC'!$I$6:$I$64)) -> 0.94736842 | E6: =IF(SUMPRODUCT((LEFT('Slaughterhouse IQC'!$A$6:$A$64,7)="2026-07")*('Slaughterhouse IQC'!$B$6:$B$64="Martins")*('Slaughterhouse IQC'!$F$6:$F$64="666541")*'Slaughterhouse IQC'!$I$6:$I$64)=0,"",SUMPRODUCT((LEFT('Slaughterhouse IQC'!$A$6:$A$64,7)="2026-07")*('Slaughterhouse IQC'!$B$6:$B$64="Martins")*('Slaughterhouse IQC'!$F$6:$F$64="666541")*'Slaughterhouse IQC'!$J$6:$J$64)/SUMPRODUCT((LEFT('Slaughterhouse IQC'!$A$6:$A$64,7)="2026-07")*('Slaughterhouse IQC'!$B$6:$B$64="Martins")*('Slaughterhouse IQC'!$F$6:$F$64="666541")*'Slaughterhouse IQC'!$I$6:$I$64)) -> 0.96273292 | F6: =IF(SUMPRODUCT((LEFT('Slaughterhouse IQC'!$A$6:$A$64,7)="2026-08")*('Slaughterhouse IQC'!$B$6:$B$64="Martins")*('Slaughterhouse IQC'!$F$6:$F$64="666541")*'Slaughterhouse IQC'!$I$6:$I$64)=0,"",SUMPRODUCT((LEFT('Slaughterhouse IQC'!$A$6:$A$64,7)="2026-08")*('Slaughterhouse IQC'!$B$6:$B$64="Martins")*('Slaughterhouse IQC'!$F$6:$F$64="666541")*'Slaughterhouse IQC'!$J$6:$J$64)/SUMPRODUCT((LEFT('Slaughterhouse IQC'!$A$6:$A$64,7)="2026-08")*('Slaughterhouse IQC'!$B$6:$B$64="Martins")*('Slaughterhouse IQC'!$F$6:$F$64="666541")*'Slaughterhouse IQC'!$I$6:$I$64)) -> 0.96350365 | G6: =IF(SUMPRODUCT(('Slaughterhouse IQC'!$B$6:$B$64="Martins")*('Slaughterhouse IQC'!$F$6:$F$64="666541")*'Slaughterhouse IQC'!$I$6:$I$64)=0,"",SUMPRODUCT(('Slaughterhouse IQC'!$B$6:$B$64="Martins")*('Slaughterhouse IQC'!$F$6:$F$64="666541")*'Slaughterhouse IQC'!$J$6:$J$64)/SUMPRODUCT(('Slaughterhouse IQC'!$B$6:$B$64="Martins")*('Slaughterhouse IQC'!$F$6:$F$64="666541")*'Slaughterhouse IQC'!$I$6:$I$64)) -> 0.95039164
A7: Pelvic @ Martins · 666506 | B7: =IF(SUMPRODUCT((LEFT('Slaughterhouse IQC'!$A$6:$A$64,7)="2026-04")*('Slaughterhouse IQC'!$B$6:$B$64="Martins")*('Slaughterhouse IQC'!$F$6:$F$64="666506")*'Slaughterhouse IQC'!$I$6:$I$64)=0,"",SUMPRODUCT((LEFT('Slaughterhouse IQC'!$A$6:$A$64,7)="2026-04")*('Slaughterhouse IQC'!$B$6:$B$64="Martins")*('Slaughterhouse IQC'!$F$6:$F$64="666506")*'Slaughterhouse IQC'!$J$6:$J$64)/SUMPRODUCT((LEFT('Slaughterhouse IQC'!$A$6:$A$64,7)="2026-04")*('Slaughterhouse IQC'!$B$6:$B$64="Martins")*('Slaughterhouse IQC'!$F$6:$F$64="666506")*'Slaughterhouse IQC'!$I$6:$I$64)) -> 0.93220339 | C7: =IF(SUMPRODUCT((LEFT('Slaughterhouse IQC'!$A$6:$A$64,7)="2026-05")*('Slaughterhouse IQC'!$B$6:$B$64="Martins")*('Slaughterhouse IQC'!$F$6:$F$64="666506")*'Slaughterhouse IQC'!$I$6:$I$64)=0,"",SUMPRODUCT((LEFT('Slaughterhouse IQC'!$A$6:$A$64,7)="2026-05")*('Slaughterhouse IQC'!$B$6:$B$64="Martins")*('Slaughterhouse IQC'!$F$6:$F$64="666506")*'Slaughterhouse IQC'!$J$6:$J$64)/SUMPRODUCT((LEFT('Slaughterhouse IQC'!$A$6:$A$64,7)="2026-05")*('Slaughterhouse IQC'!$B$6:$B$64="Martins")*('Slaughterhouse IQC'!$F$6:$F$64="666506")*'Slaughterhouse IQC'!$I$6:$I$64)) -> 0.94915254 | D7: =IF(SUMPRODUCT((LEFT('Slaughterhouse IQC'!$A$6:$A$64,7)="2026-06")*('Slaughterhouse IQC'!$B$6:$B$64="Martins")*('Slaughterhouse IQC'!$F$6:$F$64="666506")*'Slaughterhouse IQC'!$I$6:$I$64)=0,"",SUMPRODUCT((LEFT('Slaughterhouse IQC'!$A$6:$A$64,7)="2026-06")*('Slaughterhouse IQC'!$B$6:$B$64="Martins")*('Slaughterhouse IQC'!$F$6:$F$64="666506")*'Slaughterhouse IQC'!$J$6:$J$64)/SUMPRODUCT((LEFT('Slaughterhouse IQC'!$A$6:$A$64,7)="2026-06")*('Slaughterhouse IQC'!$B$6:$B$64="Martins")*('Slaughterhouse IQC'!$F$6:$F$64="666506")*'Slaughterhouse IQC'!$I$6:$I$64)) -> 0.98113208 | E7: =IF(SUMPRODUCT((LEFT('Slaughterhouse IQC'!$A$6:$A$64,7)="2026-07")*('Slaughterhouse IQC'!$B$6:$B$64="Martins")*('Slaughterhouse IQC'!$F$6:$F$64="666506")*'Slaughterhouse IQC'!$I$6:$I$64)=0,"",SUMPRODUCT((LEFT('Slaughterhouse IQC'!$A$6:$A$64,7)="2026-07")*('Slaughterhouse IQC'!$B$6:$B$64="Martins")*('Slaughterhouse IQC'!$F$6:$F$64="666506")*'Slaughterhouse IQC'!$J$6:$J$64)/SUMPRODUCT((LEFT('Slaughterhouse IQC'!$A$6:$A$64,7)="2026-07")*('Slaughterhouse IQC'!$B$6:$B$64="Martins")*('Slaughterhouse IQC'!$F$6:$F$64="666506")*'Slaughterhouse IQC'!$I$6:$I$64)) -> 0.97468354 | F7: =IF(SUMPRODUCT((LEFT('Slaughterhouse IQC'!$A$6:$A$64,7)="2026-08")*('Slaughterhouse IQC'!$B$6:$B$64="Martins")*('Slaughterhouse IQC'!$F$6:$F$64="666506")*'Slaughterhouse IQC'!$I$6:$I$64)=0,"",SUMPRODUCT((LEFT('Slaughterhouse IQC'!$A$6:$A$64,7)="2026-08")*('Slaughterhouse IQC'!$B$6:$B$64="Martins")*('Slaughterhouse IQC'!$F$6:$F$64="666506")*'Slaughterhouse IQC'!$J$6:$J$64)/SUMPRODUCT((LEFT('Slaughterhouse IQC'!$A$6:$A$64,7)="2026-08")*('Slaughterhouse IQC'!$B$6:$B$64="Martins")*('Slaughterhouse IQC'!$F$6:$F$64="666506")*'Slaughterhouse IQC'!$I$6:$I$64)) -> 1 | G7: =IF(SUMPRODUCT(('Slaughterhouse IQC'!$B$6:$B$64="Martins")*('Slaughterhouse IQC'!$F$6:$F$64="666506")*'Slaughterhouse IQC'!$I$6:$I$64)=0,"",SUMPRODUCT(('Slaughterhouse IQC'!$B$6:$B$64="Martins")*('Slaughterhouse IQC'!$F$6:$F$64="666506")*'Slaughterhouse IQC'!$J$6:$J$64)/SUMPRODUCT(('Slaughterhouse IQC'!$B$6:$B$64="Martins")*('Slaughterhouse IQC'!$F$6:$F$64="666506")*'Slaughterhouse IQC'!$I$6:$I$64)) -> 0.95962733
A8: Pelvic @ Parks · 666518 | B8: =IF(SUMPRODUCT((LEFT('Slaughterhouse IQC'!$A$6:$A$64,7)="2026-04")*('Slaughterhouse IQC'!$B$6:$B$64="Parks Family Meats")*('Slaughterhouse IQC'!$F$6:$F$64="666518")*'Slaughterhouse IQC'!$I$6:$I$64)=0,"",SUMPRODUCT((LEFT('Slaughterhouse IQC'!$A$6:$A$64,7)="2026-04")*('Slaughterhouse IQC'!$B$6:$B$64="Parks Family Meats")*('Slaughterhouse IQC'!$F$6:$F$64="666518")*'Slaughterhouse IQC'!$J$6:$J$64)/SUMPRODUCT((LEFT('Slaughterhouse IQC'!$A$6:$A$64,7)="2026-04")*('Slaughterhouse IQC'!$B$6:$B$64="Parks Family Meats")*('Slaughterhouse IQC'!$F$6:$F$64="666518")*'Slaughterhouse IQC'!$I$6:$I$64)) | C8: =IF(SUMPRODUCT((LEFT('Slaughterhouse IQC'!$A$6:$A$64,7)="2026-05")*('Slaughterhouse IQC'!$B$6:$B$64="Parks Family Meats")*('Slaughterhouse IQC'!$F$6:$F$64="666518")*'Slaughterhouse IQC'!$I$6:$I$64)=0,"",SUMPRODUCT((LEFT('Slaughterhouse IQC'!$A$6:$A$64,7)="2026-05")*('Slaughterhouse IQC'!$B$6:$B$64="Parks Family Meats")*('Slaughterhouse IQC'!$F$6:$F$64="666518")*'Slaughterhouse IQC'!$J$6:$J$64)/SUMPRODUCT((LEFT('Slaughterhouse IQC'!$A$6:$A$64,7)="2026-05")*('Slaughterhouse IQC'!$B$6:$B$64="Parks Family Meats")*('Slaughterhouse IQC'!$F$6:$F$64="666518")*'Slaughterhouse IQC'!$I$6:$I$64)) -> 0.6875 | D8: =IF(SUMPRODUCT((LEFT('Slaughterhouse IQC'!$A$6:$A$64,7)="2026-06")*('Slaughterhouse IQC'!$B$6:$B$64="Parks Family Meats")*('Slaughterhouse IQC'!$F$6:$F$64="666518")*'Slaughterhouse IQC'!$I$6:$I$64)=0,"",SUMPRODUCT((LEFT('Slaughterhouse IQC'!$A$6:$A$64,7)="2026-06")*('Slaughterhouse IQC'!$B$6:$B$64="Parks Family Meats")*('Slaughterhouse IQC'!$F$6:$F$64="666518")*'Slaughterhouse IQC'!$J$6:$J$64)/SUMPRODUCT((LEFT('Slaughterhouse IQC'!$A$6:$A$64,7)="2026-06")*('Slaughterhouse IQC'!$B$6:$B$64="Parks Family Meats")*('Slaughterhouse IQC'!$F$6:$F$64="666518")*'Slaughterhouse IQC'!$I$6:$I$64)) -> 0.828125 | E8: =IF(SUMPRODUCT((LEFT('Slaughterhouse IQC'!$A$6:$A$64,7)="2026-07")*('Slaughterhouse IQC'!$B$6:$B$64="Parks Family Meats")*('Slaughterhouse IQC'!$F$6:$F$64="666518")*'Slaughterhouse IQC'!$I$6:$I$64)=0,"",SUMPRODUCT((LEFT('Slaughterhouse IQC'!$A$6:$A$64,7)="2026-07")*('Slaughterhouse IQC'!$B$6:$B$64="Parks Family Meats")*('Slaughterhouse IQC'!$F$6:$F$64="666518")*'Slaughterhouse IQC'!$J$6:$J$64)/SUMPRODUCT((LEFT('Slaughterhouse IQC'!$A$6:$A$64,7)="2026-07")*('Slaughterhouse IQC'!$B$6:$B$64="Parks Family Meats")*('Slaughterhouse IQC'!$F$6:$F$64="666518")*'Slaughterhouse IQC'!$I$6:$I$64)) -> 0.88495575 | F8: =IF(SUMPRODUCT((LEFT('Slaughterhouse IQC'!$A$6:$A$64,7)="2026-08")*('Slaughterhouse IQC'!$B$6:$B$64="Parks Family Meats")*('Slaughterhouse IQC'!$F$6:$F$64="666518")*'Slaughterhouse IQC'!$I$6:$I$64)=0,"",SUMPRODUCT((LEFT('Slaughterhouse IQC'!$A$6:$A$64,7)="2026-08")*('Slaughterhouse IQC'!$B$6:$B$64="Parks Family Meats")*('Slaughterhouse IQC'!$F$6:$F$64="666518")*'Slaughterhouse IQC'!$J$6:$J$64)/SUMPRODUCT((LEFT('Slaughterhouse IQC'!$A$6:$A$64,7)="2026-08")*('Slaughterhouse IQC'!$B$6:$B$64="Parks Family Meats")*('Slaughterhouse IQC'!$F$6:$F$64="666518")*'Slaughterhouse IQC'!$I$6:$I$64)) | G8: =IF(SUMPRODUCT(('Slaughterhouse IQC'!$B$6:$B$64="Parks Family Meats")*('Slaughterhouse IQC'!$F$6:$F$64="666518")*'Slaughterhouse IQC'!$I$6:$I$64)=0,"",SUMPRODUCT(('Slaughterhouse IQC'!$B$6:$B$64="Parks Family Meats")*('Slaughterhouse IQC'!$F$6:$F$64="666518")*'Slaughterhouse IQC'!$J$6:$J$64)/SUMPRODUCT(('Slaughterhouse IQC'!$B$6:$B$64="Parks Family Meats")*('Slaughterhouse IQC'!$F$6:$F$64="666518")*'Slaughterhouse IQC'!$I$6:$I$64)) -> 0.84435798
A9: Pelvic @ Parks · 666541 | B9: =IF(SUMPRODUCT((LEFT('Slaughterhouse IQC'!$A$6:$A$64,7)="2026-04")*('Slaughterhouse IQC'!$B$6:$B$64="Parks Family Meats")*('Slaughterhouse IQC'!$F$6:$F$64="666541")*'Slaughterhouse IQC'!$I$6:$I$64)=0,"",SUMPRODUCT((LEFT('Slaughterhouse IQC'!$A$6:$A$64,7)="2026-04")*('Slaughterhouse IQC'!$B$6:$B$64="Parks Family Meats")*('Slaughterhouse IQC'!$F$6:$F$64="666541")*'Slaughterhouse IQC'!$J$6:$J$64)/SUMPRODUCT((LEFT('Slaughterhouse IQC'!$A$6:$A$64,7)="2026-04")*('Slaughterhouse IQC'!$B$6:$B$64="Parks Family Meats")*('Slaughterhouse IQC'!$F$6:$F$64="666541")*'Slaughterhouse IQC'!$I$6:$I$64)) | C9: =IF(SUMPRODUCT((LEFT('Slaughterhouse IQC'!$A$6:$A$64,7)="2026-05")*('Slaughterhouse IQC'!$B$6:$B$64="Parks Family Meats")*('Slaughterhouse IQC'!$F$6:$F$64="666541")*'Slaughterhouse IQC'!$I$6:$I$64)=0,"",SUMPRODUCT((LEFT('Slaughterhouse IQC'!$A$6:$A$64,7)="2026-05")*('Slaughterhouse IQC'!$B$6:$B$64="Parks Family Meats")*('Slaughterhouse IQC'!$F$6:$F$64="666541")*'Slaughterhouse IQC'!$J$6:$J$64)/SUMPRODUCT((LEFT('Slaughterhouse IQC'!$A$6:$A$64,7)="2026-05")*('Slaughterhouse IQC'!$B$6:$B$64="Parks Family Meats")*('Slaughterhouse IQC'!$F$6:$F$64="666541")*'Slaughterhouse IQC'!$I$6:$I$64)) | D9: =IF(SUMPRODUCT((LEFT('Slaughterhouse IQC'!$A$6:$A$64,7)="2026-06")*('Slaughterhouse IQC'!$B$6:$B$64="Parks Family Meats")*('Slaughterhouse IQC'!$F$6:$F$64="666541")*'Slaughterhouse IQC'!$I$6:$I$64)=0,"",SUMPRODUCT((LEFT('Slaughterhouse IQC'!$A$6:$A$64,7)="2026-06")*('Slaughterhouse IQC'!$B$6:$B$64="Parks Family Meats")*('Slaughterhouse IQC'!$F$6:$F$64="666541")*'Slaughterhouse IQC'!$J$6:$J$64)/SUMPRODUCT((LEFT('Slaughterhouse IQC'!$A$6:$A$64,7)="2026-06")*('Slaughterhouse IQC'!$B$6:$B$64="Parks Family Meats")*('Slaughterhouse IQC'!$F$6:$F$64="666541")*'Slaughterhouse IQC'!$I$6:$I$64)) | E9: =IF(SUMPRODUCT((LEFT('Slaughterhouse IQC'!$A$6:$A$64,7)="2026-07")*('Slaughterhouse IQC'!$B$6:$B$64="Parks Family Meats")*('Slaughterhouse IQC'!$F$6:$F$64="666541")*'Slaughterhouse IQC'!$I$6:$I$64)=0,"",SUMPRODUCT((LEFT('Slaughterhouse IQC'!$A$6:$A$64,7)="2026-07")*('Slaughterhouse IQC'!$B$6:$B$64="Parks Family Meats")*('Slaughterhouse IQC'!$F$6:$F$64="666541")*'Slaughterhouse IQC'!$J$6:$J$64)/SUMPRODUCT((LEFT('Slaughterhouse IQC'!$A$6:$A$64,7)="2026-07")*('Slaughterhouse IQC'!$B$6:$B$64="Parks Family Meats")*('Slaughterhouse IQC'!$F$6:$F$64="666541")*'Slaughterhouse IQC'!$I$6:$I$64)) | F9: =IF(SUMPRODUCT((LEFT('Slaughterhouse IQC'!$A$6:$A$64,7)="2026-08")*('Slaughterhouse IQC'!$B$6:$B$64="Parks Family Meats")*('Slaughterhouse IQC'!$F$6:$F$64="666541")*'Slaughterhouse IQC'!$I$6:$I$64)=0,"",SUMPRODUCT((LEFT('Slaughterhouse IQC'!$A$6:$A$64,7)="2026-08")*('Slaughterhouse IQC'!$B$6:$B$64="Parks Family Meats")*('Slaughterhouse IQC'!$F$6:$F$64="666541")*'Slaughterhouse IQC'!$J$6:$J$64)/SUMPRODUCT((LEFT('Slaughterhouse IQC'!$A$6:$A$64,7)="2026-08")*('Slaughterhouse IQC'!$B$6:$B$64="Parks Family Meats")*('Slaughterhouse IQC'!$F$6:$F$64="666541")*'Slaughterhouse IQC'!$I$6:$I$64)) -> 0.96969697 | G9: =IF(SUMPRODUCT(('Slaughterhouse IQC'!$B$6:$B$64="Parks Family Meats")*('Slaughterhouse IQC'!$F$6:$F$64="666541")*'Slaughterhouse IQC'!$I$6:$I$64)=0,"",SUMPRODUCT(('Slaughterhouse IQC'!$B$6:$B$64="Parks Family Meats")*('Slaughterhouse IQC'!$F$6:$F$64="666541")*'Slaughterhouse IQC'!$J$6:$J$64)/SUMPRODUCT(('Slaughterhouse IQC'!$B$6:$B$64="Parks Family Meats")*('Slaughterhouse IQC'!$F$6:$F$64="666541")*'Slaughterhouse IQC'!$I$6:$I$64)) -> 0.96969697
A10: Pelvic @ Nahunta · 666541 | B10: =IF(SUMPRODUCT((LEFT('Slaughterhouse IQC'!$A$6:$A$64,7)="2026-04")*('Slaughterhouse IQC'!$B$6:$B$64="Nahunta")*('Slaughterhouse IQC'!$F$6:$F$64="666541")*'Slaughterhouse IQC'!$I$6:$I$64)=0,"",SUMPRODUCT((LEFT('Slaughterhouse IQC'!$A$6:$A$64,7)="2026-04")*('Slaughterhouse IQC'!$B$6:$B$64="Nahunta")*('Slaughterhouse IQC'!$F$6:$F$64="666541")*'Slaughterhouse IQC'!$J$6:$J$64)/SUMPRODUCT((LEFT('Slaughterhouse IQC'!$A$6:$A$64,7)="2026-04")*('Slaughterhouse IQC'!$B$6:$B$64="Nahunta")*('Slaughterhouse IQC'!$F$6:$F$64="666541")*'Slaughterhouse IQC'!$I$6:$I$64)) | C10: =IF(SUMPRODUCT((LEFT('Slaughterhouse IQC'!$A$6:$A$64,7)="2026-05")*('Slaughterhouse IQC'!$B$6:$B$64="Nahunta")*('Slaughterhouse IQC'!$F$6:$F$64="666541")*'Slaughterhouse IQC'!$I$6:$I$64)=0,"",SUMPRODUCT((LEFT('Slaughterhouse IQC'!$A$6:$A$64,7)="2026-05")*('Slaughterhouse IQC'!$B$6:$B$64="Nahunta")*('Slaughterhouse IQC'!$F$6:$F$64="666541")*'Slaughterhouse IQC'!$J$6:$J$64)/SUMPRODUCT((LEFT('Slaughterhouse IQC'!$A$6:$A$64,7)="2026-05")*('Slaughterhouse IQC'!$B$6:$B$64="Nahunta")*('Slaughterhouse IQC'!$F$6:$F$64="666541")*'Slaughterhouse IQC'!$I$6:$I$64)) | D10: =IF(SUMPRODUCT((LEFT('Slaughterhouse IQC'!$A$6:$A$64,7)="2026-06")*('Slaughterhouse IQC'!$B$6:$B$64="Nahunta")*('Slaughterhouse IQC'!$F$6:$F$64="666541")*'Slaughterhouse IQC'!$I$6:$I$64)=0,"",SUMPRODUCT((LEFT('Slaughterhouse IQC'!$A$6:$A$64,7)="2026-06")*('Slaughterhouse IQC'!$B$6:$B$64="Nahunta")*('Slaughterhouse IQC'!$F$6:$F$64="666541")*'Slaughterhouse IQC'!$J$6:$J$64)/SUMPRODUCT((LEFT('Slaughterhouse IQC'!$A$6:$A$64,7)="2026-06")*('Slaughterhouse IQC'!$B$6:$B$64="Nahunta")*('Slaughterhouse IQC'!$F$6:$F$64="666541")*'Slaughterhouse IQC'!$I$6:$I$64)) | E10: =IF(SUMPRODUCT((LEFT('Slaughterhouse IQC'!$A$6:$A$64,7)="2026-07")*('Slaughterhouse IQC'!$B$6:$B$64="Nahunta")*('Slaughterhouse IQC'!$F$6:$F$64="666541")*'Slaughterhouse IQC'!$I$6:$I$64)=0,"",SUMPRODUCT((LEFT('Slaughterhouse IQC'!$A$6:$A$64,7)="2026-07")*('Slaughterhouse IQC'!$B$6:$B$64="Nahunta")*('Slaughterhouse IQC'!$F$6:$F$64="666541")*'Slaughterhouse IQC'!$J$6:$J$64)/SUMPRODUCT((LEFT('Slaughterhouse IQC'!$A$6:$A$64,7)="2026-07")*('Slaughterhouse IQC'!$B$6:$B$64="Nahunta")*('Slaughterhouse IQC'!$F$6:$F$64="666541")*'Slaughterhouse IQC'!$I$6:$I$64)) -> 1 | F10: =IF(SUMPRODUCT((LEFT('Slaughterhouse IQC'!$A$6:$A$64,7)="2026-08")*('Slaughterhouse IQC'!$B$6:$B$64="Nahunta")*('Slaughterhouse IQC'!$F$6:$F$64="666541")*'Slaughterhouse IQC'!$I$6:$I$64)=0,"",SUMPRODUCT((LEFT('Slaughterhouse IQC'!$A$6:$A$64,7)="2026-08")*('Slaughterhouse IQC'!$B$6:$B$64="Nahunta")*('Slaughterhouse IQC'!$F$6:$F$64="666541")*'Slaughterhouse IQC'!$J$6:$J$64)/SUMPRODUCT((LEFT('Slaughterhouse IQC'!$A$6:$A$64,7)="2026-08")*('Slaughterhouse IQC'!$B$6:$B$64="Nahunta")*('Slaughterhouse IQC'!$F$6:$F$64="666541")*'Slaughterhouse IQC'!$I$6:$I$64)) -> 0.076923077 | G10: =IF(SUMPRODUCT(('Slaughterhouse IQC'!$B$6:$B$64="Nahunta")*('Slaughterhouse IQC'!$F$6:$F$64="666541")*'Slaughterhouse IQC'!$I$6:$I$64)=0,"",SUMPRODUCT(('Slaughterhouse IQC'!$B$6:$B$64="Nahunta")*('Slaughterhouse IQC'!$F$6:$F$64="666541")*'Slaughterhouse IQC'!$J$6:$J$64)/SUMPRODUCT(('Slaughterhouse IQC'!$B$6:$B$64="Nahunta")*('Slaughterhouse IQC'!$F$6:$F$64="666541")*'Slaughterhouse IQC'!$I$6:$I$64)) -> 0.14285714
A11: Thoracic @ Nahunta · 666521 | B11: =IF(SUMPRODUCT((LEFT('Slaughterhouse IQC'!$A$6:$A$64,7)="2026-04")*('Slaughterhouse IQC'!$B$6:$B$64="Nahunta")*('Slaughterhouse IQC'!$F$6:$F$64="666521")*'Slaughterhouse IQC'!$I$6:$I$64)=0,"",SUMPRODUCT((LEFT('Slaughterhouse IQC'!$A$6:$A$64,7)="2026-04")*('Slaughterhouse IQC'!$B$6:$B$64="Nahunta")*('Slaughterhouse IQC'!$F$6:$F$64="666521")*'Slaughterhouse IQC'!$J$6:$J$64)/SUMPRODUCT((LEFT('Slaughterhouse IQC'!$A$6:$A$64,7)="2026-04")*('Slaughterhouse IQC'!$B$6:$B$64="Nahunta")*('Slaughterhouse IQC'!$F$6:$F$64="666521")*'Slaughterhouse IQC'!$I$6:$I$64)) | C11: =IF(SUMPRODUCT((LEFT('Slaughterhouse IQC'!$A$6:$A$64,7)="2026-05")*('Slaughterhouse IQC'!$B$6:$B$64="Nahunta")*('Slaughterhouse IQC'!$F$6:$F$64="666521")*'Slaughterhouse IQC'!$I$6:$I$64)=0,"",SUMPRODUCT((LEFT('Slaughterhouse IQC'!$A$6:$A$64,7)="2026-05")*('Slaughterhouse IQC'!$B$6:$B$64="Nahunta")*('Slaughterhouse IQC'!$F$6:$F$64="666521")*'Slaughterhouse IQC'!$J$6:$J$64)/SUMPRODUCT((LEFT('Slaughterhouse IQC'!$A$6:$A$64,7)="2026-05")*('Slaughterhouse IQC'!$B$6:$B$64="Nahunta")*('Slaughterhouse IQC'!$F$6:$F$64="666521")*'Slaughterhouse IQC'!$I$6:$I$64)) | D11: =IF(SUMPRODUCT((LEFT('Slaughterhouse IQC'!$A$6:$A$64,7)="2026-06")*('Slaughterhouse IQC'!$B$6:$B$64="Nahunta")*('Slaughterhouse IQC'!$F$6:$F$64="666521")*'Slaughterhouse IQC'!$I$6:$I$64)=0,"",SUMPRODUCT((LEFT('Slaughterhouse IQC'!$A$6:$A$64,7)="2026-06")*('Slaughterhouse IQC'!$B$6:$B$64="Nahunta")*('Slaughterhouse IQC'!$F$6:$F$64="666521")*'Slaughterhouse IQC'!$J$6:$J$64)/SUMPRODUCT((LEFT('Slaughterhouse IQC'!$A$6:$A$64,7)="2026-06")*('Slaughterhouse IQC'!$B$6:$B$64="Nahunta")*('Slaughterhouse IQC'!$F$6:$F$64="666521")*'Slaughterhouse IQC'!$I$6:$I$64)) | E11: =IF(SUMPRODUCT((LEFT('Slaughterhouse IQC'!$A$6:$A$64,7)="2026-07")*('Slaughterhouse IQC'!$B$6:$B$64="Nahunta")*('Slaughterhouse IQC'!$F$6:$F$64="666521")*'Slaughterhouse IQC'!$I$6:$I$64)=0,"",SUMPRODUCT((LEFT('Slaughterhouse IQC'!$A$6:$A$64,7)="2026-07")*('Slaughterhouse IQC'!$B$6:$B$64="Nahunta")*('Slaughterhouse IQC'!$F$6:$F$64="666521")*'Slaughterhouse IQC'!$J$6:$J$64)/SUMPRODUCT((LEFT('Slaughterhouse IQC'!$A$6:$A$64,7)="2026-07")*('Slaughterhouse IQC'!$B$6:$B$64="Nahunta")*('Slaughterhouse IQC'!$F$6:$F$64="666521")*'Slaughterhouse IQC'!$I$6:$I$64)) -> 0.31578947 | F11: =IF(SUMPRODUCT((LEFT('Slaughterhouse IQC'!$A$6:$A$64,7)="2026-08")*('Slaughterhouse IQC'!$B$6:$B$64="Nahunta")*('Slaughterhouse IQC'!$F$6:$F$64="666521")*'Slaughterhouse IQC'!$I$6:$I$64)=0,"",SUMPRODUCT((LEFT('Slaughterhouse IQC'!$A$6:$A$64,7)="2026-08")*('Slaughterhouse IQC'!$B$6:$B$64="Nahunta")*('Slaughterhouse IQC'!$F$6:$F$64="666521")*'Slaughterhouse IQC'!$J$6:$J$64)/SUMPRODUCT((LEFT('Slaughterhouse IQC'!$A$6:$A$64,7)="2026-08")*('Slaughterhouse IQC'!$B$6:$B$64="Nahunta")*('Slaughterhouse IQC'!$F$6:$F$64="666521")*'Slaughterhouse IQC'!$I$6:$I$64)) -> 0.14035088 | G11: =IF(SUMPRODUCT(('Slaughterhouse IQC'!$B$6:$B$64="Nahunta")*('Slaughterhouse IQC'!$F$6:$F$64="666521")*'Slaughterhouse IQC'!$I$6:$I$64)=0,"",SUMPRODUCT(('Slaughterhouse IQC'!$B$6:$B$64="Nahunta")*('Slaughterhouse IQC'!$F$6:$F$64="666521")*'Slaughterhouse IQC'!$J$6:$J$64)/SUMPRODUCT(('Slaughterhouse IQC'!$B$6:$B$64="Nahunta")*('Slaughterhouse IQC'!$F$6:$F$64="666521")*'Slaughterhouse IQC'!$I$6:$I$64)) -> 0.18421053
A13: OVERVIEW — ISSUES FOUND (# FAILED) BY MONTH
A14: Tissue @ SH · Part | B14: April | C14: May | D14: June | E14: July | F14: August | G14: Total
A15: Pelvic @ Martins · 666541 | B15: =IF(SUMPRODUCT((LEFT('Slaughterhouse IQC'!$A$6:$A$64,7)="2026-04")*('Slaughterhouse IQC'!$B$6:$B$64="Martins")*('Slaughterhouse IQC'!$F$6:$F$64="666541")*'Slaughterhouse IQC'!$I$6:$I$64)=0,"",SUMPRODUCT((LEFT('Slaughterhouse IQC'!$A$6:$A$64,7)="2026-04")*('Slaughterhouse IQC'!$B$6:$B$64="Martins")*('Slaughterhouse IQC'!$F$6:$F$64="666541")*'Slaughterhouse IQC'!$K$6:$K$64)) -> 6 | C15: =IF(SUMPRODUCT((LEFT('Slaughterhouse IQC'!$A$6:$A$64,7)="2026-05")*('Slaughterhouse IQC'!$B$6:$B$64="Martins")*('Slaughterhouse IQC'!$F$6:$F$64="666541")*'Slaughterhouse IQC'!$I$6:$I$64)=0,"",SUMPRODUCT((LEFT('Slaughterhouse IQC'!$A$6:$A$64,7)="2026-05")*('Slaughterhouse IQC'!$B$6:$B$64="Martins")*('Slaughterhouse IQC'!$F$6:$F$64="666541")*'Slaughterhouse IQC'!$K$6:$K$64)) -> 13 | D15: =IF(SUMPRODUCT((LEFT('Slaughterhouse IQC'!$A$6:$A$64,7)="2026-06")*('Slaughterhouse IQC'!$B$6:$B$64="Martins")*('Slaughterhouse IQC'!$F$6:$F$64="666541")*'Slaughterhouse IQC'!$I$6:$I$64)=0,"",SUMPRODUCT((LEFT('Slaughterhouse IQC'!$A$6:$A$64,7)="2026-06")*('Slaughterhouse IQC'!$B$6:$B$64="Martins")*('Slaughterhouse IQC'!$F$6:$F$64="666541")*'Slaughterhouse IQC'!$K$6:$K$64)) -> 8 | E15: =IF(SUMPRODUCT((LEFT('Slaughterhouse IQC'!$A$6:$A$64,7)="2026-07")*('Slaughterhouse IQC'!$B$6:$B$64="Martins")*('Slaughterhouse IQC'!$F$6:$F$64="666541")*'Slaughterhouse IQC'!$I$6:$I$64)=0,"",SUMPRODUCT((LEFT('Slaughterhouse IQC'!$A$6:$A$64,7)="2026-07")*('Slaughterhouse IQC'!$B$6:$B$64="Martins")*('Slaughterhouse IQC'!$F$6:$F$64="666541")*'Slaughterhouse IQC'!$K$6:$K$64)) -> 6 | F15: =IF(SUMPRODUCT((LEFT('Slaughterhouse IQC'!$A$6:$A$64,7)="2026-08")*('Slaughterhouse IQC'!$B$6:$B$64="Martins")*('Slaughterhouse IQC'!$F$6:$F$64="666541")*'Slaughterhouse IQC'!$I$6:$I$64)=0,"",SUMPRODUCT((LEFT('Slaughterhouse IQC'!$A$6:$A$64,7)="2026-08")*('Slaughterhouse IQC'!$B$6:$B$64="Martins")*('Slaughterhouse IQC'!$F$6:$F$64="666541")*'Slaughterhouse IQC'!$K$6:$K$64)) -> 5 | G15: =SUMPRODUCT(('Slaughterhouse IQC'!$B$6:$B$64="Martins")*('Slaughterhouse IQC'!$F$6:$F$64="666541")*'Slaughterhouse IQC'!$K$6:$K$64) -> 38
A16: Pelvic @ Martins · 666506 | B16: =IF(SUMPRODUCT((LEFT('Slaughterhouse IQC'!$A$6:$A$64,7)="2026-04")*('Slaughterhouse IQC'!$B$6:$B$64="Martins")*('Slaughterhouse IQC'!$F$6:$F$64="666506")*'Slaughterhouse IQC'!$I$6:$I$64)=0,"",SUMPRODUCT((LEFT('Slaughterhouse IQC'!$A$6:$A$64,7)="2026-04")*('Slaughterhouse IQC'!$B$6:$B$64="Martins")*('Slaughterhouse IQC'!$F$6:$F$64="666506")*'Slaughterhouse IQC'!$K$6:$K$64)) -> 4 | C16: =IF(SUMPRODUCT((LEFT('Slaughterhouse IQC'!$A$6:$A$64,7)="2026-05")*('Slaughterhouse IQC'!$B$6:$B$64="Martins")*('Slaughterhouse IQC'!$F$6:$F$64="666506")*'Slaughterhouse IQC'!$I$6:$I$64)=0,"",SUMPRODUCT((LEFT('Slaughterhouse IQC'!$A$6:$A$64,7)="2026-05")*('Slaughterhouse IQC'!$B$6:$B$64="Martins")*('Slaughterhouse IQC'!$F$6:$F$64="666506")*'Slaughterhouse IQC'!$K$6:$K$64)) -> 6 | D16: =IF(SUMPRODUCT((LEFT('Slaughterhouse IQC'!$A$6:$A$64,7)="2026-06")*('Slaughterhouse IQC'!$B$6:$B$64="Martins")*('Slaughterhouse IQC'!$F$6:$F$64="666506")*'Slaughterhouse IQC'!$I$6:$I$64)=0,"",SUMPRODUCT((LEFT('Slaughterhouse IQC'!$A$6:$A$64,7)="2026-06")*('Slaughterhouse IQC'!$B$6:$B$64="Martins")*('Slaughterhouse IQC'!$F$6:$F$64="666506")*'Slaughterhouse IQC'!$K$6:$K$64)) -> 1 | E16: =IF(SUMPRODUCT((LEFT('Slaughterhouse IQC'!$A$6:$A$64,7)="2026-07")*('Slaughterhouse IQC'!$B$6:$B$64="Martins")*('Slaughterhouse IQC'!$F$6:$F$64="666506")*'Slaughterhouse IQC'!$I$6:$I$64)=0,"",SUMPRODUCT((LEFT('Slaughterhouse IQC'!$A$6:$A$64,7)="2026-07")*('Slaughterhouse IQC'!$B$6:$B$64="Martins")*('Slaughterhouse IQC'!$F$6:$F$64="666506")*'Slaughterhouse IQC'!$K$6:$K$64)) -> 2 | F16: =IF(SUMPRODUCT((LEFT('Slaughterhouse IQC'!$A$6:$A$64,7)="2026-08")*('Slaughterhouse IQC'!$B$6:$B$64="Martins")*('Slaughterhouse IQC'!$F$6:$F$64="666506")*'Slaughterhouse IQC'!$I$6:$I$64)=0,"",SUMPRODUCT((LEFT('Slaughterhouse IQC'!$A$6:$A$64,7)="2026-08")*('Slaughterhouse IQC'!$B$6:$B$64="Martins")*('Slaughterhouse IQC'!$F$6:$F$64="666506")*'Slaughterhouse IQC'!$K$6:$K$64)) -> 0 | G16: =SUMPRODUCT(('Slaughterhouse IQC'!$B$6:$B$64="Martins")*('Slaughterhouse IQC'!$F$6:$F$64="666506")*'Slaughterhouse IQC'!$K$6:$K$64) -> 13
A17: Pelvic @ Parks · 666518 | B17: =IF(SUMPRODUCT((LEFT('Slaughterhouse IQC'!$A$6:$A$64,7)="2026-04")*('Slaughterhouse IQC'!$B$6:$B$64="Parks Family Meats")*('Slaughterhouse IQC'!$F$6:$F$64="666518")*'Slaughterhouse IQC'!$I$6:$I$64)=0,"",SUMPRODUCT((LEFT('Slaughterhouse IQC'!$A$6:$A$64,7)="2026-04")*('Slaughterhouse IQC'!$B$6:$B$64="Parks Family Meats")*('Slaughterhouse IQC'!$F$6:$F$64="666518")*'Slaughterhouse IQC'!$K$6:$K$64)) | C17: =IF(SUMPRODUCT((LEFT('Slaughterhouse IQC'!$A$6:$A$64,7)="2026-05")*('Slaughterhouse IQC'!$B$6:$B$64="Parks Family Meats")*('Slaughterhouse IQC'!$F$6:$F$64="666518")*'Slaughterhouse IQC'!$I$6:$I$64)=0,"",SUMPRODUCT((LEFT('Slaughterhouse IQC'!$A$6:$A$64,7)="2026-05")*('Slaughterhouse IQC'!$B$6:$B$64="Parks Family Meats")*('Slaughterhouse IQC'!$F$6:$F$64="666518")*'Slaughterhouse IQC'!$K$6:$K$64)) -> 5 | D17: =IF(SUMPRODUCT((LEFT('Slaughterhouse IQC'!$A$6:$A$64,7)="2026-06")*('Slaughterhouse IQC'!$B$6:$B$64="Parks Family Meats")*('Slaughterhouse IQC'!$F$6:$F$64="666518")*'Slaughterhouse IQC'!$I$6:$I$64)=0,"",SUMPRODUCT((LEFT('Slaughterhouse IQC'!$A$6:$A$64,7)="2026-06")*('Slaughterhouse IQC'!$B$6:$B$64="Parks Family Meats")*('Slaughterhouse IQC'!$F$6:$F$64="666518")*'Slaughterhouse IQC'!$K$6:$K$64)) -> 22 | E17: =IF(SUMPRODUCT((LEFT('Slaughterhouse IQC'!$A$6:$A$64,7)="2026-07")*('Slaughterhouse IQC'!$B$6:$B$64="Parks Family Meats")*('Slaughterhouse IQC'!$F$6:$F$64="666518")*'Slaughterhouse IQC'!$I$6:$I$64)=0,"",SUMPRODUCT((LEFT('Slaughterhouse IQC'!$A$6:$A$64,7)="2026-07")*('Slaughterhouse IQC'!$B$6:$B$64="Parks Family Meats")*('Slaughterhouse IQC'!$F$6:$F$64="666518")*'Slaughterhouse IQC'!$K$6:$K$64)) -> 13 | F17: =IF(SUMPRODUCT((LEFT('Slaughterhouse IQC'!$A$6:$A$64,7)="2026-08")*('Slaughterhouse IQC'!$B$6:$B$64="Parks Family Meats")*('Slaughterhouse IQC'!$F$6:$F$64="666518")*'Slaughterhouse IQC'!$I$6:$I$64)=0,"",SUMPRODUCT((LEFT('Slaughterhouse IQC'!$A$6:$A$64,7)="2026-08")*('Slaughterhouse IQC'!$B$6:$B$64="Parks Family Meats")*('Slaughterhouse IQC'!$F$6:$F$64="666518")*'Slaughterhouse IQC'!$K$6:$K$64)) | G17: =SUMPRODUCT(('Slaughterhouse IQC'!$B$6:$B$64="Parks Family Meats")*('Slaughterhouse IQC'!$F$6:$F$64="666518")*'Slaughterhouse IQC'!$K$6:$K$64) -> 40
A18: Pelvic @ Parks · 666541 | B18: =IF(SUMPRODUCT((LEFT('Slaughterhouse IQC'!$A$6:$A$64,7)="2026-04")*('Slaughterhouse IQC'!$B$6:$B$64="Parks Family Meats")*('Slaughterhouse IQC'!$F$6:$F$64="666541")*'Slaughterhouse IQC'!$I$6:$I$64)=0,"",SUMPRODUCT((LEFT('Slaughterhouse IQC'!$A$6:$A$64,7)="2026-04")*('Slaughterhouse IQC'!$B$6:$B$64="Parks Family Meats")*('Slaughterhouse IQC'!$F$6:$F$64="666541")*'Slaughterhouse IQC'!$K$6:$K$64)) | C18: =IF(SUMPRODUCT((LEFT('Slaughterhouse IQC'!$A$6:$A$64,7)="2026-05")*('Slaughterhouse IQC'!$B$6:$B$64="Parks Family Meats")*('Slaughterhouse IQC'!$F$6:$F$64="666541")*'Slaughterhouse IQC'!$I$6:$I$64)=0,"",SUMPRODUCT((LEFT('Slaughterhouse IQC'!$A$6:$A$64,7)="2026-05")*('Slaughterhouse IQC'!$B$6:$B$64="Parks Family Meats")*('Slaughterhouse IQC'!$F$6:$F$64="666541")*'Slaughterhouse IQC'!$K$6:$K$64)) | D18: =IF(SUMPRODUCT((LEFT('Slaughterhouse IQC'!$A$6:$A$64,7)="2026-06")*('Slaughterhouse IQC'!$B$6:$B$64="Parks Family Meats")*('Slaughterhouse IQC'!$F$6:$F$64="666541")*'Slaughterhouse IQC'!$I$6:$I$64)=0,"",SUMPRODUCT((LEFT('Slaughterhouse IQC'!$A$6:$A$64,7)="2026-06")*('Slaughterhouse IQC'!$B$6:$B$64="Parks Family Meats")*('Slaughterhouse IQC'!$F$6:$F$64="666541")*'Slaughterhouse IQC'!$K$6:$K$64)) | E18: =IF(SUMPRODUCT((LEFT('Slaughterhouse IQC'!$A$6:$A$64,7)="2026-07")*('Slaughterhouse IQC'!$B$6:$B$64="Parks Family Meats")*('Slaughterhouse IQC'!$F$6:$F$64="666541")*'Slaughterhouse IQC'!$I$6:$I$64)=0,"",SUMPRODUCT((LEFT('Slaughterhouse IQC'!$A$6:$A$64,7)="2026-07")*('Slaughterhouse IQC'!$B$6:$B$64="Parks Family Meats")*('Slaughterhouse IQC'!$F$6:$F$64="666541")*'Slaughterhouse IQC'!$K$6:$K$64)) | F18: =IF(SUMPRODUCT((LEFT('Slaughterhouse IQC'!$A$6:$A$64,7)="2026-08")*('Slaughterhouse IQC'!$B$6:$B$64="Parks Family Meats")*('Slaughterhouse IQC'!$F$6:$F$64="666541")*'Slaughterhouse IQC'!$I$6:$I$64)=0,"",SUMPRODUCT((LEFT('Slaughterhouse IQC'!$A$6:$A$64,7)="2026-08")*('Slaughterhouse IQC'!$B$6:$B$64="Parks Family Meats")*('Slaughterhouse IQC'!$F$6:$F$64="666541")*'Slaughterhouse IQC'!$K$6:$K$64)) -> 1 | G18: =SUMPRODUCT(('Slaughterhouse IQC'!$B$6:$B$64="Parks Family Meats")*('Slaughterhouse IQC'!$F$6:$F$64="666541")*'Slaughterhouse IQC'!$K$6:$K$64) -> 1
A19: Pelvic @ Nahunta · 666541 | B19: =IF(SUMPRODUCT((LEFT('Slaughterhouse IQC'!$A$6:$A$64,7)="2026-04")*('Slaughterhouse IQC'!$B$6:$B$64="Nahunta")*('Slaughterhouse IQC'!$F$6:$F$64="666541")*'Slaughterhouse IQC'!$I$6:$I$64)=0,"",SUMPRODUCT((LEFT('Slaughterhouse IQC'!$A$6:$A$64,7)="2026-04")*('Slaughterhouse IQC'!$B$6:$B$64="Nahunta")*('Slaughterhouse IQC'!$F$6:$F$64="666541")*'Slaughterhouse IQC'!$K$6:$K$64)) | C19: =IF(SUMPRODUCT((LEFT('Slaughterhouse IQC'!$A$6:$A$64,7)="2026-05")*('Slaughterhouse IQC'!$B$6:$B$64="Nahunta")*('Slaughterhouse IQC'!$F$6:$F$64="666541")*'Slaughterhouse IQC'!$I$6:$I$64)=0,"",SUMPRODUCT((LEFT('Slaughterhouse IQC'!$A$6:$A$64,7)="2026-05")*('Slaughterhouse IQC'!$B$6:$B$64="Nahunta")*('Slaughterhouse IQC'!$F$6:$F$64="666541")*'Slaughterhouse IQC'!$K$6:$K$64)) | D19: =IF(SUMPRODUCT((LEFT('Slaughterhouse IQC'!$A$6:$A$64,7)="2026-06")*('Slaughterhouse IQC'!$B$6:$B$64="Nahunta")*('Slaughterhouse IQC'!$F$6:$F$64="666541")*'Slaughterhouse IQC'!$I$6:$I$64)=0,"",SUMPRODUCT((LEFT('Slaughterhouse IQC'!$A$6:$A$64,7)="2026-06")*('Slaughterhouse IQC'!$B$6:$B$64="Nahunta")*('Slaughterhouse IQC'!$F$6:$F$64="666541")*'Slaughterhouse IQC'!$K$6:$K$64)) | E19: =IF(SUMPRODUCT((LEFT('Slaughterhouse IQC'!$A$6:$A$64,7)="2026-07")*('Slaughterhouse IQC'!$B$6:$B$64="Nahunta")*('Slaughterhouse IQC'!$F$6:$F$64="666541")*'Slaughterhouse IQC'!$I$6:$I$64)=0,"",SUMPRODUCT((LEFT('Slaughterhouse IQC'!$A$6:$A$64,7)="2026-07")*('Slaughterhouse IQC'!$B$6:$B$64="Nahunta")*('Slaughterhouse IQC'!$F$6:$F$64="666541")*'Slaughterhouse IQC'!$K$6:$K$64)) -> 0 | F19: =IF(SUMPRODUCT((LEFT('Slaughterhouse IQC'!$A$6:$A$64,7)="2026-08")*('Slaughterhouse IQC'!$B$6:$B$64="Nahunta")*('Slaughterhouse IQC'!$F$6:$F$64="666541")*'Slaughterhouse IQC'!$I$6:$I$64)=0,"",SUMPRODUCT((LEFT('Slaughterhouse IQC'!$A$6:$A$64,7)="2026-08")*('Slaughterhouse IQC'!$B$6:$B$64="Nahunta")*('Slaughterhouse IQC'!$F$6:$F$64="666541")*'Slaughterhouse IQC'!$K$6:$K$64)) -> 12 | G19: =SUMPRODUCT(('Slaughterhouse IQC'!$B$6:$B$64="Nahunta")*('Slaughterhouse IQC'!$F$6:$F$64="666541")*'Slaughterhouse IQC'!$K$6:$K$64) -> 12
A20: Thoracic @ Nahunta · 666521 | B20: =IF(SUMPRODUCT((LEFT('Slaughterhouse IQC'!$A$6:$A$64,7)="2026-04")*('Slaughterhouse IQC'!$B$6:$B$64="Nahunta")*('Slaughterhouse IQC'!$F$6:$F$64="666521")*'Slaughterhouse IQC'!$I$6:$I$64)=0,"",SUMPRODUCT((LEFT('Slaughterhouse IQC'!$A$6:$A$64,7)="2026-04")*('Slaughterhouse IQC'!$B$6:$B$64="Nahunta")*('Slaughterhouse IQC'!$F$6:$F$64="666521")*'Slaughterhouse IQC'!$K$6:$K$64)) | C20: =IF(SUMPRODUCT((LEFT('Slaughterhouse IQC'!$A$6:$A$64,7)="2026-05")*('Slaughterhouse IQC'!$B$6:$B$64="Nahunta")*('Slaughterhouse IQC'!$F$6:$F$64="666521")*'Slaughterhouse IQC'!$I$6:$I$64)=0,"",SUMPRODUCT((LEFT('Slaughterhouse IQC'!$A$6:$A$64,7)="2026-05")*('Slaughterhouse IQC'!$B$6:$B$64="Nahunta")*('Slaughterhouse IQC'!$F$6:$F$64="666521")*'Slaughterhouse IQC'!$K$6:$K$64)) | D20: =IF(SUMPRODUCT((LEFT('Slaughterhouse IQC'!$A$6:$A$64,7)="2026-06")*('Slaughterhouse IQC'!$B$6:$B$64="Nahunta")*('Slaughterhouse IQC'!$F$6:$F$64="666521")*'Slaughterhouse IQC'!$I$6:$I$64)=0,"",SUMPRODUCT((LEFT('Slaughterhouse IQC'!$A$6:$A$64,7)="2026-06")*('Slaughterhouse IQC'!$B$6:$B$64="Nahunta")*('Slaughterhouse IQC'!$F$6:$F$64="666521")*'Slaughterhouse IQC'!$K$6:$K$64)) | E20: =IF(SUMPRODUCT((LEFT('Slaughterhouse IQC'!$A$6:$A$64,7)="2026-07")*('Slaughterhouse IQC'!$B$6:$B$64="Nahunta")*('Slaughterhouse IQC'!$F$6:$F$64="666521")*'Slaughterhouse IQC'!$I$6:$I$64)=0,"",SUMPRODUCT((LEFT('Slaughterhouse IQC'!$A$6:$A$64,7)="2026-07")*('Slaughterhouse IQC'!$B$6:$B$64="Nahunta")*('Slaughterhouse IQC'!$F$6:$F$64="666521")*'Slaughterhouse IQC'!$K$6:$K$64)) -> 13 | F20: =IF(SUMPRODUCT((LEFT('Slaughterhouse IQC'!$A$6:$A$64,7)="2026-08")*('Slaughterhouse IQC'!$B$6:$B$64="Nahunta")*('Slaughterhouse IQC'!$F$6:$F$64="666521")*'Slaughterhouse IQC'!$I$6:$I$64)=0,"",SUMPRODUCT((LEFT('Slaughterhouse IQC'!$A$6:$A$64,7)="2026-08")*('Slaughterhouse IQC'!$B$6:$B$64="Nahunta")*('Slaughterhouse IQC'!$F$6:$F$64="666521")*'Slaughterhouse IQC'!$K$6:$K$64)) -> 49 | G20: =SUMPRODUCT(('Slaughterhouse IQC'!$B$6:$B$64="Nahunta")*('Slaughterhouse IQC'!$F$6:$F$64="666521")*'Slaughterhouse IQC'!$K$6:$K$64) -> 62
A22: PELVIC @ MARTINS — 666541 (intact)
A23: Metric | B23: April | C23: May | D23: June | E23: July | F23: August | G23: Total
A24: # Inspected | B24: =IF(SUMPRODUCT((LEFT('Slaughterhouse IQC'!$A$6:$A$64,7)="2026-04")*('Slaughterhouse IQC'!$B$6:$B$64="Martins")*('Slaughterhouse IQC'!$F$6:$F$64="666541")*'Slaughterhouse IQC'!$I$6:$I$64)=0,"",SUMPRODUCT((LEFT('Slaughterhouse IQC'!$A$6:$A$64,7)="2026-04")*('Slaughterhouse IQC'!$B$6:$B$64="Martins")*('Slaughterhouse IQC'!$F$6:$F$64="666541")*'Slaughterhouse IQC'!$I$6:$I$64)) -> 122 | C24: =IF(SUMPRODUCT((LEFT('Slaughterhouse IQC'!$A$6:$A$64,7)="2026-05")*('Slaughterhouse IQC'!$B$6:$B$64="Martins")*('Slaughterhouse IQC'!$F$6:$F$64="666541")*'Slaughterhouse IQC'!$I$6:$I$64)=0,"",SUMPRODUCT((LEFT('Slaughterhouse IQC'!$A$6:$A$64,7)="2026-05")*('Slaughterhouse IQC'!$B$6:$B$64="Martins")*('Slaughterhouse IQC'!$F$6:$F$64="666541")*'Slaughterhouse IQC'!$I$6:$I$64)) -> 194 | D24: =IF(SUMPRODUCT((LEFT('Slaughterhouse IQC'!$A$6:$A$64,7)="2026-06")*('Slaughterhouse IQC'!$B$6:$B$64="Martins")*('Slaughterhouse IQC'!$F$6:$F$64="666541")*'Slaughterhouse IQC'!$I$6:$I$64)=0,"",SUMPRODUCT((LEFT('Slaughterhouse IQC'!$A$6:$A$64,7)="2026-06")*('Slaughterhouse IQC'!$B$6:$B$64="Martins")*('Slaughterhouse IQC'!$F$6:$F$64="666541")*'Slaughterhouse IQC'!$I$6:$I$64)) -> 152 | E24: =IF(SUMPRODUCT((LEFT('Slaughterhouse IQC'!$A$6:$A$64,7)="2026-07")*('Slaughterhouse IQC'!$B$6:$B$64="Martins")*('Slaughterhouse IQC'!$F$6:$F$64="666541")*'Slaughterhouse IQC'!$I$6:$I$64)=0,"",SUMPRODUCT((LEFT('Slaughterhouse IQC'!$A$6:$A$64,7)="2026-07")*('Slaughterhouse IQC'!$B$6:$B$64="Martins")*('Slaughterhouse IQC'!$F$6:$F$64="666541")*'Slaughterhouse IQC'!$I$6:$I$64)) -> 161 | F24: =IF(SUMPRODUCT((LEFT('Slaughterhouse IQC'!$A$6:$A$64,7)="2026-08")*('Slaughterhouse IQC'!$B$6:$B$64="Martins")*('Slaughterhouse IQC'!$F$6:$F$64="666541")*'Slaughterhouse IQC'!$I$6:$I$64)=0,"",SUMPRODUCT((LEFT('Slaughterhouse IQC'!$A$6:$A$64,7)="2026-08")*('Slaughterhouse IQC'!$B$6:$B$64="Martins")*('Slaughterhouse IQC'!$F$6:$F$64="666541")*'Slaughterhouse IQC'!$I$6:$I$64)) -> 137 | G24: =SUM(B24:F24) -> 766
A25: # Pass | B25: =IF(SUMPRODUCT((LEFT('Slaughterhouse IQC'!$A$6:$A$64,7)="2026-04")*('Slaughterhouse IQC'!$B$6:$B$64="Martins")*('Slaughterhouse IQC'!$F$6:$F$64="666541")*'Slaughterhouse IQC'!$I$6:$I$64)=0,"",SUMPRODUCT((LEFT('Slaughterhouse IQC'!$A$6:$A$64,7)="2026-04")*('Slaughterhouse IQC'!$B$6:$B$64="Martins")*('Slaughterhouse IQC'!$F$6:$F$64="666541")*'Slaughterhouse IQC'!$J$6:$J$64)) -> 116 | C25: =IF(SUMPRODUCT((LEFT('Slaughterhouse IQC'!$A$6:$A$64,7)="2026-05")*('Slaughterhouse IQC'!$B$6:$B$64="Martins")*('Slaughterhouse IQC'!$F$6:$F$64="666541")*'Slaughterhouse IQC'!$I$6:$I$64)=0,"",SUMPRODUCT((LEFT('Slaughterhouse IQC'!$A$6:$A$64,7)="2026-05")*('Slaughterhouse IQC'!$B$6:$B$64="Martins")*('Slaughterhouse IQC'!$F$6:$F$64="666541")*'Slaughterhouse IQC'!$J$6:$J$64)) -> 181 | D25: =IF(SUMPRODUCT((LEFT('Slaughterhouse IQC'!$A$6:$A$64,7)="2026-06")*('Slaughterhouse IQC'!$B$6:$B$64="Martins")*('Slaughterhouse IQC'!$F$6:$F$64="666541")*'Slaughterhouse IQC'!$I$6:$I$64)=0,"",SUMPRODUCT((LEFT('Slaughterhouse IQC'!$A$6:$A$64,7)="2026-06")*('Slaughterhouse IQC'!$B$6:$B$64="Martins")*('Slaughterhouse IQC'!$F$6:$F$64="666541")*'Slaughterhouse IQC'!$J$6:$J$64)) -> 144 | E25: =IF(SUMPRODUCT((LEFT('Slaughterhouse IQC'!$A$6:$A$64,7)="2026-07")*('Slaughterhouse IQC'!$B$6:$B$64="Martins")*('Slaughterhouse IQC'!$F$6:$F$64="666541")*'Slaughterhouse IQC'!$I$6:$I$64)=0,"",SUMPRODUCT((LEFT('Slaughterhouse IQC'!$A$6:$A$64,7)="2026-07")*('Slaughterhouse IQC'!$B$6:$B$64="Martins")*('Slaughterhouse IQC'!$F$6:$F$64="666541")*'Slaughterhouse IQC'!$J$6:$J$64)) -> 155 | F25: =IF(SUMPRODUCT((LEFT('Slaughterhouse IQC'!$A$6:$A$64,7)="2026-08")*('Slaughterhouse IQC'!$B$6:$B$64="Martins")*('Slaughterhouse IQC'!$F$6:$F$64="666541")*'Slaughterhouse IQC'!$I$6:$I$64)=0,"",SUMPRODUCT((LEFT('Slaughterhouse IQC'!$A$6:$A$64,7)="2026-08")*('Slaughterhouse IQC'!$B$6:$B$64="Martins")*('Slaughterhouse IQC'!$F$6:$F$64="666541")*'Slaughterhouse IQC'!$J$6:$J$64)) -> 132 | G25: =SUM(B25:F25) -> 728
A26: # Fail | B26: =IF(SUMPRODUCT((LEFT('Slaughterhouse IQC'!$A$6:$A$64,7)="2026-04")*('Slaughterhouse IQC'!$B$6:$B$64="Martins")*('Slaughterhouse IQC'!$F$6:$F$64="666541")*'Slaughterhouse IQC'!$I$6:$I$64)=0,"",SUMPRODUCT((LEFT('Slaughterhouse IQC'!$A$6:$A$64,7)="2026-04")*('Slaughterhouse IQC'!$B$6:$B$64="Martins")*('Slaughterhouse IQC'!$F$6:$F$64="666541")*'Slaughterhouse IQC'!$K$6:$K$64)) -> 6 | C26: =IF(SUMPRODUCT((LEFT('Slaughterhouse IQC'!$A$6:$A$64,7)="2026-05")*('Slaughterhouse IQC'!$B$6:$B$64="Martins")*('Slaughterhouse IQC'!$F$6:$F$64="666541")*'Slaughterhouse IQC'!$I$6:$I$64)=0,"",SUMPRODUCT((LEFT('Slaughterhouse IQC'!$A$6:$A$64,7)="2026-05")*('Slaughterhouse IQC'!$B$6:$B$64="Martins")*('Slaughterhouse IQC'!$F$6:$F$64="666541")*'Slaughterhouse IQC'!$K$6:$K$64)) -> 13 | D26: =IF(SUMPRODUCT((LEFT('Slaughterhouse IQC'!$A$6:$A$64,7)="2026-06")*('Slaughterhouse IQC'!$B$6:$B$64="Martins")*('Slaughterhouse IQC'!$F$6:$F$64="666541")*'Slaughterhouse IQC'!$I$6:$I$64)=0,"",SUMPRODUCT((LEFT('Slaughterhouse IQC'!$A$6:$A$64,7)="2026-06")*('Slaughterhouse IQC'!$B$6:$B$64="Martins")*('Slaughterhouse IQC'!$F$6:$F$64="666541")*'Slaughterhouse IQC'!$K$6:$K$64)) -> 8 | E26: =IF(SUMPRODUCT((LEFT('Slaughterhouse IQC'!$A$6:$A$64,7)="2026-07")*('Slaughterhouse IQC'!$B$6:$B$64="Martins")*('Slaughterhouse IQC'!$F$6:$F$64="666541")*'Slaughterhouse IQC'!$I$6:$I$64)=0,"",SUMPRODUCT((LEFT('Slaughterhouse IQC'!$A$6:$A$64,7)="2026-07")*('Slaughterhouse IQC'!$B$6:$B$64="Martins")*('Slaughterhouse IQC'!$F$6:$F$64="666541")*'Slaughterhouse IQC'!$K$6:$K$64)) -> 6 | F26: =IF(SUMPRODUCT((LEFT('Slaughterhouse IQC'!$A$6:$A$64,7)="2026-08")*('Slaughterhouse IQC'!$B$6:$B$64="Martins")*('Slaughterhouse IQC'!$F$6:$F$64="666541")*'Slaughterhouse IQC'!$I$6:$I$64)=0,"",SUMPRODUCT((LEFT('Slaughterhouse IQC'!$A$6:$A$64,7)="2026-08")*('Slaughterhouse IQC'!$B$6:$B$64="Martins")*('Slaughterhouse IQC'!$F$6:$F$64="666541")*'Slaughterhouse IQC'!$K$6:$K$64)) -> 5 | G26: =SUM(B26:F26) -> 38
A27: First-Pass Yield | B27: =IF(B24="","",IF(B24=0,"",B25/B24)) -> 0.95081967 | C27: =IF(C24="","",IF(C24=0,"",C25/C24)) -> 0.93298969 | D27: =IF(D24="","",IF(D24=0,"",D25/D24)) -> 0.94736842 | E27: =IF(E24="","",IF(E24=0,"",E25/E24)) -> 0.96273292 | F27: =IF(F24="","",IF(F24=0,"",F25/F24)) -> 0.96350365 | G27: =IF(G24=0,"",G25/G24) -> 0.95039164
A28: Issues found (defect category counts)
A29: Urethra / bladder damage | B29: 2 | C29: 9 | D29: 4 | E29: 3 | F29: 2 | G29: 20
A30: Membrane damage | C30: 2 | D30: 3 | E30: 2 | F30: 1 | G30: 8
A31: Bowel damage / separation | B31: 2 | C31: 1 | D31: 1 | F31: 2 | G31: 6
A32: Short block / mesentery length | C32: 1 | G32: 1
A33: Other / unspecified | B33: 2 | E33: 1 | G33: 3
A34: Total issues | B34: =IF(SUM(B29:B33)=0,"",SUM(B29:B33)) -> 6 | C34: =IF(SUM(C29:C33)=0,"",SUM(C29:C33)) -> 13 | D34: =IF(SUM(D29:D33)=0,"",SUM(D29:D33)) -> 8 | E34: =IF(SUM(E29:E33)=0,"",SUM(E29:E33)) -> 6 | F34: =IF(SUM(F29:F33)=0,"",SUM(F29:F33)) -> 5 | G34: =SUM(G29:G33) -> 38
A36: PELVIC @ MARTINS — 666506 (non-intact)
A37: Metric | B37: April | C37: May | D37: June | E37: July | F37: August | G37: Total
A38: # Inspected | B38: =IF(SUMPRODUCT((LEFT('Slaughterhouse IQC'!$A$6:$A$64,7)="2026-04")*('Slaughterhouse IQC'!$B$6:$B$64="Martins")*('Slaughterhouse IQC'!$F$6:$F$64="666506")*'Slaughterhouse IQC'!$I$6:$I$64)=0,"",SUMPRODUCT((LEFT('Slaughterhouse IQC'!$A$6:$A$64,7)="2026-04")*('Slaughterhouse IQC'!$B$6:$B$64="Martins")*('Slaughterhouse IQC'!$F$6:$F$64="666506")*'Slaughterhouse IQC'!$I$6:$I$64)) -> 59 | C38: =IF(SUMPRODUCT((LEFT('Slaughterhouse IQC'!$A$6:$A$64,7)="2026-05")*('Slaughterhouse IQC'!$B$6:$B$64="Martins")*('Slaughterhouse IQC'!$F$6:$F$64="666506")*'Slaughterhouse IQC'!$I$6:$I$64)=0,"",SUMPRODUCT((LEFT('Slaughterhouse IQC'!$A$6:$A$64,7)="2026-05")*('Slaughterhouse IQC'!$B$6:$B$64="Martins")*('Slaughterhouse IQC'!$F$6:$F$64="666506")*'Slaughterhouse IQC'!$I$6:$I$64)) -> 118 | D38: =IF(SUMPRODUCT((LEFT('Slaughterhouse IQC'!$A$6:$A$64,7)="2026-06")*('Slaughterhouse IQC'!$B$6:$B$64="Martins")*('Slaughterhouse IQC'!$F$6:$F$64="666506")*'Slaughterhouse IQC'!$I$6:$I$64)=0,"",SUMPRODUCT((LEFT('Slaughterhouse IQC'!$A$6:$A$64,7)="2026-06")*('Slaughterhouse IQC'!$B$6:$B$64="Martins")*('Slaughterhouse IQC'!$F$6:$F$64="666506")*'Slaughterhouse IQC'!$I$6:$I$64)) -> 53 | E38: =IF(SUMPRODUCT((LEFT('Slaughterhouse IQC'!$A$6:$A$64,7)="2026-07")*('Slaughterhouse IQC'!$B$6:$B$64="Martins")*('Slaughterhouse IQC'!$F$6:$F$64="666506")*'Slaughterhouse IQC'!$I$6:$I$64)=0,"",SUMPRODUCT((LEFT('Slaughterhouse IQC'!$A$6:$A$64,7)="2026-07")*('Slaughterhouse IQC'!$B$6:$B$64="Martins")*('Slaughterhouse IQC'!$F$6:$F$64="666506")*'Slaughterhouse IQC'!$I$6:$I$64)) -> 79 | F38: =IF(SUMPRODUCT((LEFT('Slaughterhouse IQC'!$A$6:$A$64,7)="2026-08")*('Slaughterhouse IQC'!$B$6:$B$64="Martins")*('Slaughterhouse IQC'!$F$6:$F$64="666506")*'Slaughterhouse IQC'!$I$6:$I$64)=0,"",SUMPRODUCT((LEFT('Slaughterhouse IQC'!$A$6:$A$64,7)="2026-08")*('Slaughterhouse IQC'!$B$6:$B$64="Martins")*('Slaughterhouse IQC'!$F$6:$F$64="666506")*'Slaughterhouse IQC'!$I$6:$I$64)) -> 13 | G38: =SUM(B38:F38) -> 322
A39: # Pass | B39: =IF(SUMPRODUCT((LEFT('Slaughterhouse IQC'!$A$6:$A$64,7)="2026-04")*('Slaughterhouse IQC'!$B$6:$B$64="Martins")*('Slaughterhouse IQC'!$F$6:$F$64="666506")*'Slaughterhouse IQC'!$I$6:$I$64)=0,"",SUMPRODUCT((LEFT('Slaughterhouse IQC'!$A$6:$A$64,7)="2026-04")*('Slaughterhouse IQC'!$B$6:$B$64="Martins")*('Slaughterhouse IQC'!$F$6:$F$64="666506")*'Slaughterhouse IQC'!$J$6:$J$64)) -> 55 | C39: =IF(SUMPRODUCT((LEFT('Slaughterhouse IQC'!$A$6:$A$64,7)="2026-05")*('Slaughterhouse IQC'!$B$6:$B$64="Martins")*('Slaughterhouse IQC'!$F$6:$F$64="666506")*'Slaughterhouse IQC'!$I$6:$I$64)=0,"",SUMPRODUCT((LEFT('Slaughterhouse IQC'!$A$6:$A$64,7)="2026-05")*('Slaughterhouse IQC'!$B$6:$B$64="Martins")*('Slaughterhouse IQC'!$F$6:$F$64="666506")*'Slaughterhouse IQC'!$J$6:$J$64)) -> 112 | D39: =IF(SUMPRODUCT((LEFT('Slaughterhouse IQC'!$A$6:$A$64,7)="2026-06")*('Slaughterhouse IQC'!$B$6:$B$64="Martins")*('Slaughterhouse IQC'!$F$6:$F$64="666506")*'Slaughterhouse IQC'!$I$6:$I$64)=0,"",SUMPRODUCT((LEFT('Slaughterhouse IQC'!$A$6:$A$64,7)="2026-06")*('Slaughterhouse IQC'!$B$6:$B$64="Martins")*('Slaughterhouse IQC'!$F$6:$F$64="666506")*'Slaughterhouse IQC'!$J$6:$J$64)) -> 52 | E39: =IF(SUMPRODUCT((LEFT('Slaughterhouse IQC'!$A$6:$A$64,7)="2026-07")*('Slaughterhouse IQC'!$B$6:$B$64="Martins")*('Slaughterhouse IQC'!$F$6:$F$64="666506")*'Slaughterhouse IQC'!$I$6:$I$64)=0,"",SUMPRODUCT((LEFT('Slaughterhouse IQC'!$A$6:$A$64,7)="2026-07")*('Slaughterhouse IQC'!$B$6:$B$64="Martins")*('Slaughterhouse IQC'!$F$6:$F$64="666506")*'Slaughterhouse IQC'!$J$6:$J$64)) -> 77 | F39: =IF(SUMPRODUCT((LEFT('Slaughterhouse IQC'!$A$6:$A$64,7)="2026-08")*('Slaughterhouse IQC'!$B$6:$B$64="Martins")*('Slaughterhouse IQC'!$F$6:$F$64="666506")*'Slaughterhouse IQC'!$I$6:$I$64)=0,"",SUMPRODUCT((LEFT('Slaughterhouse IQC'!$A$6:$A$64,7)="2026-08")*('Slaughterhouse IQC'!$B$6:$B$64="Martins")*('Slaughterhouse IQC'!$F$6:$F$64="666506")*'Slaughterhouse IQC'!$J$6:$J$64)) -> 13 | G39: =SUM(B39:F39) -> 309
A40: # Fail | B40: =IF(SUMPRODUCT((LEFT('Slaughterhouse IQC'!$A$6:$A$64,7)="2026-04")*('Slaughterhouse IQC'!$B$6:$B$64="Martins")*('Slaughterhouse IQC'!$F$6:$F$64="666506")*'Slaughterhouse IQC'!$I$6:$I$64)=0,"",SUMPRODUCT((LEFT('Slaughterhouse IQC'!$A$6:$A$64,7)="2026-04")*('Slaughterhouse IQC'!$B$6:$B$64="Martins")*('Slaughterhouse IQC'!$F$6:$F$64="666506")*'Slaughterhouse IQC'!$K$6:$K$64)) -> 4 | C40: =IF(SUMPRODUCT((LEFT('Slaughterhouse IQC'!$A$6:$A$64,7)="2026-05")*('Slaughterhouse IQC'!$B$6:$B$64="Martins")*('Slaughterhouse IQC'!$F$6:$F$64="666506")*'Slaughterhouse IQC'!$I$6:$I$64)=0,"",SUMPRODUCT((LEFT('Slaughterhouse IQC'!$A$6:$A$64,7)="2026-05")*('Slaughterhouse IQC'!$B$6:$B$64="Martins")*('Slaughterhouse IQC'!$F$6:$F$64="666506")*'Slaughterhouse IQC'!$K$6:$K$64)) -> 6 | D40: =IF(SUMPRODUCT((LEFT('Slaughterhouse IQC'!$A$6:$A$64,7)="2026-06")*('Slaughterhouse IQC'!$B$6:$B$64="Martins")*('Slaughterhouse IQC'!$F$6:$F$64="666506")*'Slaughterhouse IQC'!$I$6:$I$64)=0,"",SUMPRODUCT((LEFT('Slaughterhouse IQC'!$A$6:$A$64,7)="2026-06")*('Slaughterhouse IQC'!$B$6:$B$64="Martins")*('Slaughterhouse IQC'!$F$6:$F$64="666506")*'Slaughterhouse IQC'!$K$6:$K$64)) -> 1 | E40: =IF(SUMPRODUCT((LEFT('Slaughterhouse IQC'!$A$6:$A$64,7)="2026-07")*('Slaughterhouse IQC'!$B$6:$B$64="Martins")*('Slaughterhouse IQC'!$F$6:$F$64="666506")*'Slaughterhouse IQC'!$I$6:$I$64)=0,"",SUMPRODUCT((LEFT('Slaughterhouse IQC'!$A$6:$A$64,7)="2026-07")*('Slaughterhouse IQC'!$B$6:$B$64="Martins")*('Slaughterhouse IQC'!$F$6:$F$64="666506")*'Slaughterhouse IQC'!$K$6:$K$64)) -> 2 | F40: =IF(SUMPRODUCT((LEFT('Slaughterhouse IQC'!$A$6:$A$64,7)="2026-08")*('Slaughterhouse IQC'!$B$6:$B$64="Martins")*('Slaughterhouse IQC'!$F$6:$F$64="666506")*'Slaughterhouse IQC'!$I$6:$I$64)=0,"",SUMPRODUCT((LEFT('Slaughterhouse IQC'!$A$6:$A$64,7)="2026-08")*('Slaughterhouse IQC'!$B$6:$B$64="Martins")*('Slaughterhouse IQC'!$F$6:$F$64="666506")*'Slaughterhouse IQC'!$K$6:$K$64)) -> 0 | G40: =SUM(B40:F40) -> 13
A41: First-Pass Yield | B41: =IF(B38="","",IF(B38=0,"",B39/B38)) -> 0.93220339 | C41: =IF(C38="","",IF(C38=0,"",C39/C38)) -> 0.94915254 | D41: =IF(D38="","",IF(D38=0,"",D39/D38)) -> 0.98113208 | E41: =IF(E38="","",IF(E38=0,"",E39/E38)) -> 0.97468354 | F41: =IF(F38="","",IF(F38=0,"",F39/F38)) -> 1 | G41: =IF(G38=0,"",G39/G38) -> 0.95962733
A42: Issues found (defect category counts)
A43: Urethra / bladder damage | C43: 4 | G43: 4
A44: Membrane damage | C44: 1 | E44: 2 | G44: 3
A45: Bowel damage / separation | B45: 2 | G45: 2
A46: Short block / mesentery length | D46: 1 | G46: 1
A47: Other / unspecified | B47: 2 | C47: 1 | G47: 3
A48: Total issues | B48: =IF(SUM(B43:B47)=0,"",SUM(B43:B47)) -> 4 | C48: =IF(SUM(C43:C47)=0,"",SUM(C43:C47)) -> 6 | D48: =IF(SUM(D43:D47)=0,"",SUM(D43:D47)) -> 1 | E48: =IF(SUM(E43:E47)=0,"",SUM(E43:E47)) -> 2 | F48: =IF(SUM(F43:F47)=0,"",SUM(F43:F47)) | G48: =SUM(G43:G47) -> 13
A50: PELVIC @ PARKS — 666518 (intact, SM)
A51: Metric | B51: April | C51: May | D51: June | E51: July | F51: August | G51: Total
A52: # Inspected | B52: =IF(SUMPRODUCT((LEFT('Slaughterhouse IQC'!$A$6:$A$64,7)="2026-04")*('Slaughterhouse IQC'!$B$6:$B$64="Parks Family Meats")*('Slaughterhouse IQC'!$F$6:$F$64="666518")*'Slaughterhouse IQC'!$I$6:$I$64)=0,"",SUMPRODUCT((LEFT('Slaughterhouse IQC'!$A$6:$A$64,7)="2026-04")*('Slaughterhouse IQC'!$B$6:$B$64="Parks Family Meats")*('Slaughterhouse IQC'!$F$6:$F$64="666518")*'Slaughterhouse IQC'!$I$6:$I$64)) | C52: =IF(SUMPRODUCT((LEFT('Slaughterhouse IQC'!$A$6:$A$64,7)="2026-05")*('Slaughterhouse IQC'!$B$6:$B$64="Parks Family Meats")*('Slaughterhouse IQC'!$F$6:$F$64="666518")*'Slaughterhouse IQC'!$I$6:$I$64)=0,"",SUMPRODUCT((LEFT('Slaughterhouse IQC'!$A$6:$A$64,7)="2026-05")*('Slaughterhouse IQC'!$B$6:$B$64="Parks Family Meats")*('Slaughterhouse IQC'!$F$6:$F$64="666518")*'Slaughterhouse IQC'!$I$6:$I$64)) -> 16 | D52: =IF(SUMPRODUCT((LEFT('Slaughterhouse IQC'!$A$6:$A$64,7)="2026-06")*('Slaughterhouse IQC'!$B$6:$B$64="Parks Family Meats")*('Slaughterhouse IQC'!$F$6:$F$64="666518")*'Slaughterhouse IQC'!$I$6:$I$64)=0,"",SUMPRODUCT((LEFT('Slaughterhouse IQC'!$A$6:$A$64,7)="2026-06")*('Slaughterhouse IQC'!$B$6:$B$64="Parks Family Meats")*('Slaughterhouse IQC'!$F$6:$F$64="666518")*'Slaughterhouse IQC'!$I$6:$I$64)) -> 128 | E52: =IF(SUMPRODUCT((LEFT('Slaughterhouse IQC'!$A$6:$A$64,7)="2026-07")*('Slaughterhouse IQC'!$B$6:$B$64="Parks Family Meats")*('Slaughterhouse IQC'!$F$6:$F$64="666518")*'Slaughterhouse IQC'!$I$6:$I$64)=0,"",SUMPRODUCT((LEFT('Slaughterhouse IQC'!$A$6:$A$64,7)="2026-07")*('Slaughterhouse IQC'!$B$6:$B$64="Parks Family Meats")*('Slaughterhouse IQC'!$F$6:$F$64="666518")*'Slaughterhouse IQC'!$I$6:$I$64)) -> 113 | F52: =IF(SUMPRODUCT((LEFT('Slaughterhouse IQC'!$A$6:$A$64,7)="2026-08")*('Slaughterhouse IQC'!$B$6:$B$64="Parks Family Meats")*('Slaughterhouse IQC'!$F$6:$F$64="666518")*'Slaughterhouse IQC'!$I$6:$I$64)=0,"",SUMPRODUCT((LEFT('Slaughterhouse IQC'!$A$6:$A$64,7)="2026-08")*('Slaughterhouse IQC'!$B$6:$B$64="Parks Family Meats")*('Slaughterhouse IQC'!$F$6:$F$64="666518")*'Slaughterhouse IQC'!$I$6:$I$64)) | G52: =SUM(B52:F52) -> 257
A53: # Pass | B53: =IF(SUMPRODUCT((LEFT('Slaughterhouse IQC'!$A$6:$A$64,7)="2026-04")*('Slaughterhouse IQC'!$B$6:$B$64="Parks Family Meats")*('Slaughterhouse IQC'!$F$6:$F$64="666518")*'Slaughterhouse IQC'!$I$6:$I$64)=0,"",SUMPRODUCT((LEFT('Slaughterhouse IQC'!$A$6:$A$64,7)="2026-04")*('Slaughterhouse IQC'!$B$6:$B$64="Parks Family Meats")*('Slaughterhouse IQC'!$F$6:$F$64="666518")*'Slaughterhouse IQC'!$J$6:$J$64)) | C53: =IF(SUMPRODUCT((LEFT('Slaughterhouse IQC'!$A$6:$A$64,7)="2026-05")*('Slaughterhouse IQC'!$B$6:$B$64="Parks Family Meats")*('Slaughterhouse IQC'!$F$6:$F$64="666518")*'Slaughterhouse IQC'!$I$6:$I$64)=0,"",SUMPRODUCT((LEFT('Slaughterhouse IQC'!$A$6:$A$64,7)="2026-05")*('Slaughterhouse IQC'!$B$6:$B$64="Parks Family Meats")*('Slaughterhouse IQC'!$F$6:$F$64="666518")*'Slaughterhouse IQC'!$J$6:$J$64)) -> 11 | D53: =IF(SUMPRODUCT((LEFT('Slaughterhouse IQC'!$A$6:$A$64,7)="2026-06")*('Slaughterhouse IQC'!$B$6:$B$64="Parks Family Meats")*('Slaughterhouse IQC'!$F$6:$F$64="666518")*'Slaughterhouse IQC'!$I$6:$I$64)=0,"",SUMPRODUCT((LEFT('Slaughterhouse IQC'!$A$6:$A$64,7)="2026-06")*('Slaughterhouse IQC'!$B$6:$B$64="Parks Family Meats")*('Slaughterhouse IQC'!$F$6:$F$64="666518")*'Slaughterhouse IQC'!$J$6:$J$64)) -> 106 | E53: =IF(SUMPRODUCT((LEFT('Slaughterhouse IQC'!$A$6:$A$64,7)="2026-07")*('Slaughterhouse IQC'!$B$6:$B$64="Parks Family Meats")*('Slaughterhouse IQC'!$F$6:$F$64="666518")*'Slaughterhouse IQC'!$I$6:$I$64)=0,"",SUMPRODUCT((LEFT('Slaughterhouse IQC'!$A$6:$A$64,7)="2026-07")*('Slaughterhouse IQC'!$B$6:$B$64="Parks Family Meats")*('Slaughterhouse IQC'!$F$6:$F$64="666518")*'Slaughterhouse IQC'!$J$6:$J$64)) -> 100 | F53: =IF(SUMPRODUCT((LEFT('Slaughterhouse IQC'!$A$6:$A$64,7)="2026-08")*('Slaughterhouse IQC'!$B$6:$B$64="Parks Family Meats")*('Slaughterhouse IQC'!$F$6:$F$64="666518")*'Slaughterhouse IQC'!$I$6:$I$64)=0,"",SUMPRODUCT((LEFT('Slaughterhouse IQC'!$A$6:$A$64,7)="2026-08")*('Slaughterhouse IQC'!$B$6:$B$64="Parks Family Meats")*('Slaughterhouse IQC'!$F$6:$F$64="666518")*'Slaughterhouse IQC'!$J$6:$J$64)) | G53: =SUM(B53:F53) -> 217
A54: # Fail | B54: =IF(SUMPRODUCT((LEFT('Slaughterhouse IQC'!$A$6:$A$64,7)="2026-04")*('Slaughterhouse IQC'!$B$6:$B$64="Parks Family Meats")*('Slaughterhouse IQC'!$F$6:$F$64="666518")*'Slaughterhouse IQC'!$I$6:$I$64)=0,"",SUMPRODUCT((LEFT('Slaughterhouse IQC'!$A$6:$A$64,7)="2026-04")*('Slaughterhouse IQC'!$B$6:$B$64="Parks Family Meats")*('Slaughterhouse IQC'!$F$6:$F$64="666518")*'Slaughterhouse IQC'!$K$6:$K$64)) | C54: =IF(SUMPRODUCT((LEFT('Slaughterhouse IQC'!$A$6:$A$64,7)="2026-05")*('Slaughterhouse IQC'!$B$6:$B$64="Parks Family Meats")*('Slaughterhouse IQC'!$F$6:$F$64="666518")*'Slaughterhouse IQC'!$I$6:$I$64)=0,"",SUMPRODUCT((LEFT('Slaughterhouse IQC'!$A$6:$A$64,7)="2026-05")*('Slaughterhouse IQC'!$B$6:$B$64="Parks Family Meats")*('Slaughterhouse IQC'!$F$6:$F$64="666518")*'Slaughterhouse IQC'!$K$6:$K$64)) -> 5 | D54: =IF(SUMPRODUCT((LEFT('Slaughterhouse IQC'!$A$6:$A$64,7)="2026-06")*('Slaughterhouse IQC'!$B$6:$B$64="Parks Family Meats")*('Slaughterhouse IQC'!$F$6:$F$64="666518")*'Slaughterhouse IQC'!$I$6:$I$64)=0,"",SUMPRODUCT((LEFT('Slaughterhouse IQC'!$A$6:$A$64,7)="2026-06")*('Slaughterhouse IQC'!$B$6:$B$64="Parks Family Meats")*('Slaughterhouse IQC'!$F$6:$F$64="666518")*'Slaughterhouse IQC'!$K$6:$K$64)) -> 22 | E54: =IF(SUMPRODUCT((LEFT('Slaughterhouse IQC'!$A$6:$A$64,7)="2026-07")*('Slaughterhouse IQC'!$B$6:$B$64="Parks Family Meats")*('Slaughterhouse IQC'!$F$6:$F$64="666518")*'Slaughterhouse IQC'!$I$6:$I$64)=0,"",SUMPRODUCT((LEFT('Slaughterhouse IQC'!$A$6:$A$64,7)="2026-07")*('Slaughterhouse IQC'!$B$6:$B$64="Parks Family Meats")*('Slaughterhouse IQC'!$F$6:$F$64="666518")*'Slaughterhouse IQC'!$K$6:$K$64)) -> 13 | F54: =IF(SUMPRODUCT((LEFT('Slaughterhouse IQC'!$A$6:$A$64,7)="2026-08")*('Slaughterhouse IQC'!$B$6:$B$64="Parks Family Meats")*('Slaughterhouse IQC'!$F$6:$F$64="666518")*'Slaughterhouse IQC'!$I$6:$I$64)=0,"",SUMPRODUCT((LEFT('Slaughterhouse IQC'!$A$6:$A$64,7)="2026-08")*('Slaughterhouse IQC'!$B$6:$B$64="Parks Family Meats")*('Slaughterhouse IQC'!$F$6:$F$64="666518")*'Slaughterhouse IQC'!$K$6:$K$64)) | G54: =SUM(B54:F54) -> 40
A55: First-Pass Yield | B55: =IF(B52="","",IF(B52=0,"",B53/B52)) | C55: =IF(C52="","",IF(C52=0,"",C53/C52)) -> 0.6875 | D55: =IF(D52="","",IF(D52=0,"",D53/D52)) -> 0.828125 | E55: =IF(E52="","",IF(E52=0,"",E53/E52)) -> 0.88495575 | F55: =IF(F52="","",IF(F52=0,"",F53/F52)) | G55: =IF(G52=0,"",G53/G52) -> 0.84435798
A56: Issues found (defect category counts)
A57: Urethra / bladder damage | C57: 1 | D57: 10 | G57: 11
A58: Bowel damage / separation | D58: 2 | E58: 3 | G58: 5
A59: Short block / mesentery length | C59: 4 | D59: 5 | E59: 6 | G59: 15
A60: Critical-area laceration | D60: 3 | E60: 3 | G60: 6
A61: Ureter damage | D61: 2 | E61: 1 | G61: 3
A62: Total issues | B62: =IF(SUM(B57:B61)=0,"",SUM(B57:B61)) | C62: =IF(SUM(C57:C61)=0,"",SUM(C57:C61)) -> 5 | D62: =IF(SUM(D57:D61)=0,"",SUM(D57:D61)) -> 22 | E62: =IF(SUM(E57:E61)=0,"",SUM(E57:E61)) -> 13 | F62: =IF(SUM(F57:F61)=0,"",SUM(F57:F61)) | G62: =SUM(G57:G61) -> 40
A64: PELVIC @ PARKS — 666541 (intact — spec transition, from 08/10)
A65: Metric | B65: April | C65: May | D65: June | E65: July | F65: August | G65: Total
A66: # Inspected | B66: =IF(SUMPRODUCT((LEFT('Slaughterhouse IQC'!$A$6:$A$64,7)="2026-04")*('Slaughterhouse IQC'!$B$6:$B$64="Parks Family Meats")*('Slaughterhouse IQC'!$F$6:$F$64="666541")*'Slaughterhouse IQC'!$I$6:$I$64)=0,"",SUMPRODUCT((LEFT('Slaughterhouse IQC'!$A$6:$A$64,7)="2026-04")*('Slaughterhouse IQC'!$B$6:$B$64="Parks Family Meats")*('Slaughterhouse IQC'!$F$6:$F$64="666541")*'Slaughterhouse IQC'!$I$6:$I$64)) | C66: =IF(SUMPRODUCT((LEFT('Slaughterhouse IQC'!$A$6:$A$64,7)="2026-05")*('Slaughterhouse IQC'!$B$6:$B$64="Parks Family Meats")*('Slaughterhouse IQC'!$F$6:$F$64="666541")*'Slaughterhouse IQC'!$I$6:$I$64)=0,"",SUMPRODUCT((LEFT('Slaughterhouse IQC'!$A$6:$A$64,7)="2026-05")*('Slaughterhouse IQC'!$B$6:$B$64="Parks Family Meats")*('Slaughterhouse IQC'!$F$6:$F$64="666541")*'Slaughterhouse IQC'!$I$6:$I$64)) | D66: =IF(SUMPRODUCT((LEFT('Slaughterhouse IQC'!$A$6:$A$64,7)="2026-06")*('Slaughterhouse IQC'!$B$6:$B$64="Parks Family Meats")*('Slaughterhouse IQC'!$F$6:$F$64="666541")*'Slaughterhouse IQC'!$I$6:$I$64)=0,"",SUMPRODUCT((LEFT('Slaughterhouse IQC'!$A$6:$A$64,7)="2026-06")*('Slaughterhouse IQC'!$B$6:$B$64="Parks Family Meats")*('Slaughterhouse IQC'!$F$6:$F$64="666541")*'Slaughterhouse IQC'!$I$6:$I$64)) | E66: =IF(SUMPRODUCT((LEFT('Slaughterhouse IQC'!$A$6:$A$64,7)="2026-07")*('Slaughterhouse IQC'!$B$6:$B$64="Parks Family Meats")*('Slaughterhouse IQC'!$F$6:$F$64="666541")*'Slaughterhouse IQC'!$I$6:$I$64)=0,"",SUMPRODUCT((LEFT('Slaughterhouse IQC'!$A$6:$A$64,7)="2026-07")*('Slaughterhouse IQC'!$B$6:$B$64="Parks Family Meats")*('Slaughterhouse IQC'!$F$6:$F$64="666541")*'Slaughterhouse IQC'!$I$6:$I$64)) | F66: =IF(SUMPRODUCT((LEFT('Slaughterhouse IQC'!$A$6:$A$64,7)="2026-08")*('Slaughterhouse IQC'!$B$6:$B$64="Parks Family Meats")*('Slaughterhouse IQC'!$F$6:$F$64="666541")*'Slaughterhouse IQC'!$I$6:$I$64)=0,"",SUMPRODUCT((LEFT('Slaughterhouse IQC'!$A$6:$A$64,7)="2026-08")*('Slaughterhouse IQC'!$B$6:$B$64="Parks Family Meats")*('Slaughterhouse IQC'!$F$6:$F$64="666541")*'Slaughterhouse IQC'!$I$6:$I$64)) -> 33 | G66: =SUM(B66:F66) -> 33
A67: # Pass | B67: =IF(SUMPRODUCT((LEFT('Slaughterhouse IQC'!$A$6:$A$64,7)="2026-04")*('Slaughterhouse IQC'!$B$6:$B$64="Parks Family Meats")*('Slaughterhouse IQC'!$F$6:$F$64="666541")*'Slaughterhouse IQC'!$I$6:$I$64)=0,"",SUMPRODUCT((LEFT('Slaughterhouse IQC'!$A$6:$A$64,7)="2026-04")*('Slaughterhouse IQC'!$B$6:$B$64="Parks Family Meats")*('Slaughterhouse IQC'!$F$6:$F$64="666541")*'Slaughterhouse IQC'!$J$6:$J$64)) | C67: =IF(SUMPRODUCT((LEFT('Slaughterhouse IQC'!$A$6:$A$64,7)="2026-05")*('Slaughterhouse IQC'!$B$6:$B$64="Parks Family Meats")*('Slaughterhouse IQC'!$F$6:$F$64="666541")*'Slaughterhouse IQC'!$I$6:$I$64)=0,"",SUMPRODUCT((LEFT('Slaughterhouse IQC'!$A$6:$A$64,7)="2026-05")*('Slaughterhouse IQC'!$B$6:$B$64="Parks Family Meats")*('Slaughterhouse IQC'!$F$6:$F$64="666541")*'Slaughterhouse IQC'!$J$6:$J$64)) | D67: =IF(SUMPRODUCT((LEFT('Slaughterhouse IQC'!$A$6:$A$64,7)="2026-06")*('Slaughterhouse IQC'!$B$6:$B$64="Parks Family Meats")*('Slaughterhouse IQC'!$F$6:$F$64="666541")*'Slaughterhouse IQC'!$I$6:$I$64)=0,"",SUMPRODUCT((LEFT('Slaughterhouse IQC'!$A$6:$A$64,7)="2026-06")*('Slaughterhouse IQC'!$B$6:$B$64="Parks Family Meats")*('Slaughterhouse IQC'!$F$6:$F$64="666541")*'Slaughterhouse IQC'!$J$6:$J$64)) | E67: =IF(SUMPRODUCT((LEFT('Slaughterhouse IQC'!$A$6:$A$64,7)="2026-07")*('Slaughterhouse IQC'!$B$6:$B$64="Parks Family Meats")*('Slaughterhouse IQC'!$F$6:$F$64="666541")*'Slaughterhouse IQC'!$I$6:$I$64)=0,"",SUMPRODUCT((LEFT('Slaughterhouse IQC'!$A$6:$A$64,7)="2026-07")*('Slaughterhouse IQC'!$B$6:$B$64="Parks Family Meats")*('Slaughterhouse IQC'!$F$6:$F$64="666541")*'Slaughterhouse IQC'!$J$6:$J$64)) | F67: =IF(SUMPRODUCT((LEFT('Slaughterhouse IQC'!$A$6:$A$64,7)="2026-08")*('Slaughterhouse IQC'!$B$6:$B$64="Parks Family Meats")*('Slaughterhouse IQC'!$F$6:$F$64="666541")*'Slaughterhouse IQC'!$I$6:$I$64)=0,"",SUMPRODUCT((LEFT('Slaughterhouse IQC'!$A$6:$A$64,7)="2026-08")*('Slaughterhouse IQC'!$B$6:$B$64="Parks Family Meats")*('Slaughterhouse IQC'!$F$6:$F$64="666541")*'Slaughterhouse IQC'!$J$6:$J$64)) -> 32 | G67: =SUM(B67:F67) -> 32
A68: # Fail | B68: =IF(SUMPRODUCT((LEFT('Slaughterhouse IQC'!$A$6:$A$64,7)="2026-04")*('Slaughterhouse IQC'!$B$6:$B$64="Parks Family Meats")*('Slaughterhouse IQC'!$F$6:$F$64="666541")*'Slaughterhouse IQC'!$I$6:$I$64)=0,"",SUMPRODUCT((LEFT('Slaughterhouse IQC'!$A$6:$A$64,7)="2026-04")*('Slaughterhouse IQC'!$B$6:$B$64="Parks Family Meats")*('Slaughterhouse IQC'!$F$6:$F$64="666541")*'Slaughterhouse IQC'!$K$6:$K$64)) | C68: =IF(SUMPRODUCT((LEFT('Slaughterhouse IQC'!$A$6:$A$64,7)="2026-05")*('Slaughterhouse IQC'!$B$6:$B$64="Parks Family Meats")*('Slaughterhouse IQC'!$F$6:$F$64="666541")*'Slaughterhouse IQC'!$I$6:$I$64)=0,"",SUMPRODUCT((LEFT('Slaughterhouse IQC'!$A$6:$A$64,7)="2026-05")*('Slaughterhouse IQC'!$B$6:$B$64="Parks Family Meats")*('Slaughterhouse IQC'!$F$6:$F$64="666541")*'Slaughterhouse IQC'!$K$6:$K$64)) | D68: =IF(SUMPRODUCT((LEFT('Slaughterhouse IQC'!$A$6:$A$64,7)="2026-06")*('Slaughterhouse IQC'!$B$6:$B$64="Parks Family Meats")*('Slaughterhouse IQC'!$F$6:$F$64="666541")*'Slaughterhouse IQC'!$I$6:$I$64)=0,"",SUMPRODUCT((LEFT('Slaughterhouse IQC'!$A$6:$A$64,7)="2026-06")*('Slaughterhouse IQC'!$B$6:$B$64="Parks Family Meats")*('Slaughterhouse IQC'!$F$6:$F$64="666541")*'Slaughterhouse IQC'!$K$6:$K$64)) | E68: =IF(SUMPRODUCT((LEFT('Slaughterhouse IQC'!$A$6:$A$64,7)="2026-07")*('Slaughterhouse IQC'!$B$6:$B$64="Parks Family Meats")*('Slaughterhouse IQC'!$F$6:$F$64="666541")*'Slaughterhouse IQC'!$I$6:$I$64)=0,"",SUMPRODUCT((LEFT('Slaughterhouse IQC'!$A$6:$A$64,7)="2026-07")*('Slaughterhouse IQC'!$B$6:$B$64="Parks Family Meats")*('Slaughterhouse IQC'!$F$6:$F$64="666541")*'Slaughterhouse IQC'!$K$6:$K$64)) | F68: =IF(SUMPRODUCT((LEFT('Slaughterhouse IQC'!$A$6:$A$64,7)="2026-08")*('Slaughterhouse IQC'!$B$6:$B$64="Parks Family Meats")*('Slaughterhouse IQC'!$F$6:$F$64="666541")*'Slaughterhouse IQC'!$I$6:$I$64)=0,"",SUMPRODUCT((LEFT('Slaughterhouse IQC'!$A$6:$A$64,7)="2026-08")*('Slaughterhouse IQC'!$B$6:$B$64="Parks Family Meats")*('Slaughterhouse IQC'!$F$6:$F$64="666541")*'Slaughterhouse IQC'!$K$6:$K$64)) -> 1 | G68: =SUM(B68:F68) -> 1
A69: First-Pass Yield | B69: =IF(B66="","",IF(B66=0,"",B67/B66)) | C69: =IF(C66="","",IF(C66=0,"",C67/C66)) | D69: =IF(D66="","",IF(D66=0,"",D67/D66)) | E69: =IF(E66="","",IF(E66=0,"",E67/E66)) | F69: =IF(F66="","",IF(F66=0,"",F67/F66)) -> 0.96969697 | G69: =IF(G66=0,"",G67/G66) -> 0.96969697
A70: Issues found (defect category counts)
A71: Bowel damage / separation | F71: 1 | G71: 1
A72: Total issues | B72: =IF(SUM(B71:B71)=0,"",SUM(B71:B71)) | C72: =IF(SUM(C71:C71)=0,"",SUM(C71:C71)) | D72: =IF(SUM(D71:D71)=0,"",SUM(D71:D71)) | E72: =IF(SUM(E71:E71)=0,"",SUM(E71:E71)) | F72: =IF(SUM(F71:F71)=0,"",SUM(F71:F71)) -> 1 | G72: =SUM(G71:G71) -> 1
A74: PELVIC @ NAHUNTA — 666541 (intact — side line)
A75: Metric | B75: April | C75: May | D75: June | E75: July | F75: August | G75: Total
A76: # Inspected | B76: =IF(SUMPRODUCT((LEFT('Slaughterhouse IQC'!$A$6:$A$64,7)="2026-04")*('Slaughterhouse IQC'!$B$6:$B$64="Nahunta")*('Slaughterhouse IQC'!$F$6:$F$64="666541")*'Slaughterhouse IQC'!$I$6:$I$64)=0,"",SUMPRODUCT((LEFT('Slaughterhouse IQC'!$A$6:$A$64,7)="2026-04")*('Slaughterhouse IQC'!$B$6:$B$64="Nahunta")*('Slaughterhouse IQC'!$F$6:$F$64="666541")*'Slaughterhouse IQC'!$I$6:$I$64)) | C76: =IF(SUMPRODUCT((LEFT('Slaughterhouse IQC'!$A$6:$A$64,7)="2026-05")*('Slaughterhouse IQC'!$B$6:$B$64="Nahunta")*('Slaughterhouse IQC'!$F$6:$F$64="666541")*'Slaughterhouse IQC'!$I$6:$I$64)=0,"",SUMPRODUCT((LEFT('Slaughterhouse IQC'!$A$6:$A$64,7)="2026-05")*('Slaughterhouse IQC'!$B$6:$B$64="Nahunta")*('Slaughterhouse IQC'!$F$6:$F$64="666541")*'Slaughterhouse IQC'!$I$6:$I$64)) | D76: =IF(SUMPRODUCT((LEFT('Slaughterhouse IQC'!$A$6:$A$64,7)="2026-06")*('Slaughterhouse IQC'!$B$6:$B$64="Nahunta")*('Slaughterhouse IQC'!$F$6:$F$64="666541")*'Slaughterhouse IQC'!$I$6:$I$64)=0,"",SUMPRODUCT((LEFT('Slaughterhouse IQC'!$A$6:$A$64,7)="2026-06")*('Slaughterhouse IQC'!$B$6:$B$64="Nahunta")*('Slaughterhouse IQC'!$F$6:$F$64="666541")*'Slaughterhouse IQC'!$I$6:$I$64)) | E76: =IF(SUMPRODUCT((LEFT('Slaughterhouse IQC'!$A$6:$A$64,7)="2026-07")*('Slaughterhouse IQC'!$B$6:$B$64="Nahunta")*('Slaughterhouse IQC'!$F$6:$F$64="666541")*'Slaughterhouse IQC'!$I$6:$I$64)=0,"",SUMPRODUCT((LEFT('Slaughterhouse IQC'!$A$6:$A$64,7)="2026-07")*('Slaughterhouse IQC'!$B$6:$B$64="Nahunta")*('Slaughterhouse IQC'!$F$6:$F$64="666541")*'Slaughterhouse IQC'!$I$6:$I$64)) -> 1 | F76: =IF(SUMPRODUCT((LEFT('Slaughterhouse IQC'!$A$6:$A$64,7)="2026-08")*('Slaughterhouse IQC'!$B$6:$B$64="Nahunta")*('Slaughterhouse IQC'!$F$6:$F$64="666541")*'Slaughterhouse IQC'!$I$6:$I$64)=0,"",SUMPRODUCT((LEFT('Slaughterhouse IQC'!$A$6:$A$64,7)="2026-08")*('Slaughterhouse IQC'!$B$6:$B$64="Nahunta")*('Slaughterhouse IQC'!$F$6:$F$64="666541")*'Slaughterhouse IQC'!$I$6:$I$64)) -> 13 | G76: =SUM(B76:F76) -> 14
A77: # Pass | B77: =IF(SUMPRODUCT((LEFT('Slaughterhouse IQC'!$A$6:$A$64,7)="2026-04")*('Slaughterhouse IQC'!$B$6:$B$64="Nahunta")*('Slaughterhouse IQC'!$F$6:$F$64="666541")*'Slaughterhouse IQC'!$I$6:$I$64)=0,"",SUMPRODUCT((LEFT('Slaughterhouse IQC'!$A$6:$A$64,7)="2026-04")*('Slaughterhouse IQC'!$B$6:$B$64="Nahunta")*('Slaughterhouse IQC'!$F$6:$F$64="666541")*'Slaughterhouse IQC'!$J$6:$J$64)) | C77: =IF(SUMPRODUCT((LEFT('Slaughterhouse IQC'!$A$6:$A$64,7)="2026-05")*('Slaughterhouse IQC'!$B$6:$B$64="Nahunta")*('Slaughterhouse IQC'!$F$6:$F$64="666541")*'Slaughterhouse IQC'!$I$6:$I$64)=0,"",SUMPRODUCT((LEFT('Slaughterhouse IQC'!$A$6:$A$64,7)="2026-05")*('Slaughterhouse IQC'!$B$6:$B$64="Nahunta")*('Slaughterhouse IQC'!$F$6:$F$64="666541")*'Slaughterhouse IQC'!$J$6:$J$64)) | D77: =IF(SUMPRODUCT((LEFT('Slaughterhouse IQC'!$A$6:$A$64,7)="2026-06")*('Slaughterhouse IQC'!$B$6:$B$64="Nahunta")*('Slaughterhouse IQC'!$F$6:$F$64="666541")*'Slaughterhouse IQC'!$I$6:$I$64)=0,"",SUMPRODUCT((LEFT('Slaughterhouse IQC'!$A$6:$A$64,7)="2026-06")*('Slaughterhouse IQC'!$B$6:$B$64="Nahunta")*('Slaughterhouse IQC'!$F$6:$F$64="666541")*'Slaughterhouse IQC'!$J$6:$J$64)) | E77: =IF(SUMPRODUCT((LEFT('Slaughterhouse IQC'!$A$6:$A$64,7)="2026-07")*('Slaughterhouse IQC'!$B$6:$B$64="Nahunta")*('Slaughterhouse IQC'!$F$6:$F$64="666541")*'Slaughterhouse IQC'!$I$6:$I$64)=0,"",SUMPRODUCT((LEFT('Slaughterhouse IQC'!$A$6:$A$64,7)="2026-07")*('Slaughterhouse IQC'!$B$6:$B$64="Nahunta")*('Slaughterhouse IQC'!$F$6:$F$64="666541")*'Slaughterhouse IQC'!$J$6:$J$64)) -> 1 | F77: =IF(SUMPRODUCT((LEFT('Slaughterhouse IQC'!$A$6:$A$64,7)="2026-08")*('Slaughterhouse IQC'!$B$6:$B$64="Nahunta")*('Slaughterhouse IQC'!$F$6:$F$64="666541")*'Slaughterhouse IQC'!$I$6:$I$64)=0,"",SUMPRODUCT((LEFT('Slaughterhouse IQC'!$A$6:$A$64,7)="2026-08")*('Slaughterhouse IQC'!$B$6:$B$64="Nahunta")*('Slaughterhouse IQC'!$F$6:$F$64="666541")*'Slaughterhouse IQC'!$J$6:$J$64)) -> 1 | G77: =SUM(B77:F77) -> 2
A78: # Fail | B78: =IF(SUMPRODUCT((LEFT('Slaughterhouse IQC'!$A$6:$A$64,7)="2026-04")*('Slaughterhouse IQC'!$B$6:$B$64="Nahunta")*('Slaughterhouse IQC'!$F$6:$F$64="666541")*'Slaughterhouse IQC'!$I$6:$I$64)=0,"",SUMPRODUCT((LEFT('Slaughterhouse IQC'!$A$6:$A$64,7)="2026-04")*('Slaughterhouse IQC'!$B$6:$B$64="Nahunta")*('Slaughterhouse IQC'!$F$6:$F$64="666541")*'Slaughterhouse IQC'!$K$6:$K$64)) | C78: =IF(SUMPRODUCT((LEFT('Slaughterhouse IQC'!$A$6:$A$64,7)="2026-05")*('Slaughterhouse IQC'!$B$6:$B$64="Nahunta")*('Slaughterhouse IQC'!$F$6:$F$64="666541")*'Slaughterhouse IQC'!$I$6:$I$64)=0,"",SUMPRODUCT((LEFT('Slaughterhouse IQC'!$A$6:$A$64,7)="2026-05")*('Slaughterhouse IQC'!$B$6:$B$64="Nahunta")*('Slaughterhouse IQC'!$F$6:$F$64="666541")*'Slaughterhouse IQC'!$K$6:$K$64)) | D78: =IF(SUMPRODUCT((LEFT('Slaughterhouse IQC'!$A$6:$A$64,7)="2026-06")*('Slaughterhouse IQC'!$B$6:$B$64="Nahunta")*('Slaughterhouse IQC'!$F$6:$F$64="666541")*'Slaughterhouse IQC'!$I$6:$I$64)=0,"",SUMPRODUCT((LEFT('Slaughterhouse IQC'!$A$6:$A$64,7)="2026-06")*('Slaughterhouse IQC'!$B$6:$B$64="Nahunta")*('Slaughterhouse IQC'!$F$6:$F$64="666541")*'Slaughterhouse IQC'!$K$6:$K$64)) | E78: =IF(SUMPRODUCT((LEFT('Slaughterhouse IQC'!$A$6:$A$64,7)="2026-07")*('Slaughterhouse IQC'!$B$6:$B$64="Nahunta")*('Slaughterhouse IQC'!$F$6:$F$64="666541")*'Slaughterhouse IQC'!$I$6:$I$64)=0,"",SUMPRODUCT((LEFT('Slaughterhouse IQC'!$A$6:$A$64,7)="2026-07")*('Slaughterhouse IQC'!$B$6:$B$64="Nahunta")*('Slaughterhouse IQC'!$F$6:$F$64="666541")*'Slaughterhouse IQC'!$K$6:$K$64)) -> 0 | F78: =IF(SUMPRODUCT((LEFT('Slaughterhouse IQC'!$A$6:$A$64,7)="2026-08")*('Slaughterhouse IQC'!$B$6:$B$64="Nahunta")*('Slaughterhouse IQC'!$F$6:$F$64="666541")*'Slaughterhouse IQC'!$I$6:$I$64)=0,"",SUMPRODUCT((LEFT('Slaughterhouse IQC'!$A$6:$A$64,7)="2026-08")*('Slaughterhouse IQC'!$B$6:$B$64="Nahunta")*('Slaughterhouse IQC'!$F$6:$F$64="666541")*'Slaughterhouse IQC'!$K$6:$K$64)) -> 12 | G78: =SUM(B78:F78) -> 12
A79: First-Pass Yield | B79: =IF(B76="","",IF(B76=0,"",B77/B76)) | C79: =IF(C76="","",IF(C76=0,"",C77/C76)) | D79: =IF(D76="","",IF(D76=0,"",D77/D76)) | E79: =IF(E76="","",IF(E76=0,"",E77/E76)) -> 1 | F79: =IF(F76="","",IF(F76=0,"",F77/F76)) -> 0.076923077 | G79: =IF(G76=0,"",G77/G76) -> 0.14285714
A80: Issues found (defect category counts)
A81: Other / unspecified | F81: 12 | G81: 12
A82: Total issues | B82: =IF(SUM(B81:B81)=0,"",SUM(B81:B81)) | C82: =IF(SUM(C81:C81)=0,"",SUM(C81:C81)) | D82: =IF(SUM(D81:D81)=0,"",SUM(D81:D81)) | E82: =IF(SUM(E81:E81)=0,"",SUM(E81:E81)) | F82: =IF(SUM(F81:F81)=0,"",SUM(F81:F81)) -> 12 | G82: =SUM(G81:G81) -> 12
A84: THORACIC @ NAHUNTA — 666521 (lung / heart)
A85: Metric | B85: April | C85: May | D85: June | E85: July | F85: August | G85: Total
A86: # Inspected | B86: =IF(SUMPRODUCT((LEFT('Slaughterhouse IQC'!$A$6:$A$64,7)="2026-04")*('Slaughterhouse IQC'!$B$6:$B$64="Nahunta")*('Slaughterhouse IQC'!$F$6:$F$64="666521")*'Slaughterhouse IQC'!$I$6:$I$64)=0,"",SUMPRODUCT((LEFT('Slaughterhouse IQC'!$A$6:$A$64,7)="2026-04")*('Slaughterhouse IQC'!$B$6:$B$64="Nahunta")*('Slaughterhouse IQC'!$F$6:$F$64="666521")*'Slaughterhouse IQC'!$I$6:$I$64)) | C86: =IF(SUMPRODUCT((LEFT('Slaughterhouse IQC'!$A$6:$A$64,7)="2026-05")*('Slaughterhouse IQC'!$B$6:$B$64="Nahunta")*('Slaughterhouse IQC'!$F$6:$F$64="666521")*'Slaughterhouse IQC'!$I$6:$I$64)=0,"",SUMPRODUCT((LEFT('Slaughterhouse IQC'!$A$6:$A$64,7)="2026-05")*('Slaughterhouse IQC'!$B$6:$B$64="Nahunta")*('Slaughterhouse IQC'!$F$6:$F$64="666521")*'Slaughterhouse IQC'!$I$6:$I$64)) | D86: =IF(SUMPRODUCT((LEFT('Slaughterhouse IQC'!$A$6:$A$64,7)="2026-06")*('Slaughterhouse IQC'!$B$6:$B$64="Nahunta")*('Slaughterhouse IQC'!$F$6:$F$64="666521")*'Slaughterhouse IQC'!$I$6:$I$64)=0,"",SUMPRODUCT((LEFT('Slaughterhouse IQC'!$A$6:$A$64,7)="2026-06")*('Slaughterhouse IQC'!$B$6:$B$64="Nahunta")*('Slaughterhouse IQC'!$F$6:$F$64="666521")*'Slaughterhouse IQC'!$I$6:$I$64)) | E86: =IF(SUMPRODUCT((LEFT('Slaughterhouse IQC'!$A$6:$A$64,7)="2026-07")*('Slaughterhouse IQC'!$B$6:$B$64="Nahunta")*('Slaughterhouse IQC'!$F$6:$F$64="666521")*'Slaughterhouse IQC'!$I$6:$I$64)=0,"",SUMPRODUCT((LEFT('Slaughterhouse IQC'!$A$6:$A$64,7)="2026-07")*('Slaughterhouse IQC'!$B$6:$B$64="Nahunta")*('Slaughterhouse IQC'!$F$6:$F$64="666521")*'Slaughterhouse IQC'!$I$6:$I$64)) -> 19 | F86: =IF(SUMPRODUCT((LEFT('Slaughterhouse IQC'!$A$6:$A$64,7)="2026-08")*('Slaughterhouse IQC'!$B$6:$B$64="Nahunta")*('Slaughterhouse IQC'!$F$6:$F$64="666521")*'Slaughterhouse IQC'!$I$6:$I$64)=0,"",SUMPRODUCT((LEFT('Slaughterhouse IQC'!$A$6:$A$64,7)="2026-08")*('Slaughterhouse IQC'!$B$6:$B$64="Nahunta")*('Slaughterhouse IQC'!$F$6:$F$64="666521")*'Slaughterhouse IQC'!$I$6:$I$64)) -> 57 | G86: =SUM(B86:F86) -> 76
A87: # Pass | B87: =IF(SUMPRODUCT((LEFT('Slaughterhouse IQC'!$A$6:$A$64,7)="2026-04")*('Slaughterhouse IQC'!$B$6:$B$64="Nahunta")*('Slaughterhouse IQC'!$F$6:$F$64="666521")*'Slaughterhouse IQC'!$I$6:$I$64)=0,"",SUMPRODUCT((LEFT('Slaughterhouse IQC'!$A$6:$A$64,7)="2026-04")*('Slaughterhouse IQC'!$B$6:$B$64="Nahunta")*('Slaughterhouse IQC'!$F$6:$F$64="666521")*'Slaughterhouse IQC'!$J$6:$J$64)) | C87: =IF(SUMPRODUCT((LEFT('Slaughterhouse IQC'!$A$6:$A$64,7)="2026-05")*('Slaughterhouse IQC'!$B$6:$B$64="Nahunta")*('Slaughterhouse IQC'!$F$6:$F$64="666521")*'Slaughterhouse IQC'!$I$6:$I$64)=0,"",SUMPRODUCT((LEFT('Slaughterhouse IQC'!$A$6:$A$64,7)="2026-05")*('Slaughterhouse IQC'!$B$6:$B$64="Nahunta")*('Slaughterhouse IQC'!$F$6:$F$64="666521")*'Slaughterhouse IQC'!$J$6:$J$64)) | D87: =IF(SUMPRODUCT((LEFT('Slaughterhouse IQC'!$A$6:$A$64,7)="2026-06")*('Slaughterhouse IQC'!$B$6:$B$64="Nahunta")*('Slaughterhouse IQC'!$F$6:$F$64="666521")*'Slaughterhouse IQC'!$I$6:$I$64)=0,"",SUMPRODUCT((LEFT('Slaughterhouse IQC'!$A$6:$A$64,7)="2026-06")*('Slaughterhouse IQC'!$B$6:$B$64="Nahunta")*('Slaughterhouse IQC'!$F$6:$F$64="666521")*'Slaughterhouse IQC'!$J$6:$J$64)) | E87: =IF(SUMPRODUCT((LEFT('Slaughterhouse IQC'!$A$6:$A$64,7)="2026-07")*('Slaughterhouse IQC'!$B$6:$B$64="Nahunta")*('Slaughterhouse IQC'!$F$6:$F$64="666521")*'Slaughterhouse IQC'!$I$6:$I$64)=0,"",SUMPRODUCT((LEFT('Slaughterhouse IQC'!$A$6:$A$64,7)="2026-07")*('Slaughterhouse IQC'!$B$6:$B$64="Nahunta")*('Slaughterhouse IQC'!$F$6:$F$64="666521")*'Slaughterhouse IQC'!$J$6:$J$64)) -> 6 | F87: =IF(SUMPRODUCT((LEFT('Slaughterhouse IQC'!$A$6:$A$64,7)="2026-08")*('Slaughterhouse IQC'!$B$6:$B$64="Nahunta")*('Slaughterhouse IQC'!$F$6:$F$64="666521")*'Slaughterhouse IQC'!$I$6:$I$64)=0,"",SUMPRODUCT((LEFT('Slaughterhouse IQC'!$A$6:$A$64,7)="2026-08")*('Slaughterhouse IQC'!$B$6:$B$64="Nahunta")*('Slaughterhouse IQC'!$F$6:$F$64="666521")*'Slaughterhouse IQC'!$J$6:$J$64)) -> 8 | G87: =SUM(B87:F87) -> 14
A88: # Fail | B88: =IF(SUMPRODUCT((LEFT('Slaughterhouse IQC'!$A$6:$A$64,7)="2026-04")*('Slaughterhouse IQC'!$B$6:$B$64="Nahunta")*('Slaughterhouse IQC'!$F$6:$F$64="666521")*'Slaughterhouse IQC'!$I$6:$I$64)=0,"",SUMPRODUCT((LEFT('Slaughterhouse IQC'!$A$6:$A$64,7)="2026-04")*('Slaughterhouse IQC'!$B$6:$B$64="Nahunta")*('Slaughterhouse IQC'!$F$6:$F$64="666521")*'Slaughterhouse IQC'!$K$6:$K$64)) | C88: =IF(SUMPRODUCT((LEFT('Slaughterhouse IQC'!$A$6:$A$64,7)="2026-05")*('Slaughterhouse IQC'!$B$6:$B$64="Nahunta")*('Slaughterhouse IQC'!$F$6:$F$64="666521")*'Slaughterhouse IQC'!$I$6:$I$64)=0,"",SUMPRODUCT((LEFT('Slaughterhouse IQC'!$A$6:$A$64,7)="2026-05")*('Slaughterhouse IQC'!$B$6:$B$64="Nahunta")*('Slaughterhouse IQC'!$F$6:$F$64="666521")*'Slaughterhouse IQC'!$K$6:$K$64)) | D88: =IF(SUMPRODUCT((LEFT('Slaughterhouse IQC'!$A$6:$A$64,7)="2026-06")*('Slaughterhouse IQC'!$B$6:$B$64="Nahunta")*('Slaughterhouse IQC'!$F$6:$F$64="666521")*'Slaughterhouse IQC'!$I$6:$I$64)=0,"",SUMPRODUCT((LEFT('Slaughterhouse IQC'!$A$6:$A$64,7)="2026-06")*('Slaughterhouse IQC'!$B$6:$B$64="Nahunta")*('Slaughterhouse IQC'!$F$6:$F$64="666521")*'Slaughterhouse IQC'!$K$6:$K$64)) | E88: =IF(SUMPRODUCT((LEFT('Slaughterhouse IQC'!$A$6:$A$64,7)="2026-07")*('Slaughterhouse IQC'!$B$6:$B$64="Nahunta")*('Slaughterhouse IQC'!$F$6:$F$64="666521")*'Slaughterhouse IQC'!$I$6:$I$64)=0,"",SUMPRODUCT((LEFT('Slaughterhouse IQC'!$A$6:$A$64,7)="2026-07")*('Slaughterhouse IQC'!$B$6:$B$64="Nahunta")*('Slaughterhouse IQC'!$F$6:$F$64="666521")*'Slaughterhouse IQC'!$K$6:$K$64)) -> 13 | F88: =IF(SUMPRODUCT((LEFT('Slaughterhouse IQC'!$A$6:$A$64,7)="2026-08")*('Slaughterhouse IQC'!$B$6:$B$64="Nahunta")*('Slaughterhouse IQC'!$F$6:$F$64="666521")*'Slaughterhouse IQC'!$I$6:$I$64)=0,"",SUMPRODUCT((LEFT('Slaughterhouse IQC'!$A$6:$A$64,7)="2026-08")*('Slaughterhouse IQC'!$B$6:$B$64="Nahunta")*('Slaughterhouse IQC'!$F$6:$F$64="666521")*'Slaughterhouse IQC'!$K$6:$K$64)) -> 49 | G88: =SUM(B88:F88) -> 62
A89: First-Pass Yield | B89: =IF(B86="","",IF(B86=0,"",B87/B86)) | C89: =IF(C86="","",IF(C86=0,"",C87/C86)) | D89: =IF(D86="","",IF(D86=0,"",D87/D86)) | E89: =IF(E86="","",IF(E86=0,"",E87/E86)) -> 0.31578947 | F89: =IF(F86="","",IF(F86=0,"",F87/F86)) -> 0.14035088 | G89: =IF(G86=0,"",G87/G86) -> 0.18421053
A90: Issues found (defect category counts)
A91: Lung laceration | E91: 11 | F91: 31 | G91: 42
A92: Heart damage | E92: 2 | F92: 19 | G92: 21
A93: Total issues | B93: =IF(SUM(B91:B92)=0,"",SUM(B91:B92)) | C93: =IF(SUM(C91:C92)=0,"",SUM(C91:C92)) | D93: =IF(SUM(D91:D92)=0,"",SUM(D91:D92)) | E93: =IF(SUM(E91:E92)=0,"",SUM(E91:E92)) -> 13 | F93: =IF(SUM(F91:F92)=0,"",SUM(F91:F92)) -> 50 | G93: =SUM(G91:G92) -> 63
A95: NOTES
A96: • Defect categories normalize free-text scrap reasons: blood clots and 'damaged after cleaning' → Other; bowel-cleaning bursts and bowel/colon–mesentery separations → Bowel damage / separation; mesentery holes/lacerations in the critical area → Critical-area laceration; 'small bladder' / 'deformed bladder' → Urethra / bladder. Original wording stays in the Inspection Log.
A97: • Volume rows (# Inspected / Pass / Fail, FPY) are live formulas over the Inspection Log (rows 6–64) — they update automatically when the log grows within that range. Defect-category counts are analyst-tagged from scrap notes (static snapshot through 08/19); retag new rows when appending.
A98: • Known count caveats: Nahunta thoracic 8/12 defect breakdown sums to 12 vs 11 recorded fails (kept as written, so thoracic categorized issues = 50 vs 49 fails in August). Nahunta pelvic 8/12 (13/1/12) has no defect breakdown and is provisional → all 12 in Other/unspecified. Martins 666541 7/20 includes 1 undocumented reject (Other).
A99: • Parks runs as two part lines across the spec transition: 666518 through 07/30, 666541 from 08/10 — shown separately by request. Nahunta pelvic is a side line (thoracic is the primary part there).

Sheet SH vs ATM by Batch
A1: SH vs ATM — Batch-to-Batch Comparison
A2: Batches inspected on the slaughterhouse floor that also appear in the ATM (SAP) receipt data, matched on batch/lot number. 12 matched batches: 10 Martins pelvic 666541 + 2 Nahunta thoracic 666521. SH figures are floor samples; ATM figures are the full received quantity. 'ATM review' = scrap postings (movement 551); the lag column shows how long after the SH inspection the batch was revised at ATM.
A4: BATCH-TO-BATCH: SH FLOOR vs ATM RECEIPT REVIEW
A5: Batch / Lot | B5: Part | C5: Tissue | D5: SH site | E5: SH inspection dates | F5: SH # Insp | G5: SH # Pass | H5: SH # Fail | I5: SH FPY | J5: SH top defects | K5: ATM first receipt | L5: ATM # Recv | M5: ATM # Scrap | N5: ATM Scrap % | O5: ATM review window | P5: Days SH → ATM review
A6: 5502378434 | B6: 666541 | C6: Pelvic | D6: Martins | E6: 04-13, 04-15 | F6: 65 | G6: 60 | H6: 5 | I6: 0.9231 | J6: Urethra (2), Other (2), Bowel damage (1) | K6: 2026-04-02 | L6: 542 | M6: 24 | N6: 0.0443 | O6: 2026-05-01 → 2026-05-13 | P6: 18
A7: 5502391862 | B7: 666541 | C7: Pelvic | D7: Martins | E7: 04-20, 04-22 | F7: 57 | G7: 56 | H7: 1 | I7: 0.9825 | J7: Bowel damage (1) | K7: 2026-04-16 | L7: 423 | M7: 7 | N7: 0.0165 | O7: 2026-05-21 → 2026-05-21 | P7: 31
A8: 5502404928 | B8: 666541 | C8: Pelvic | D8: Martins | E8: 05-04, 05-06 | F8: 62 | G8: 58 | H8: 4 | I8: 0.9355 | J8: Urethra (4) | K8: 2026-04-29 | L8: 347 | M8: 22 | N8: 0.0634 | O8: 2026-05-29 → 2026-07-30 | P8: 25
A9: 5502421192 | B9: 666541 | C9: Pelvic | D9: Martins | E9: 05-18, 05-21, 05-27 | F9: 132 | G9: 123 | H9: 9 | I9: 0.9318 | J9: Urethra (5), Membrane damage (2), Short block (1) | K9: 2026-05-13 | L9: 367 | M9: 24 | N9: 0.0654 | O9: 2026-06-03 → 2026-06-18 | P9: 16
A10: 5502428786 | B10: 666541 | C10: Pelvic | D10: Martins | E10: 06-01, 06-03, 06-08 | F10: 71 | G10: 68 | H10: 3 | I10: 0.9577 | J10: Urethra (3) | K10: 2026-05-20 | L10: 246 | M10: 7 | N10: 0.0285 | O10: 2026-06-18 → 2026-06-24 | P10: 17
A11: 5502462845 | B11: 666541 | C11: Pelvic | D11: Martins | E11: 06-15, 06-24 | F11: 65 | G11: 60 | H11: 5 | I11: 0.9231 | J11: Membrane damage (3), Bowel damage (1), Urethra (1) | K11: 2026-06-10 | L11: 270 | M11: 13 | N11: 0.0481 | O11: 2026-06-30 → 2026-07-09 | P11: 15
A12: 5502471460 | B12: 666541 | C12: Pelvic | D12: Martins | E12: 06-29, 07-06 | F12: 28 | G12: 27 | H12: 1 | I12: 0.9643 | J12: Urethra (1) | K12: 2026-06-17 | L12: 267 | M12: 30 | N12: 0.1124 | O12: 2026-07-09 → 2026-08-06 | P12: 10
A13: 5502495107 | B13: 666541 | C13: Pelvic | D13: Martins | E13: 07-13, 07-20 | F13: 103 | G13: 99 | H13: 4 | I13: 0.9612 | J13: Urethra (2), Membrane damage (1), Other (1) | K13: 2026-07-08 | L13: 309 | M13: 9 | N13: 0.0291 | O13: 2026-07-30 → 2026-08-12 | P13: 17
A14: 5502512228 | B14: 666541 | C14: Pelvic | D14: Martins | E14: 07-27, 08-03, 08-05 | F14: 125 | G14: 122 | H14: 3 | I14: 0.976 | J14: Membrane damage (2), Bowel damage (1) | K14: 2026-07-27 | L14: 431 | M14: 7 | N14: 0.0162 | O14: 2026-08-18 → 2026-08-19 | P14: 22
A15: 5502523269 | B15: 666541 | C15: Pelvic | D15: Martins | E15: 08-10, 08-17 | F15: 58 | G15: 55 | H15: 3 | I15: 0.9483 | J15: Urethra (2), Bowel damage (1) | K15: 2026-08-05 | L15: 316 | M15: 0 | N15: 0 | O15: not yet reviewed | P15: —
A16: 5502512218 | B16: 666521 | C16: Thoracic | D16: Nahunta | E16: 07-29, 08-05 | F16: 34 | G16: 6 | H16: 28 | I16: 0.1765 | J16: Lung laceration (22), Heart damage (6) | K16: 2026-07-23 | L16: 24 | M16: 8 | N16: 0.3333 | O16: 2026-08-17 → 2026-08-17 | P16: 19
A17: 5502523283 | B17: 666521 | C17: Thoracic | D17: Nahunta | E17: 08-12, 08-19 | F17: 42 | G17: 8 | H17: 34 | I17: 0.1905 | J17: Lung laceration (20), Heart damage (15) | K17: 2026-08-05 | L17: 17 | M17: 0 | N17: 0 | O17: not yet reviewed | P17: —
A19: ATM SCRAP REASONS BY BATCH (units, net of reversals)
A20: Batch / Lot | B20: 9972 Laceration/Cut | C20: 9976 Spoilage | D20: 9983 Incorrect Dimensions | E20: 9986 Bladder Length | F20: 9987 Blood Clots | G20: 9988 Exposed Urethra | H20: 9991 R&D/Testing | I20: 1220 Destructive Testing (eng/R&D) | J20: Total
A21: 5502378434 | B21: 17 | C21: 1 | E21: 2 | F21: 4 | J21: 24
A22: 5502391862 | B22: 7 | J22: 7
A23: 5502404928 | B23: 12 | H23: 10 | J23: 22
A24: 5502421192 | B24: 21 | G24: 3 | J24: 24
A25: 5502428786 | B25: 2 | G25: 5 | J25: 7
A26: 5502462845 | B26: 10 | D26: 1 | E26: 1 | G26: 1 | J26: 13
A27: 5502471460 | B27: 13 | C27: 1 | E27: 1 | F27: 9 | G27: 1 | I27: 5 | J27: 30
A28: 5502495107 | B28: 3 | G28: 6 | J28: 9
A29: 5502512228 | B29: 4 | E29: 3 | J29: 7
A30: 5502512218 | B30: 8 | J30: 8
A32: ATM REASON-CODE LEGEND
A33: 1220 | B33: Destructive Testing (eng/R&D) ● | G33: 9986 | H33: Bladder Length ●
A34: 9972 | B34: Laceration/Cut ● | G34: 9987 | H34: Blood Clots ●
A35: 9973 | B35: Out of Spec | G35: 9988 | H35: Exposed Urethra ●
A36: 9974 | B36: Membrane Too Small | G36: 9989 | H36: Expired Material
A37: 9975 | B37: Reduced Lymph Node | G37: 9990 | H37: Loss of Traceability
A38: 9976 | B38: Spoilage ● | G38: 9991 | H38: R&D/Testing ●
A39: 9977 | B39: Ureter Too Short | G39: 9992 | H39: Label Issue
A40: 9978 | B40: Damage to Suspensory | G40: 9993 | H40: 3X Refreeze
A41: 9979 | B41: Damage to Broad Ligament | G41: 9994 | H41: Line Clearance
A42: 9980 | B42: Overfilled Jejunum | G42: 9995 | H42: Received Damage
A43: 9981 | B43: Incorrect Thickness | G43: 9996 | H43: Missing Anatomy
A44: 9982 | B44: Incorrect Color | G44: 9997 | H44: Mesentery Damage
... A46: 9984 | B46: Partial Qty | G46: 9999 | H46: Bladder Damage
A47: 9985 | B47: Tech Damaged
A48: ● = code appears in the matched batches above.
A50: READ & NOTES
A51: • The stories align: ATM's dominant code 9972 Laceration/Cut (97 units across matched batches) mirrors the cut/laceration damage the SH floor flags upstream. Exposed Urethra (9988) and Bladder Length (9986) echo the SH urethra/bladder and short-block findings.
A52: • Some defects only surface post-freeze: Blood Clots (9987, 13 units) and Spoilage (9976) are ATM-only finds — invisible at the SH floor. Conversely, SH catches and scraps fails before shipment, so ATM sees the survivors.
A53: • Timing: ATM 'first receipt' can precede the SH visit because a batch number spans multiple harvest weeks and accumulates shipments (SH samples on the floor mid-stream). The meaningful lag is SH inspection → ATM scrap review: 10–31 days (median ≈ 17) on matched batches.
A54: • Thoracic reality check: batch 5502512218 failed 82% at the SH floor and the survivors still scrapped 33% at ATM (all 9972) — reinforcing that thoracic damage is harvesting-side. Batch 5502523283 (received 8/05) shows no ATM review yet.
A55: • Not linkable: 666506 (non-intact) is not tracked at ATM. Parks batches exist in the ATM data (supplier-tagged) but Parks SH tally sheets carry no batch numbers — start recording lot numbers on Parks sheets to extend this comparison.
A56: • Caveats: code 1220 = Destructive Testing (engineering/R&D use) — a planned withdrawal, not a quality defect (5 units, lot 5502471460); same for 9991 R&D/Testing (10 units, lot 5502404928). Lot 5502523283 also carried a small Nahunta pelvic line at SH; the ATM batch is thoracic material only. Lot 5502523269 (received 8/05) has no scrap postings yet.

Sheet SH vs ATM Issues
A1: SH Issues vs ATM Issues — by Tissue (date-filterable)
A2: What fails at the slaughterhouse floor vs what gets scrapped at ATM, per tissue, for the date window you choose below. SH side: analyst-categorized scrap reasons (pelvic = parts 666541/666506/666518; thoracic = 666521; program began Apr 2026). ATM side: SAP reason codes net of reversals (pelvic 666541 from Jan 2026; thoracic 666521 from Jul 2024). Only codes with a confirmed legend are included — unmapped legacy codes (4/5/1, 191 thoracic units in 2024–25) are excluded per Quality. * = planned/process withdrawal, not a harvest-quality defect.
A4: Filter — From: | B4: 45474 | C4: To: | D4: 46387 | F4: ← Edit these two dates (yellow cells). Every unit count, %, total and data bar below recalculates to the window.
A6: PELVIC — SH floor (left) vs ATM receipt (right)
A7: SH issue category | D7: Units | E7: % of SH | G7: ATM code · reason | J7: Units | K7: % of ATM
A8: Urethra / bladder damage | D8: =SUMIFS('Issue Data'!$E:$E,'Issue Data'!$A:$A,"SH",'Issue Data'!$C:$C,"Pelvic",'Issue Data'!$B:$B,">="&$B$4,'Issue Data'!$B:$B,"<="&$D$4,'Issue Data'!$D:$D,$A8) | E8: =IFERROR(D8/D$19,"") | G8: 9972 · Laceration/Cut | J8: =SUMIFS('Issue Data'!$E:$E,'Issue Data'!$A:$A,"ATM",'Issue Data'!$C:$C,"Pelvic",'Issue Data'!$B:$B,">="&$B$4,'Issue Data'!$B:$B,"<="&$D$4,'Issue Data'!$D:$D,IF(RIGHT($G8,1)="*",LEFT($G8,LEN($G8)-1),$G8)) | K8: =IFERROR(J8/J$19,"")
A9: Other / unspecified | D9: =SUMIFS('Issue Data'!$E:$E,'Issue Data'!$A:$A,"SH",'Issue Data'!$C:$C,"Pelvic",'Issue Data'!$B:$B,">="&$B$4,'Issue Data'!$B:$B,"<="&$D$4,'Issue Data'!$D:$D,$A9) | E9: =IFERROR(D9/D$19,"") | G9: 9973 · Out of Spec | J9: =SUMIFS('Issue Data'!$E:$E,'Issue Data'!$A:$A,"ATM",'Issue Data'!$C:$C,"Pelvic",'Issue Data'!$B:$B,">="&$B$4,'Issue Data'!$B:$B,"<="&$D$4,'Issue Data'!$D:$D,IF(RIGHT($G9,1)="*",LEFT($G9,LEN($G9)-1),$G9)) | K9: =IFERROR(J9/J$19,"")
A10: Short block / mesentery length | D10: =SUMIFS('Issue Data'!$E:$E,'Issue Data'!$A:$A,"SH",'Issue Data'!$C:$C,"Pelvic",'Issue Data'!$B:$B,">="&$B$4,'Issue Data'!$B:$B,"<="&$D$4,'Issue Data'!$D:$D,$A10) | E10: =IFERROR(D10/D$19,"") | G10: 9987 · Blood Clots | J10: =SUMIFS('Issue Data'!$E:$E,'Issue Data'!$A:$A,"ATM",'Issue Data'!$C:$C,"Pelvic",'Issue Data'!$B:$B,">="&$B$4,'Issue Data'!$B:$B,"<="&$D$4,'Issue Data'!$D:$D,IF(RIGHT($G10,1)="*",LEFT($G10,LEN($G10)-1),$G10)) | K10: =IFERROR(J10/J$19,"")
A11: Bowel damage / separation | D11: =SUMIFS('Issue Data'!$E:$E,'Issue Data'!$A:$A,"SH",'Issue Data'!$C:$C,"Pelvic",'Issue Data'!$B:$B,">="&$B$4,'Issue Data'!$B:$B,"<="&$D$4,'Issue Data'!$D:$D,$A11) | E11: =IFERROR(D11/D$19,"") | G11: 9983 · Incorrect Dimensions | J11: =SUMIFS('Issue Data'!$E:$E,'Issue Data'!$A:$A,"ATM",'Issue Data'!$C:$C,"Pelvic",'Issue Data'!$B:$B,">="&$B$4,'Issue Data'!$B:$B,"<="&$D$4,'Issue Data'!$D:$D,IF(RIGHT($G11,1)="*",LEFT($G11,LEN($G11)-1),$G11)) | K11: =IFERROR(J11/J$19,"")
A12: Membrane damage | D12: =SUMIFS('Issue Data'!$E:$E,'Issue Data'!$A:$A,"SH",'Issue Data'!$C:$C,"Pelvic",'Issue Data'!$B:$B,">="&$B$4,'Issue Data'!$B:$B,"<="&$D$4,'Issue Data'!$D:$D,$A12) | E12: =IFERROR(D12/D$19,"") | G12: 9986 · Bladder Length | J12: =SUMIFS('Issue Data'!$E:$E,'Issue Data'!$A:$A,"ATM",'Issue Data'!$C:$C,"Pelvic",'Issue Data'!$B:$B,">="&$B$4,'Issue Data'!$B:$B,"<="&$D$4,'Issue Data'!$D:$D,IF(RIGHT($G12,1)="*",LEFT($G12,LEN($G12)-1),$G12)) | K12: =IFERROR(J12/J$19,"")
A13: Critical-area laceration | D13: =SUMIFS('Issue Data'!$E:$E,'Issue Data'!$A:$A,"SH",'Issue Data'!$C:$C,"Pelvic",'Issue Data'!$B:$B,">="&$B$4,'Issue Data'!$B:$B,"<="&$D$4,'Issue Data'!$D:$D,$A13) | E13: =IFERROR(D13/D$19,"") | G13: 9995 · Received Damage | J13: =SUMIFS('Issue Data'!$E:$E,'Issue Data'!$A:$A,"ATM",'Issue Data'!$C:$C,"Pelvic",'Issue Data'!$B:$B,">="&$B$4,'Issue Data'!$B:$B,"<="&$D$4,'Issue Data'!$D:$D,IF(RIGHT($G13,1)="*",LEFT($G13,LEN($G13)-1),$G13)) | K13: =IFERROR(J13/J$19,"")
A14: Ureter damage | D14: =SUMIFS('Issue Data'!$E:$E,'Issue Data'!$A:$A,"SH",'Issue Data'!$C:$C,"Pelvic",'Issue Data'!$B:$B,">="&$B$4,'Issue Data'!$B:$B,"<="&$D$4,'Issue Data'!$D:$D,$A14) | E14: =IFERROR(D14/D$19,"") | G14: 9988 · Exposed Urethra | J14: =SUMIFS('Issue Data'!$E:$E,'Issue Data'!$A:$A,"ATM",'Issue Data'!$C:$C,"Pelvic",'Issue Data'!$B:$B,">="&$B$4,'Issue Data'!$B:$B,"<="&$D$4,'Issue Data'!$D:$D,IF(RIGHT($G14,1)="*",LEFT($G14,LEN($G14)-1),$G14)) | K14: =IFERROR(J14/J$19,"")
G15: 9991 · R&D/Testing* | J15: =SUMIFS('Issue Data'!$E:$E,'Issue Data'!$A:$A,"ATM",'Issue Data'!$C:$C,"Pelvic",'Issue Data'!$B:$B,">="&$B$4,'Issue Data'!$B:$B,"<="&$D$4,'Issue Data'!$D:$D,IF(RIGHT($G15,1)="*",LEFT($G15,LEN($G15)-1),$G15)) | K15: =IFERROR(J15/J$19,"")
G16: 9976 · Spoilage | J16: =SUMIFS('Issue Data'!$E:$E,'Issue Data'!$A:$A,"ATM",'Issue Data'!$C:$C,"Pelvic",'Issue Data'!$B:$B,">="&$B$4,'Issue Data'!$B:$B,"<="&$D$4,'Issue Data'!$D:$D,IF(RIGHT($G16,1)="*",LEFT($G16,LEN($G16)-1),$G16)) | K16: =IFERROR(J16/J$19,"")
G17: 1220 · Destructive Testing (eng/R&D)* | J17: =SUMIFS('Issue Data'!$E:$E,'Issue Data'!$A:$A,"ATM",'Issue Data'!$C:$C,"Pelvic",'Issue Data'!$B:$B,">="&$B$4,'Issue Data'!$B:$B,"<="&$D$4,'Issue Data'!$D:$D,IF(RIGHT($G17,1)="*",LEFT($G17,LEN($G17)-1),$G17)) | K17: =IFERROR(J17/J$19,"")
G18: 9994 · Line Clearance* | J18: =SUMIFS('Issue Data'!$E:$E,'Issue Data'!$A:$A,"ATM",'Issue Data'!$C:$C,"Pelvic",'Issue Data'!$B:$B,">="&$B$4,'Issue Data'!$B:$B,"<="&$D$4,'Issue Data'!$D:$D,IF(RIGHT($G18,1)="*",LEFT($G18,LEN($G18)-1),$G18)) | K18: =IFERROR(J18/J$19,"")
A19: Total SH issues | D19: =SUM(D8:D18) | G19: Total ATM scrapped | J19: =SUM(J8:J18)
G20: — quality defects only (excl. *) | J20: =SUMIFS('Issue Data'!$E:$E,'Issue Data'!$A:$A,"ATM",'Issue Data'!$C:$C,"Pelvic",'Issue Data'!$B:$B,">="&$B$4,'Issue Data'!$B:$B,"<="&$D$4,'Issue Data'!$F:$F,"Quality")
A21: Alignment (full-history reference): ATM's #1 code 9972 Laceration/Cut is the downstream face of the SH urethra/bladder + membrane/ureter cut damage. Exposed Urethra (9988) and Bladder Length (9986) map to the same SH themes; Blood Clots (9987) and Received Damage (9995) only surface post-freeze.
A23: THORACIC — SH floor (left) vs ATM receipt (right)
A24: SH issue category | D24: Units | E24: % of SH | G24: ATM code · reason | J24: Units | K24: % of ATM
A25: Lung laceration | D25: =SUMIFS('Issue Data'!$E:$E,'Issue Data'!$A:$A,"SH",'Issue Data'!$C:$C,"Thoracic",'Issue Data'!$B:$B,">="&$B$4,'Issue Data'!$B:$B,"<="&$D$4,'Issue Data'!$D:$D,$A25) | E25: =IFERROR(D25/D$32,"") | G25: 9972 · Laceration/Cut | J25: =SUMIFS('Issue Data'!$E:$E,'Issue Data'!$A:$A,"ATM",'Issue Data'!$C:$C,"Thoracic",'Issue Data'!$B:$B,">="&$B$4,'Issue Data'!$B:$B,"<="&$D$4,'Issue Data'!$D:$D,IF(RIGHT($G25,1)="*",LEFT($G25,LEN($G25)-1),$G25)) | K25: =IFERROR(J25/J$32,"")
A26: Heart damage | D26: =SUMIFS('Issue Data'!$E:$E,'Issue Data'!$A:$A,"SH",'Issue Data'!$C:$C,"Thoracic",'Issue Data'!$B:$B,">="&$B$4,'Issue Data'!$B:$B,"<="&$D$4,'Issue Data'!$D:$D,$A26) | E26: =IFERROR(D26/D$32,"") | G26: 1220 · Destructive Testing (eng/R&D)* | J26: =SUMIFS('Issue Data'!$E:$E,'Issue Data'!$A:$A,"ATM",'Issue Data'!$C:$C,"Thoracic",'Issue Data'!$B:$B,">="&$B$4,'Issue Data'!$B:$B,"<="&$D$4,'Issue Data'!$D:$D,IF(RIGHT($G26,1)="*",LEFT($G26,LEN($G26)-1),$G26)) | K26: =IFERROR(J26/J$32,"")
A27: Other / unspecified | D27: =SUMIFS('Issue Data'!$E:$E,'Issue Data'!$A:$A,"SH",'Issue Data'!$C:$C,"Thoracic",'Issue Data'!$B:$B,">="&$B$4,'Issue Data'!$B:$B,"<="&$D$4,'Issue Data'!$D:$D,$A27) | E27: =IFERROR(D27/D$32,"") | G27: 9985 · Tech Damaged | J27: =SUMIFS('Issue Data'!$E:$E,'Issue Data'!$A:$A,"ATM",'Issue Data'!$C:$C,"Thoracic",'Issue Data'!$B:$B,">="&$B$4,'Issue Data'!$B:$B,"<="&$D$4,'Issue Data'!$D:$D,IF(RIGHT($G27,1)="*",LEFT($G27,LEN($G27)-1),$G27)) | K27: =IFERROR(J27/J$32,"")
G28: 7 · Others | J28: =SUMIFS('Issue Data'!$E:$E,'Issue Data'!$A:$A,"ATM",'Issue Data'!$C:$C,"Thoracic",'Issue Data'!$B:$B,">="&$B$4,'Issue Data'!$B:$B,"<="&$D$4,'Issue Data'!$D:$D,IF(RIGHT($G28,1)="*",LEFT($G28,LEN($G28)-1),$G28)) | K28: =IFERROR(J28/J$32,"")
G29: 9973 · Out of Spec | J29: =SUMIFS('Issue Data'!$E:$E,'Issue Data'!$A:$A,"ATM",'Issue Data'!$C:$C,"Thoracic",'Issue Data'!$B:$B,">="&$B$4,'Issue Data'!$B:$B,"<="&$D$4,'Issue Data'!$D:$D,IF(RIGHT($G29,1)="*",LEFT($G29,LEN($G29)-1),$G29)) | K29: =IFERROR(J29/J$32,"")
G30: 1201 · Tech Performance | J30: =SUMIFS('Issue Data'!$E:$E,'Issue Data'!$A:$A,"ATM",'Issue Data'!$C:$C,"Thoracic",'Issue Data'!$B:$B,">="&$B$4,'Issue Data'!$B:$B,"<="&$D$4,'Issue Data'!$D:$D,IF(RIGHT($G30,1)="*",LEFT($G30,LEN($G30)-1),$G30)) | K30: =IFERROR(J30/J$32,"")
G31: 9984 · Partial Qty | J31: =SUMIFS('Issue Data'!$E:$E,'Issue Data'!$A:$A,"ATM",'Issue Data'!$C:$C,"Thoracic",'Issue Data'!$B:$B,">="&$B$4,'Issue Data'!$B:$B,"<="&$D$4,'Issue Data'!$D:$D,IF(RIGHT($G31,1)="*",LEFT($G31,LEN($G31)-1),$G31)) | K31: =IFERROR(J31/J$32,"")
A32: Total SH issues | D32: =SUM(D25:D31) | G32: Total ATM scrapped | J32: =SUM(J25:J31)
G33: — quality defects only (excl. *) | J33: =SUMIFS('Issue Data'!$E:$E,'Issue Data'!$A:$A,"ATM",'Issue Data'!$C:$C,"Thoracic",'Issue Data'!$B:$B,">="&$B$4,'Issue Data'!$B:$B,"<="&$D$4,'Issue Data'!$F:$F,"Quality")
A34: Alignment (full-history reference): both stages tell one story — lacerations. SH logs lung + heart damage; ATM scrap is dominated by 9972 Laceration/Cut plus Tech Damaged (9985). Excluding destructive testing (1220), 2026 thoracic quality scrap runs ≈50% of received — the harvesting-side crisis, visible at both stages.
A36: NOTES
A37: • The filter reads the hidden 'Issue Data' sheet (one row per SH defect tag / ATM reason posting, dated). Unhide it to audit. When new SH inspections or ATM extracts arrive, append rows there — this tab recalculates.
A38: • Windows differ by design: SH began Apr 2026 (thoracic Jul 2026); ATM covers Jan 2026+ (pelvic 666541) and Jul 2024+ (thoracic 666521). Set the filter to Apr–Aug 2026 for the like-for-like window.
A39: • Category systems differ: SH categories are analyst-coded free text; ATM reasons are SAP codes chosen by the reviewing tech. The pairing in the reads is directional, not a formal crosswalk. SH counts are floor samples; ATM counts are full received quantities.
A40: • Excluded: legacy ATM codes 4 / 5 / 1 (2024–25 thoracic era, 191 units) have no confirmed legend and are omitted per Quality. Planned/process withdrawals stay visible but marked *: 1220 Destructive Testing (eng/R&D), 9991 R&D/Testing, 9994 Line Clearance; 7 = Others, 1201 = Tech Performance.

Sheet Issue Data
A1: Source | B1: Date | C1: Tissue | D1: Issue / Code | E1: Units | F1: Type
A2: SH | B2: 46125 | C2: Pelvic | D2: Bowel damage / separation | E2: 1 | F2: Quality
A3: SH | B3: 46127 | C3: Pelvic | D3: Urethra / bladder damage | E3: 2 | F3: Quality
A4: SH | B4: 46127 | C4: Pelvic | D4: Other / unspecified | E4: 2 | F4: Quality
A5: SH | B5: 46134 | C5: Pelvic | D5: Bowel damage / separation | E5: 1 | F5: Quality
A6: SH | B6: 46132 | C6: Pelvic | D6: Other / unspecified | E6: 2 | F6: Quality
A7: SH | B7: 46134 | C7: Pelvic | D7: Bowel damage / separation | E7: 2 | F7: Quality
A8: SH | B8: 46146 | C8: Pelvic | D8: Urethra / bladder damage | E8: 1 | F8: Quality
A9: SH | B9: 46148 | C9: Pelvic | D9: Urethra / bladder damage | E9: 3 | F9: Quality
A10: SH | B10: 46146 | C10: Pelvic | D10: Urethra / bladder damage | E10: 3 | F10: Quality
A11: SH | B11: 46148 | C11: Pelvic | D11: Urethra / bladder damage | E11: 1 | F11: Quality
A12: SH | B12: 46160 | C12: Pelvic | D12: Urethra / bladder damage | E12: 3 | F12: Quality
A13: SH | B13: 46160 | C13: Pelvic | D13: Short block / mesentery length | E13: 1 | F13: Quality
... A390: ATM | B390: 46253 | C390: Pelvic | D390: 9986 · Bladder Length | E390: 1 | F390: Quality

Sheet Apr 2026
A1: APRIL 2026 — SH IQC Inspections
A2: 8 part-inspections across 4 harvest days at Martins. Month totals: 181 inspected / 171 pass / 10 fail — first-pass yield 94.5%. Snapshot from the Inspection Log; defect ranking uses the standard categories (see Monthly Breakdown notes).
A4: MONTH SUMMARY — BY TISSUE × SLAUGHTERHOUSE
A5: Tissue @ SH | B5: Part # | C5: # Inspected | D5: # Pass | E5: # Fail | F5: First-Pass Yield | G5: Top defect this month
A6: Pelvic @ Martins | B6: 666541 | C6: 122 | D6: 116 | E6: 6 | F6: 0.9508 | G6: Urethra / bladder damage (2)
A7: Pelvic @ Martins | B7: 666506 | C7: 59 | D7: 55 | E7: 4 | F7: 0.9322 | G7: Bowel damage / separation (2)
A9: MOST RECURRING DEFECTS — BY TISSUE × SLAUGHTERHOUSE
A10: Pelvic @ Martins · 666541 — 6 fails of 122 inspected
A11: Rank | B11: Defect category | F11: Count | G11: % of fails
A12: 1 | B12: Urethra / bladder damage | F12: 2 | G12: 0.3333
A13: 2 | B13: Bowel damage / separation | F13: 2 | G13: 0.3333
A14: 3 | B14: Other / unspecified | F14: 2 | G14: 0.3333
A16: Pelvic @ Martins · 666506 — 4 fails of 59 inspected
A17: Rank | B17: Defect category | F17: Count | G17: % of fails
A18: 1 | B18: Bowel damage / separation | F18: 2 | G18: 0.5
A19: 2 | B19: Other / unspecified | F19: 2 | G19: 0.5
A21: ALL INSPECTIONS THIS MONTH
A22: Harvest Date | B22: Slaughterhouse | C22: Tissue | D22: Part # | E22: Lot | F22: # Inspected | G22: # Pass | H22: # Fail | I22: FPY | J22: Scrap reason / notes
A23: 2026-04-13 | B23: Martins | C23: Pelvic | D23: 666506 | E23: 5502378430 | F23: 3 | G23: 3 | H23: 0 | I23: 1 | J23: 3 labels used for thin area in bowel (ran out of labels)
A24: 2026-04-13 | B24: Martins | C24: Pelvic | D24: 666541 | E24: 5502378434 | F24: 48 | G24: 47 | H24: 1 | I24: 0.9792 | J24: 1 hole in bowel; 1 label marked for thin area in bowel
A25: 2026-04-15 | B25: Martins | C25: Pelvic | D25: 666506 | E25: 5502378430 | F25: 4 | G25: 4 | H25: 0 | I25: 1
A26: 2026-04-15 | B26: Martins | C26: Pelvic | D26: 666541 | E26: 5502378434 | F26: 17 | G26: 13 | H26: 4 | I26: 0.7647 | J26: 2 blood clots (moved to non-intact); 2 scrapped for cut in urethra
A27: 2026-04-20 | B27: Martins | C27: Pelvic | D27: 666506 | E27: 5502391858 | F27: 31 | G27: 29 | H27: 2 | I27: 0.9355 | J27: 2 damaged after cleaning
A28: 2026-04-20 | B28: Martins | C28: Pelvic | D28: 666541 | E28: 5502391862 | F28: 0 | G28: 0 | H28: 0 | I28: 0 | J28: Ran out of time (bagging set for later; SH tech start time changed to 8:00–4:30 PM)
A29: 2026-04-22 | B29: Martins | C29: Pelvic | D29: 666506 | E29: 5502391858 | F29: 21 | G29: 19 | H29: 2 | I29: 0.9048 | J29: 2 damaged bowel
A30: 2026-04-22 | B30: Martins | C30: Pelvic | D30: 666541 | E30: 5502391862 | F30: 57 | G30: 56 | H30: 1 | I30: 0.9825 | J30: 1 damaged bowel
A32: Key Takeaways
A33: ➢ 666541 (Pelvic @ Martins): 95.1% FPY on 122 blocks — isolated bowel holes plus two cut urethras on 4/15; no systemic issue.
A34: ➢ 666506 (Pelvic @ Martins): 93.2% FPY on 59 — early bowel damage and two cleaning losses; clean by month-end.

Sheet May 2026
A1: MAY 2026 — SH IQC Inspections
A2: 10 part-inspections across 6 harvest days at Martins, Parks. Month totals: 328 inspected / 304 pass / 24 fail — first-pass yield 92.7%. Snapshot from the Inspection Log; defect ranking uses the standard categories (see Monthly Breakdown notes).
A4: MONTH SUMMARY — BY TISSUE × SLAUGHTERHOUSE
A5: Tissue @ SH | B5: Part # | C5: # Inspected | D5: # Pass | E5: # Fail | F5: First-Pass Yield | G5: Top defect this month
A6: Pelvic @ Martins | B6: 666541 | C6: 194 | D6: 181 | E6: 13 | F6: 0.933 | G6: Urethra / bladder damage (9)
A7: Pelvic @ Martins | B7: 666506 | C7: 118 | D7: 112 | E7: 6 | F7: 0.9492 | G7: Urethra / bladder damage (4)
A8: Pelvic @ Parks | B8: 666518 | C8: 16 | D8: 11 | E8: 5 | F8: 0.6875 | G8: Short block / mesentery length (4)
A10: MOST RECURRING DEFECTS — BY TISSUE × SLAUGHTERHOUSE
A11: Pelvic @ Martins · 666541 — 13 fails of 194 inspected
A12: Rank | B12: Defect category | F12: Count | G12: % of fails
A13: 1 | B13: Urethra / bladder damage | F13: 9 | G13: 0.6923
A14: 2 | B14: Membrane damage | F14: 2 | G14: 0.1538
A15: 3 | B15: Bowel damage / separation | F15: 1 | G15: 0.0769
A16: 4 | B16: Short block / mesentery length | F16: 1 | G16: 0.0769
A18: Pelvic @ Martins · 666506 — 6 fails of 118 inspected
A19: Rank | B19: Defect category | F19: Count | G19: % of fails
A20: 1 | B20: Urethra / bladder damage | F20: 4 | G20: 0.6667
A21: 2 | B21: Membrane damage | F21: 1 | G21: 0.1667
A22: 3 | B22: Other / unspecified | F22: 1 | G22: 0.1667
A24: Pelvic @ Parks · 666518 — 5 fails of 16 inspected
A25: Rank | B25: Defect category | F25: Count | G25: % of fails
A26: 1 | B26: Short block / mesentery length | F26: 4 | G26: 0.8
A27: 2 | B27: Urethra / bladder damage | F27: 1 | G27: 0.2
A29: ALL INSPECTIONS THIS MONTH
A30: Harvest Date | B30: Slaughterhouse | C30: Tissue | D30: Part # | E30: Lot | F30: # Inspected | G30: # Pass | H30: # Fail | I30: FPY | J30: Scrap reason / notes
A31: 2026-05-04 | B31: Martins | C31: Pelvic | D31: 666506 | E31: 5502404924 | F31: 16 | G31: 13 | H31: 3 | I31: 0.8125 | J31: 3 damaged urethra
A32: 2026-05-04 | B32: Martins | C32: Pelvic | D32: 666541 | E32: 5502404928 | F32: 37 | G32: 36 | H32: 1 | I32: 0.973 | J32: 1 damaged urethra
A33: 2026-05-06 | B33: Martins | C33: Pelvic | D33: 666506 | E33: 5502404924 | F33: 29 | G33: 28 | H33: 1 | I33: 0.9655 | J33: 1 small bladder
A34: 2026-05-06 | B34: Martins | C34: Pelvic | D34: 666541 | E34: 5502404928 | F34: 25 | G34: 22 | H34: 3 | I34: 0.88 | J34: 3 damaged urethra
A35: 2026-05-18 | B35: Martins | C35: Pelvic | D35: 666506 | E35: 5502421188 | F35: 43 | G35: 42 | H35: 1 | I35: 0.9767 | J35: 1 deformed ligaments clumped together
A36: 2026-05-18 | B36: Martins | C36: Pelvic | D36: 666541 | E36: 5502421192 | F36: 62 | G36: 58 | H36: 4 | I36: 0.9355 | J36: 3 cut urethra; 1 short block
A37: 2026-05-21 | B37: Martins | C37: Pelvic | D37: 666506 | E37: 5502421188 | F37: 30 | G37: 29 | H37: 1 | I37: 0.9667 | J37: 1 damaged membrane and ureter
A38: 2026-05-21 | B38: Martins | C38: Pelvic | D38: 666541 | E38: 5502421192 | F38: 31 | G38: 29 | H38: 2 | I38: 0.9355 | J38: 2 cut urethra
A39: 2026-05-27 | B39: Martins | C39: Pelvic | D39: 666541 | E39: 5502421192 | F39: 39 | G39: 36 | H39: 3 | I39: 0.9231 | J39: 1 hole in bowel; 2 membrane damage >0.5"
A40: 2026-05-28 | B40: Parks | C40: Pelvic | D40: 666518 | E40: (no batch data) | F40: 16 | G40: 11 | H40: 5 | I40: 0.6875 | J40: 4 mesentery length too short in critical zone; 1 bladder damage (internals exposed)
A42: Key Takeaways
A43: ➢ 666541 (Pelvic @ Martins): 93.3% FPY on 194 — urethra damage drove 9 of 13 fails; harvest-cut technique flagged with the SH tech.
A44: ➢ 666506 (Pelvic @ Martins): 94.9% FPY on 118 — a few urethra/bladder fails; otherwise steady.
A45: ➢ 666518 (Pelvic @ Parks): first Parks visit (5/28) came in at 68.8% FPY — 4 short-mesentery blocks + 1 bladder; kicked off the Parks improvement push.

Sheet Jun 2026
A1: JUNE 2026 — SH IQC Inspections
A2: 15 part-inspections across 10 harvest days at Martins, Parks. Month totals: 333 inspected / 302 pass / 31 fail — first-pass yield 90.7%. Snapshot from the Inspection Log; defect ranking uses the standard categories (see Monthly Breakdown notes).
A4: MONTH SUMMARY — BY TISSUE × SLAUGHTERHOUSE
A5: Tissue @ SH | B5: Part # | C5: # Inspected | D5: # Pass | E5: # Fail | F5: First-Pass Yield | G5: Top defect this month
A6: Pelvic @ Martins | B6: 666541 | C6: 152 | D6: 144 | E6: 8 | F6: 0.9474 | G6: Urethra / bladder damage (4)
A7: Pelvic @ Martins | B7: 666506 | C7: 53 | D7: 52 | E7: 1 | F7: 0.9811 | G7: Short block / mesentery length (1)
A8: Pelvic @ Parks | B8: 666518 | C8: 128 | D8: 106 | E8: 22 | F8: 0.8281 | G8: Urethra / bladder damage (10)
A10: MOST RECURRING DEFECTS — BY TISSUE × SLAUGHTERHOUSE
A11: Pelvic @ Martins · 666541 — 8 fails of 152 inspected
A12: Rank | B12: Defect category | F12: Count | G12: % of fails
A13: 1 | B13: Urethra / bladder damage | F13: 4 | G13: 0.5
A14: 2 | B14: Membrane damage | F14: 3 | G14: 0.375
A15: 3 | B15: Bowel damage / separation | F15: 1 | G15: 0.125
A17: Pelvic @ Martins · 666506 — 1 fail of 53 inspected
A18: Rank | B18: Defect category | F18: Count | G18: % of fails
A19: 1 | B19: Short block / mesentery length | F19: 1 | G19: 1
A21: Pelvic @ Parks · 666518 — 22 fails of 128 inspected
A22: Rank | B22: Defect category | F22: Count | G22: % of fails
A23: 1 | B23: Urethra / bladder damage | F23: 10 | G23: 0.4545
A24: 2 | B24: Short block / mesentery length | F24: 5 | G24: 0.2273
A25: 3 | B25: Critical-area laceration | F25: 3 | G25: 0.1364
A26: 4 | B26: Bowel damage / separation | F26: 2 | G26: 0.0909
A27: 5 | B27: Ureter damage | F27: 2 | G27: 0.0909
A29: ALL INSPECTIONS THIS MONTH
A30: Harvest Date | B30: Slaughterhouse | C30: Tissue | D30: Part # | E30: Lot | F30: # Inspected | G30: # Pass | H30: # Fail | I30: FPY | J30: Scrap reason / notes
A31: 2026-06-01 | B31: Martins | C31: Pelvic | D31: 666506 | E31: 5502428782 | F31: 7 | G31: 7 | H31: 0 | I31: 1
A32: 2026-06-01 | B32: Martins | C32: Pelvic | D32: 666541 | E32: 5502428786 | F32: 9 | G32: 9 | H32: 0 | I32: 1
A33: 2026-06-02 | B33: Parks | C33: Pelvic | D33: 666518 | E33: (no batch data) | F33: 7 | G33: 7 | H33: 0 | I33: 1
A34: 2026-06-03 | B34: Martins | C34: Pelvic | D34: 666506 | E34: 5502428782 | F34: 29 | G34: 29 | H34: 0 | I34: 1
A35: 2026-06-03 | B35: Martins | C35: Pelvic | D35: 666541 | E35: 5502428786 | F35: 45 | G35: 43 | H35: 2 | I35: 0.9556 | J35: 2 scrapped urethra
A36: 2026-06-08 | B36: Martins | C36: Pelvic | D36: 666506 | E36: 5502428782 | F36: 13 | G36: 12 | H36: 1 | I36: 0.9231 | J36: 1 short block
A37: 2026-06-08 | B37: Martins | C37: Pelvic | D37: 666541 | E37: 5502428786 | F37: 17 | G37: 16 | H37: 1 | I37: 0.9412 | J37: 1 cut urethra
A38: 2026-06-15 | B38: Martins | C38: Pelvic | D38: 666541 | E38: 5502462845 | F38: 31 | G38: 30 | H38: 1 | I38: 0.9677 | J38: 1 damaged bowel (source had two intact tally lines: 13/12/1 + 18/18/0, combined here)
A39: 2026-06-16 | B39: Parks | C39: Pelvic | D39: 666518 | E39: (no batch data) | F39: 16 | G39: 14 | H39: 2 | I39: 0.875 | J39: 1 bladder hole; 1 ureter damage (many blocks failed upstream from miscuts during removal — see notes)
A40: 2026-06-22 | B40: Parks | C40: Pelvic | D40: 666518 | E40: (no batch data) | F40: 36 | G40: 31 | H40: 5 | I40: 0.8611 | J40: 1 bladder hole; 2 critical-area lacerations; 2 short blocks
A41: 2026-06-24 | B41: Martins | C41: Pelvic | D41: 666541 | E41: 5502462845 | F41: 34 | G41: 30 | H41: 4 | I41: 0.8824 | J41: 1 damaged bladder; 3 damaged membrane
A42: 2026-06-25 | B42: Parks | C42: Pelvic | D42: 666518 | E42: (no batch data) | F42: 19 | G42: 16 | H42: 3 | I42: 0.8421 | J42: 1 bladder hole; 1 ureter laceration; 1 short block
A43: 2026-06-29 | B43: Martins | C43: Pelvic | D43: 666506 | E43: 5502471457 | F43: 4 | G43: 4 | H43: 0 | I43: 1
A44: 2026-06-29 | B44: Parks | C44: Pelvic | D44: 666518 | E44: (no batch data) | F44: 50 | G44: 38 | H44: 12 | I44: 0.76 | J44: 2 damaged during bowel cleaning (bowel blockage burst); 2 short blocks; 1 critical-area laceration; 7 urethra/bladder lacerations (cuts near template edge)
A45: 2026-06-29 | B45: Martins | C45: Pelvic | D45: 666541 | E45: 5502471460 | F45: 16 | G45: 16 | H45: 0 | I45: 1
A47: Key Takeaways
A48: ➢ 666541 (Pelvic @ Martins): 94.7% FPY on 152 — minor urethra and membrane damage; steady.
A49: ➢ 666506 (Pelvic @ Martins): 98.1% FPY on 53 — a single short block; best line of the month.
A50: ➢ 666518 (Pelvic @ Parks): 82.8% FPY on 128 — worst month: 10 urethra/bladder cuts near the template edge, 5 short blocks, 3 critical-area; root-caused and addressed in the Parks deep-dive.

Sheet Jul 2026
A1: JULY 2026 — SH IQC Inspections
A2: 14 part-inspections across 7 harvest days at Martins, Nahunta, Parks. Month totals: 373 inspected / 339 pass / 34 fail — first-pass yield 90.9%. Snapshot from the Inspection Log; defect ranking uses the standard categories (see Monthly Breakdown notes).
A4: MONTH SUMMARY — BY TISSUE × SLAUGHTERHOUSE
A5: Tissue @ SH | B5: Part # | C5: # Inspected | D5: # Pass | E5: # Fail | F5: First-Pass Yield | G5: Top defect this month
A6: Pelvic @ Martins | B6: 666541 | C6: 161 | D6: 155 | E6: 6 | F6: 0.9627 | G6: Urethra / bladder damage (3)
A7: Pelvic @ Martins | B7: 666506 | C7: 79 | D7: 77 | E7: 2 | F7: 0.9747 | G7: Membrane damage (2)
A8: Pelvic @ Parks | B8: 666518 | C8: 113 | D8: 100 | E8: 13 | F8: 0.885 | G8: Short block / mesentery length (6)
A9: Pelvic @ Nahunta | B9: 666541 | C9: 1 | D9: 1 | E9: 0 | F9: 1 | G9: —
A10: Thoracic @ Nahunta | B10: 666521 | C10: 19 | D10: 6 | E10: 13 | F10: 0.3158 | G10: Lung laceration (11)
A12: MOST RECURRING DEFECTS — BY TISSUE × SLAUGHTERHOUSE
A13: Pelvic @ Martins · 666541 — 6 fails of 161 inspected
A14: Rank | B14: Defect category | F14: Count | G14: % of fails
A15: 1 | B15: Urethra / bladder damage | F15: 3 | G15: 0.5
A16: 2 | B16: Membrane damage | F16: 2 | G16: 0.3333
A17: 3 | B17: Other / unspecified | F17: 1 | G17: 0.1667
A19: Pelvic @ Martins · 666506 — 2 fails of 79 inspected
A20: Rank | B20: Defect category | F20: Count | G20: % of fails
A21: 1 | B21: Membrane damage | F21: 2 | G21: 1
A23: Pelvic @ Parks · 666518 — 13 fails of 113 inspected
A24: Rank | B24: Defect category | F24: Count | G24: % of fails
A25: 1 | B25: Short block / mesentery length | F25: 6 | G25: 0.4615
A26: 2 | B26: Bowel damage / separation | F26: 3 | G26: 0.2308
A27: 3 | B27: Critical-area laceration | F27: 3 | G27: 0.2308
A28: 4 | B28: Ureter damage | F28: 1 | G28: 0.0769
A30: Pelvic @ Nahunta · 666541 — no fails this month (1 inspected, 100% FPY)
A31: Thoracic @ Nahunta · 666521 — 13 fails of 19 inspected
A32: Rank | B32: Defect category | F32: Count | G32: % of fails
A33: 1 | B33: Lung laceration | F33: 11 | G33: 0.8462
A34: 2 | B34: Heart damage | F34: 2 | G34: 0.1538
A36: ALL INSPECTIONS THIS MONTH
A37: Harvest Date | B37: Slaughterhouse | C37: Tissue | D37: Part # | E37: Lot | F37: # Inspected | G37: # Pass | H37: # Fail | I37: FPY | J37: Scrap reason / notes
A38: 2026-07-06 | B38: Martins | C38: Pelvic | D38: 666506 | E38: 5502471457 | F38: 10 | G38: 9 | H38: 1 | I38: 0.9 | J38: 1 membrane damage larger than 1.5"
A39: 2026-07-06 | B39: Martins | C39: Pelvic | D39: 666541 | E39: 5502471460 | F39: 12 | G39: 11 | H39: 1 | I39: 0.9167 | J39: 1 damaged urethra
A40: 2026-07-13 | B40: Martins | C40: Pelvic | D40: 666506 | E40: 5502495104 | F40: 14 | G40: 14 | H40: 0 | I40: 1
A41: 2026-07-13 | B41: Parks | C41: Pelvic | D41: 666518 | E41: (no batch data) | F41: 34 | G41: 29 | H41: 5 | I41: 0.8529 | J41: 2 damaged during bowel cleaning (bowel blockage burst); 3 short blocks (smaller pigs)
A42: 2026-07-13 | B42: Martins | C42: Pelvic | D42: 666541 | E42: 5502495107 | F42: 38 | G42: 36 | H42: 2 | I42: 0.9474 | J42: 1 damaged membrane; 1 damaged bladder
A43: 2026-07-16 | B43: Parks | C43: Pelvic | D43: 666518 | E43: (no batch data) | F43: 24 | G43: 20 | H43: 4 | I43: 0.8333 | J43: 2 short (bowel snapped before cut to length); 2 holes in mesentery critical area
A44: 2026-07-20 | B44: Martins | C44: Pelvic | D44: 666506 | E44: 5502495104 | F44: 30 | G44: 29 | H44: 1 | I44: 0.9667 | J44: 1 large membrane damage
A45: 2026-07-20 | B45: Martins | C45: Pelvic | D45: 666541 | E45: 5502495107 | F45: 65 | G45: 63 | H45: 2 | I45: 0.9692 | J45: 1 deformed bladder documented; source #Fail cell read 1, but 65 inspected − 63 pass = 2 → 1 reject undocumented (confirm)
A46: 2026-07-27 | B46: Martins | C46: Pelvic | D46: 666506 | E46: 5502512225 | F46: 25 | G46: 25 | H46: 0 | I46: 1
A47: 2026-07-27 | B47: Parks | C47: Pelvic | D47: 666518 | E47: (no batch data) | F47: 45 | G47: 42 | H47: 3 | I47: 0.9333 | J47: 1 ureter damage; 1 mesentery hole in critical area >0.5"; 1 bowel-colon separation past critical area
A48: 2026-07-27 | B48: Martins | C48: Pelvic | D48: 666541 | E48: 5502512228 | F48: 46 | G48: 45 | H48: 1 | I48: 0.9783 | J48: 1 damaged membrane larger than 0.5"
A49: 2026-07-29 | B49: Nahunta | C49: Thoracic | D49: 666521 | E49: 5502512218 | F49: 19 | G49: 6 | H49: 13 | I49: 0.3158 | J49: 11 right-lung lacerations (mostly along the perimeter); 2 heart damage; 1 accepted with two sub-4cm perimeter lacerations that did not connect. Majority of damage attributed to the harvesting side.
A50: 2026-07-29 | B50: Nahunta | C50: Pelvic | D50: 666541 | E50: 5502512218 | F50: 1 | G50: 1 | H50: 0 | I50: 1
A51: 2026-07-30 | B51: Parks | C51: Pelvic | D51: 666518 | E51: (no batch data) | F51: 10 | G51: 9 | H51: 1 | I51: 0.9 | J51: 1 pelvic block short (majority of pigs received were male → lower numbers)
A53: Key Takeaways
A54: ➢ 666541 (Pelvic @ Martins): 96.3% FPY on 161 — recovered after June; scattered membrane/urethra singles (one 7/20 reject undocumented).
A55: ➢ 666506 (Pelvic @ Martins): 97.5% FPY on 79 — two membrane fails; no concerns.
A56: ➢ 666518 (Pelvic @ Parks): 88.5% FPY on 113 — improving: urethra/bladder cuts eliminated after the June push; short blocks (6, small-pig days) now the top issue.
A57: ➢ 666521 (Thoracic @ Nahunta): first thoracic visit (7/29) at 31.6% FPY — 11 right-lung lacerations + 2 heart; damage attributed to the harvesting side.
A58: ➢ 666541 (Pelvic @ Nahunta): single trial block passed (1/1).

Sheet Aug 2026
A1: AUGUST 2026 — SH IQC Inspections
A2: 12 part-inspections across 7 harvest days at Martins, Nahunta, Parks. Month totals: 253 inspected / 186 pass / 67 fail — first-pass yield 73.5%. Snapshot from the Inspection Log; defect ranking uses the standard categories (see Monthly Breakdown notes).
A4: MONTH SUMMARY — BY TISSUE × SLAUGHTERHOUSE
A5: Tissue @ SH | B5: Part # | C5: # Inspected | D5: # Pass | E5: # Fail | F5: First-Pass Yield | G5: Top defect this month
A6: Pelvic @ Martins | B6: 666541 | C6: 137 | D6: 132 | E6: 5 | F6: 0.9635 | G6: Urethra / bladder damage (2)
A7: Pelvic @ Martins | B7: 666506 | C7: 13 | D7: 13 | E7: 0 | F7: 1 | G7: —
A8: Pelvic @ Parks | B8: 666541 | C8: 33 | D8: 32 | E8: 1 | F8: 0.9697 | G8: Bowel damage / separation (1)
A9: Pelvic @ Nahunta | B9: 666541 | C9: 13 | D9: 1 | E9: 12 | F9: 0.0769 | G9: Other / unspecified (12)
A10: Thoracic @ Nahunta | B10: 666521 | C10: 57 | D10: 8 | E10: 49 | F10: 0.1404 | G10: Lung laceration (31)
A12: MOST RECURRING DEFECTS — BY TISSUE × SLAUGHTERHOUSE
A13: Pelvic @ Martins · 666541 — 5 fails of 137 inspected
A14: Rank | B14: Defect category | F14: Count | G14: % of fails
A15: 1 | B15: Urethra / bladder damage | F15: 2 | G15: 0.4
A16: 2 | B16: Bowel damage / separation | F16: 2 | G16: 0.4
A17: 3 | B17: Membrane damage | F17: 1 | G17: 0.2
A19: Pelvic @ Martins · 666506 — no fails this month (13 inspected, 100% FPY)
A20: Pelvic @ Parks · 666541 — 1 fail of 33 inspected
A21: Rank | B21: Defect category | F21: Count | G21: % of fails
A22: 1 | B22: Bowel damage / separation | F22: 1 | G22: 1
A24: Pelvic @ Nahunta · 666541 — 12 fails of 13 inspected
A25: Rank | B25: Defect category | F25: Count | G25: % of fails
A26: 1 | B26: Other / unspecified (provisional — no breakdown) | F26: 12 | G26: 1
A28: Thoracic @ Nahunta · 666521 — 49 fails of 57 inspected
A29: Rank | B29: Defect category | F29: Count | G29: % of fails
A30: 1 | B30: Lung laceration | F30: 31 | G30: 0.6327
A31: 2 | B31: Heart damage | F31: 19 | G31: 0.3878
A33: ALL INSPECTIONS THIS MONTH
A34: Harvest Date | B34: Slaughterhouse | C34: Tissue | D34: Part # | E34: Lot | F34: # Inspected | G34: # Pass | H34: # Fail | I34: FPY | J34: Scrap reason / notes
A35: 2026-08-03 | B35: Martins | C35: Pelvic | D35: 666541 | E35: 5502512228 | F35: 44 | G35: 44 | H35: 0 | I35: 1
A36: 2026-08-05 | B36: Nahunta | C36: Thoracic | D36: 666521 | E36: 5502512218 | F36: 15 | G36: 0 | H36: 15 | I36: 0 | J36: 11 right-lung lacerations (mostly along perimeter); 4 heart damage. Majority of damage harvesting-side; two units had no lung laceration but failed on heart.
A37: 2026-08-05 | B37: Martins | C37: Pelvic | D37: 666541 | E37: 5502512228 | F37: 35 | G37: 33 | H37: 2 | I37: 0.9429 | J37: 1 damaged membrane; 1 hole in bowel
A38: 2026-08-10 | B38: Martins | C38: Pelvic | D38: 666506 | E38: 5502523266 | F38: 8 | G38: 8 | H38: 0 | I38: 1
A39: 2026-08-10 | B39: Martins | C39: Pelvic | D39: 666541 | E39: 5502523269 | F39: 43 | G39: 41 | H39: 2 | I39: 0.9535 | J39: 2 urethra damage
A40: 2026-08-10 | B40: Parks | C40: Pelvic | D40: 666541 | E40: (no batch data) | F40: 10 | G40: 10 | H40: 0 | I40: 1 | J40: No failures this day.
A41: 2026-08-12 | B41: Nahunta | C41: Thoracic | D41: 666521 | E41: 5502523283 | F41: 13 | G41: 2 | H41: 11 | I41: 0.1538 | J41: 9 right-lung lacerations; 3 heart damage (breakdown sums to 12 vs 11 recorded). No left-lung damage seen; requested Ricardo shadow next visit.
A42: 2026-08-12 | B42: Nahunta | C42: Pelvic | D42: 666541 | E42: 5502523283 | F42: 13 | G42: 1 | H42: 12 | I42: 0.0769 | J42: Pelvic deprioritized — Jordan harvests other components first; no per-defect breakdown recorded (PROVISIONAL — confirm)
A43: 2026-08-14 | B43: Parks | C43: Pelvic | D43: 666541 | E43: (no batch data) | F43: 23 | G43: 22 | H43: 1 | I43: 0.9565 | J43: Bowel separated from mesentery past the critical point
A44: 2026-08-17 | B44: Martins | C44: Pelvic | D44: 666506 | E44: 5502523266 | F44: 5 | G44: 5 | H44: 0 | I44: 1
A45: 2026-08-17 | B45: Martins | C45: Pelvic | D45: 666541 | E45: 5502523269 | F45: 15 | G45: 14 | H45: 1 | I45: 0.9333 | J45: 1 hole in bowel (ran out of pigs, 3-hr wait, truck late)
A46: 2026-08-19 | B46: Nahunta | C46: Thoracic | D46: 666521 | E46: 5502523283 | F46: 29 | G46: 6 | H46: 23 | I46: 0.2069 | J46: 11 right-lung lacerations; 12 heart damage. Ricardo meeting reduced lung lacerations only until first break; heart lacerations (inspector-side) now the next gap.
A48: Key Takeaways
A49: ➢ 666541 (Pelvic @ Martins): 96.4% FPY on 137 — clean month; scattered singles only (bowel, urethra, membrane).
A50: ➢ 666506 (Pelvic @ Martins): 100% FPY on 13 — no failures.
A51: ➢ 666541 (Pelvic @ Parks): 97.0% FPY on 33 — strong start on the new spec after the 518 → 541 transition (8/10).
A52: ➢ 666521 (Thoracic @ Nahunta): 14.0% FPY on 57 across 3 visits — worsening: 31 lung lacerations and heart damage surging 2 → 19; escalated with Ricardo.
A53: ➢ 666541 (Pelvic @ Nahunta): 8/12 line (13/1/12) is provisional — no defect breakdown recorded (pelvics deprioritized on the line); confirm.

Sheet SmartAssessment
A1: SmartAssessment — Pelvic Block Quality (Claude analysis)
A2: Author: Claude · Compiled 2026-06-26 · Scope: Slaughterhouse IQC visits 1–14 + ATM receipt data. These are working analyst notes and interpretation — verify with Quality before any external/supplier use.
A4: 1. OBJECTIVE (as understood)
A5: Root-cause pelvic-block defects to their point of origin UPSTREAM — before the harvesting tech consolidates the pelvic block, and ideally back to slaughter/evisceration (handling of the main tissue block and GI). Goal: raise HARVESTING FIRST-PASS YIELD = successful pelvic blocks consolidated ÷ main tissue blocks the harvesting tech receives. Active at BOTH suppliers: Parks (already engaged) and Martins (sampling defective pelvics and bringing them to ATM for evaluation/root-cause). This is a yield-improvement / root-cause program, not a supplier down-select.
A7: 2. THE QUALITY PIPELINE — WHERE YIELD IS LOST
A8: Stage model
A9: Stage 0 Upstream: slaughter + evisceration; handling of the main tissue block / GI. Stage 1 Harvesting: SH tech consolidates the pelvic block ← first major yield loss, today largely UNMEASURED. Stage 2 SH-floor IQC: our ATM inspector, PRE-freeze — this is the current '# Inspected / Pass / Fail'. Stage 3 Freeze. Stage 4 ATM receipt: POST-freeze — the gate tied to performance goals.
A10: Key gap
A11: The tally sheets only count blocks that REACH our SH inspector. Blocks lost during harvesting (miscuts before presentation) are NOT in the pass/fail counts. See Parks Visit 11 (06/16): '~100 pigs slaughtered, the majority of blocks failed BEFORE reaching IQC due to miscuts during block removal.' That upstream loss IS the harvesting first-pass yield this program targets — and it is currently invisible. RECOMMEND adding two fields to the tally template: (a) main blocks received by harvesting tech, (b) blocks rejected at harvesting before IQC. Then harvesting FPY can be computed instead of inferred from a note.
A13: 3. PARKS 05/11 CRITICAL-MESENTERY EVENT — ROOT-CAUSE SUCCESS STORY
A14: ATM receipt 05/11 (PN 666518): 220 received, 195 scrapped (88.6% rejection), of which 187 were critical mesentery holes/lacerations. This ONE event is 187 of Parks's 218 total critical-mesentery defects across the entire record — it dominates the Parks picture.
A15: Confirmed REAL (per Quality). Root cause: a harvesting cut that was dividing the mesentery from the block, plus bowel-area handling issues the slaughterhouse was unaware of. Corrected via training + monitoring; monthly verification calls ongoing.
... A37: 1. Add harvesting-FPY capture to the tally template (main blocks received; blocks rejected pre-IQC) so upstream loss is measured, not inferred. 2. Tag ATM scrap by stage-of-origin (harvesting vs freeze/thaw vs spec-drift); keep freeze/thaw small-lacerations out of the harvesting-FPY denominator. 3. Build a matched-lot SH→ATM tracker as more lots gain both stages — prioritize post-intervention Parks lots to verify the 05/11 fix holds through freeze/thaw. 4. Reconcile the 666506 / 'non-intact' naming vs the tighter-spec definition; once confirmed, update IQC note 1 and the README. 5. Continue monthly supplier calls; trend the residual Parks 'short block' / critical-zone signal and the Martins sampled-defect root-causes. 6. When Tableau ATM data lands, link defect categories to stage-of-origin in the new batch-less sheet.

Sheet Defect Atlas
A1: Defect Atlas — Visual Reference
A2: Visual reference for inspector training and supplier feedback. Each section pairs the defect category with the original IQC reference photo. Use the right-hand column to record which canonical defect category each photo maps to.
A4: 1. Bladder Laceration exposing internal surfaces
A5: Reference photo | C5: Canonical defect category | E5: Inspector notes
C6: Bladder Laceration (exposing internal) | E6: Per spec 668741-RevD §6.1.2. Right-hand panel shows a normal bladder for contrast. Exposing the inner mucosa is the disqualifier — surface scratches that do not penetrate are acceptable.
A26: 2. Bladder Length Undersize + Urethra Laceration
A27: Reference photo | C27: Canonical defect category | E27: Inspector notes
C28: Bladder Length Undersize / Urethra Laceration (exposing internal) | E28: Top: bladder measured below the lower spec limit (was <3", relaxed to <2" on 2026-03-23). Bottom: urethral laceration that exposes the lumen vs one that does not. Only lumen-exposing lacerations are scrapped.
A48: 3. Urethra Laceration + Mesentery Laceration in critical area
A49: Reference photo | C49: Canonical defect category | E49: Inspector notes
C50: Urethra Laceration (exposing internal) / Critical Mesentery Hole/Laceration (>0.5") | E50: Top-right: a missing urethral segment with a corresponding hole in the vagina — full disqualifier. Bottom: mesenteric membrane perforation in the critical area exceeding 0.5" diameter.
A70: 4. Mesentery Laceration in critical area
A71: Reference photo | C71: Canonical defect category | E71: Inspector notes
C72: Critical Mesentery Hole/Laceration (>0.5") | E72: Multiple holes visible in the critical zone. Common at Martins early in the period (17 units on 2026-02-23) and again on 2026-03-16 (18 units) and 2026-04-20 (18 units). Pattern suggests harvest tool / technique variability rather than animal variability.
A92: 5. Mesentery Critical Area — Example 1 (PN 666540 Male)
A93: Reference photo | C93: Canonical defect category | E93: Inspector notes
C94: Critical Mesentery Hole/Laceration (>0.5") | E94: Reference example for the male part. Spec ref: 668741 Rev E §6.1.4 – 6.1.4.1.
A114: 6. Mesentery Critical Area — Examples 1-1 and 1-2 (PN 666541 Female)
A115: Reference photo | C115: Canonical defect category | E115: Inspector notes
C116: Critical Mesentery Hole/Laceration (>0.5") | E116: Reference examples for the female part, dated 2026-03-18. Spec ref: 668741 Rev E §6.1.4 – 6.1.4.1. Useful for inspector calibration sessions.

Sheet README
A1: Pelvic Blocks — Incoming Quality Control Reconstruction
A3: Period covered | B3: 2026-02-09 through 2026-04-20 (11 weeks)
A4: Parts in scope | B4: 666541 DV Tech Pelvic Block (Female – Martins)
B5: 666540 DV Tech Pelvic Block (Male – Martins)
B6: 666518 DV Tech Pelvic Block (Female – Parks)
A7: Slaughterhouses | B7: Martins (NC), Parks (NC)
A8: Source | B8: Reconstructed from IQC screenshots (CAPA 2026-01 dataset)
A10: WORKBOOK MAP
A11: Sheet | B11: Purpose
A12: Receipt Summary | B12: One row per receipt event with totals and rejection rate. Sorted by date. Conditional formatting highlights rejection-rate spikes.
A13: Master Data | B13: Long-format defect log: one row per (date × lot × defect). The single source of truth — every other sheet pivots from this.
A14: Defect Pivot 666541-F | B14: Defect counts × date for the female part at Martins. Rows = canonical defect; columns = receipt date.
A15: Defect Pivot 666540-M | B15: Same view for the male part at Martins.
A16: Defect Pivot 666518-F | B16: Same view for the female part at Parks.
A17: Supplier Comparison | B17: Martins vs Parks side-by-side: receipts, scrap, rejection rate, top-3 defects per supplier.
A18: Defect Atlas | B18: Visual reference for each defect category. Use during inspector training and supplier feedback.
A20: READING NOTES — IMPORTANT
A21: Spec drift | B21: Defect names changed mid-period. Same physical issue often appears under two names (e.g. 'Damage to Urethra' early, 'Lacerations on Urethra exposing internal surfaces' later). The Master Data sheet preserves the ORIGINAL defect name AND maps it to a CANONICAL category so trends remain comparable.
A22: Bladder length | B22: Lower spec changed from <3" (Feb-Mar) to <2" (late Mar onward). This will show as a sudden drop in the 'Bladder Length Undersize' line that is NOT a real quality improvement — it is a spec relaxation.
A23: New spec | B23: 'Length of ≤7" of mesentery membrane from bladder neck' first appears 2026-03-30. Not a new defect — a newly-measured one.
A24: 'Bood Clot' | B24: Source spec carries this typo. Normalized to 'Blood Clot' in the canonical category.
A25: Lot field | B25: Where lot number was not legible on the source screenshot, it is recorded as '(not recorded)'. The 2026-03-02 666541 batch with 160 units is labeled '(batch A)' to distinguish it from the 50-unit lot 5502291197 from the same date.
