Workbook

Sheet Assumptions
B2: PVA Second Source — CJB vs SNP vs Market
B3: Cost model. Edit only the YELLOW cells; black/green cells are calculated. Built 2026-07-29 from CJB 'RE: CJB PVA mix test' + confirmed demand.
B5: 1) ACCOUNT FUNDAMENTALS (established / confirmed)
B6: Drum net weight (lb) | C6: 450 | D6: From SNP quote '1/450 lb. drum'. ~1.0 density aqueous solution.
B7: Weeks per year | C7: 52
B8: TOTAL demand (lb finished PVA / week) | C8: 1300 | D8: Confirmed by Oscar 2026-06-26. This is how SNP bills (per lb).
B9: SNP price ($/lb, delivered all-in) | C9: 0.75 | D9: SNP Estimate 012726-1, item 5TT-11A. Includes materials + processing + freight.
B10: Second-source split % (of total volume) | C10: 0.25 | D10: Decided fixed split ~20-25% to the 2nd source. Adjust to test.
B11: SNP price per drum ($) | C11: =C6*C9 | D11: =$/lb x drum lb.
B12: Total drums per year | C12: =C8*C7/C6 | D12: =(lb/wk x wks) / drum lb.
B13: 2nd-source drums per year | C13: =C12*C10 | D13: The slice we hand to a 2nd source.
B14: SNP drums per year (retained) | C14: =C12*(1-C10)
B15: CURRENT all-SNP annual spend ($) | C15: =C12*C11 | D15: Baseline: 100% to SNP. The number to beat.
B17: 2) PRODUCT / MATERIALS (for toll costing — we supply the raw materials)
B18: Total solids (% of finished weight) | C18: 0.11 | D18: Product spec ~10-12% solids in water. Midpoint used.
B19: PVA resin loading (% of finished weight) | C19: 0.1 | D19: Resin is ~90% of solids (rest = NaCl + pigment). ESTIMATE — refine from formula.
B20: PVA resin lb per drum | C20: =C6*C19 | D20: Toll basis under Interpretation A (per lb of resin).
B21: Resin cost ($/lb, specialty, small-qty) | C21: 3 | D21: Selvol S-1551F-D via distributor, drum qty. Commodity PVOH index ~$1.3/lb; specialty/small-qty ~$3.
B22: Other materials $/drum (NaCl+Proxel+pigment+drum) | C22: 65 | D22: ESTIMATE. Refine with actual BOM.
B23: Raw materials $/drum (we supply) | C23: =C20*C21+C22 | D23: =resin lb x resin $/lb + other. We consign these to the toller.
B24: Finished-goods freight $/drum (GA -> us) | C24: 75 | D24: ESTIMATE, single-drum LTL from Valdosta GA. Confirm with CJB.
B25: Our materials + freight $/drum | C25: =C23+C24 | D25: Everything the toll price does NOT cover.
B27: 3) CJB PROPOSAL TERMS (from 'RE: CJB PVA mix test')
B28: Qualification fee ($) | C28: 4900 | D28: Reduced from $6,300. Applies REGARDLESS of trial success.
B29: Credit per production batch ($) | C29: 700 | D29: Only if trial succeeds AND a 1-year production agreement is signed.
B30: # of production batches credited | C30: 7 | D30: $700 x 7 = full $4,900 credited back over the first seven batches.
B31: Total qualification credit ($) | C31: =C29*C30
B32: Toll processing $/lb — LOW | C32: 8 | D32: CJB estimate, EXCLUDING raw materials. *** PER POUND OF WHAT? confirm basis. ***
B33: Toll processing $/lb — HIGH | C33: 8.5 | D33: Final pricing to be confirmed after lab trial validates handling.
B35: 4) MARKET / 3rd-SUPPLIER BENCHMARK ($/lb finished, delivered all-in)
B36: Market LOW ($/lb finished) | C36: 1 | D36: APV-type competitive 2nd-source anchor (~+33% vs SNP).
B37: Market LIKELY ($/lb finished) | C37: 1.12 | D37: Small-batch toll premium ~+50% over incumbent (model's 'Likely').
B38: Market HIGH ($/lb finished) | C38: 1.5 | D38: Worst-case competitive quote (~+100%).
B40: LEGEND
B41: Yellow = edit these. Blue = input. Green = links another tab. Grey = calculated.
B42: Market range is built independently of CJB: SNP floor ($0.75) + APV-type 2nd-source target + documented small-batch toll premium. See 'Benchmark' tab.

Sheet CJB Proposal
B2: CJB Proposal — Costed Out (two unit interpretations)
B3: CJB quoted toll processing at $8.00-8.50 'per pound' excluding raw materials. The BASIS is ambiguous and swings the answer ~9x.
B5: Line item (per drum unless noted) | C5: Interp A: $/lb of RESIN | D5: Interp B: $/lb of FINISHED | E5: Comment
B6: Toll basis — lb per drum | C6: =Assumptions!C20 | D6: =Assumptions!C6 | E6: Resin lb/drum vs full finished lb/drum.
B7: Toll $/drum @ $8.00/lb | C7: =C6*Assumptions!C32 | D7: =D6*Assumptions!C32
B8: Toll $/drum @ $8.50/lb | C8: =C6*Assumptions!C33 | D8: =D6*Assumptions!C33
B9: Toll $/drum (midpoint) | C9: =(C7+C8)/2 | D9: =(D7+D8)/2 | E9: CJB's service fee only.
B10: + Raw materials $/drum (we supply) | C10: =Assumptions!C23 | D10: =Assumptions!C23 | E10: Not in the toll fee.
B11: + Finished freight $/drum | C11: =Assumptions!C24 | D11: =Assumptions!C24 | E11: GA -> us.
B12: =LANDED cost $/drum (midpoint) | C12: =C9+C10+C11 | D12: =D9+D10+D11 | E12: What a drum actually costs us.
B13: Landed $/lb finished | C13: =C12/Assumptions!C6 | D13: =D12/Assumptions!C6 | E13: Common basis vs SNP $0.75 & market.
B14: vs SNP $/drum (Delta) | C14: =C12-Assumptions!C11 | D14: =D12-Assumptions!C11
B15: vs SNP (%) | C15: =C14/Assumptions!C11 | D15: =D14/Assumptions!C11
B16: 2nd-source drums / year | C16: =Assumptions!C13 | D16: =Assumptions!C13
B17: Annual running cost — 2nd-source slice | C17: =C12*C16 | D17: =D12*D16 | E17: Excludes one-time qual fee.
B19: QUALIFICATION ECONOMICS ($4,900 batch — win or lose)
B20: Qualification fee — paid upfront (win or lose) | C20: =Assumptions!C28
B21: Credit if trial succeeds + 1-yr deal ($700 x 7) | C21: =-Assumptions!C31
B22: NET qualification cost — if deal proceeds | C22: =C20+C21 | E22: Fully credited back over the first ~year of production.
B23: NET qualification cost — if trial fails / no deal | C23: =C20 | E23: Sunk. This is the money at risk if the trial doesn't validate.
B25: READ THIS: Interp B (per lb of finished) makes CJB ~11x SNP — almost certainly NOT what they mean, but
B26: it must be ruled out in writing. The whole comparison hinges on confirming the toll basis.

Sheet Comparison
B2: Head-to-Head — SNP vs Market vs CJB
B3: All on a common DELIVERED basis. SNP & Market are all-in delivered; CJB = toll + our-supplied materials + freight.
B5: Metric | C5: SNP (incumbent) | D5: Market LOW | E5: Market LIKELY | F5: Market HIGH | G5: CJB (Interp A) | H5: CJB (Interp B)
B6: $/lb finished (delivered/landed) | C6: =Assumptions!C9 | D6: =Assumptions!C36 | E6: =Assumptions!C37 | F6: =Assumptions!C38 | G6: ='CJB Proposal'!C13 | H6: ='CJB Proposal'!D13
B7: $/drum (delivered/landed) | C7: =Assumptions!C11 | D7: =D6*Assumptions!C6 | E7: =E6*Assumptions!C6 | F7: =F6*Assumptions!C6 | G7: ='CJB Proposal'!C12 | H7: ='CJB Proposal'!D12
B8: Delta $/drum vs SNP | C8: =C7-$C$7 | D8: =D7-$C$7 | E8: =E7-$C$7 | F8: =F7-$C$7 | G8: =G7-$C$7 | H8: =H7-$C$7
B9: Delta % vs SNP | C9: =C8/$C$7 | D9: =D8/$C$7 | E9: =E8/$C$7 | F9: =F8/$C$7 | G9: =G8/$C$7 | H9: =H8/$C$7
B10: Annual cost — 2nd-source slice (drums) | C10: =C7*Assumptions!$C$13 | D10: =D7*Assumptions!$C$13 | E10: =E7*Assumptions!$C$13 | F10: =F7*Assumptions!$C$13 | G10: =G7*Assumptions!$C$13 | H10: =H7*Assumptions!$C$13
B11: Cost of redundancy (vs same drums at SNP) | C11: =C10-Assumptions!$C$13*Assumptions!$C$11 | D11: =D10-Assumptions!$C$13*Assumptions!$C$11 | E11: =E10-Assumptions!$C$13*Assumptions!$C$11 | F11: =F10-Assumptions!$C$13*Assumptions!$C$11 | G11: =G10-Assumptions!$C$13*Assumptions!$C$11 | H11: =H10-Assumptions!$C$13*Assumptions!$C$11
B13: Takeaway
B14: If CJB's $8/lb is per lb of RESIN (the sensible reading), CJB lands at the TOP of the market band —
B15: roughly double the redundancy premium of a competitively-quoted toll blender (APV / Piedmont / Columbus).
B16: If it is per lb of FINISHED solution, CJB is a non-starter. Get 2-3 competing toll quotes before committing.

Sheet Redundancy
B2: Total-Account Cost of Redundancy (75% SNP + 25% 2nd source)
B3: The real decision: what does dual-sourcing add to the whole account vs staying 100% SNP?
B5: Scenario | C5: SNP drums/yr | D5: 2nd drums/yr | E5: SNP annual $ | F5: 2nd-src annual $ | G5: Qual (yr-1 net) | H5: TOTAL yr-1 $ | I5: Delta vs baseline $ | J5: Delta % | K5: Steady-state yr2+ $
B6: Baseline — 100% SNP | C6: =Assumptions!C12 | D6: 0 | E6: =Assumptions!C12*Assumptions!C11 | F6: 0 | G6: 0 | H6: =E6+F6+G6 | I6: =H6-$H$6 | J6: =IF($H$6=0,0,I6/$H$6) | K6: =E6+F6
B7: + 25% Market LIKELY | C7: =Assumptions!C14 | D7: =Assumptions!C13 | E7: =C7*Assumptions!C11 | F7: =D7*'Comparison'!E7 | G7: 0 | H7: =E7+F7+G7 | I7: =H7-$H$6 | J7: =IF($H$6=0,0,I7/$H$6) | K7: =E7+F7
B8: + 25% CJB (Interp A: resin) | C8: =Assumptions!C14 | D8: =Assumptions!C13 | E8: =C8*Assumptions!C11 | F8: =D8*'Comparison'!G7 | G8: 0 | H8: =E8+F8+G8 | I8: =H8-$H$6 | J8: =IF($H$6=0,0,I8/$H$6) | K8: =E8+F8
B9: + 25% CJB (Interp B: finished) | C9: =Assumptions!C14 | D9: =Assumptions!C13 | E9: =C9*Assumptions!C11 | F9: =D9*'Comparison'!H7 | G9: 0 | H9: =E9+F9+G9 | I9: =H9-$H$6 | J9: =IF($H$6=0,0,I9/$H$6) | K9: =E9+F9
B11: Notes
B12: - Qual (yr-1 net) = $0 for CJB: the $4,900 is credited back over the first 7 batches IF the trial succeeds and a 1-yr deal is signed.
B13: - If the trial FAILS or no deal is signed, add $4,900 sunk to CJB year-1 (see 'CJB Proposal' tab).
B14: - Market scenario assumes a competitive 2nd-source quote (~$1.12/lb delivered); no market qual fee is modeled (unknown — most toll qual runs are $2-6k).
B15: - Steady-state (yr2+) drops all one-time fees: pure running cost of the split.
B16: - Cost of redundancy = the insurance premium for not being single-sourced on SNP.

Sheet Benchmark
B2: Market Benchmark — how the 3rd-supplier range was built
B3: Built independently of CJB, so CJB is measured against the market — not treated as the standard.
B5: Anchors
B6: Incumbent floor — SNP | C6: $0.75/lb finished | D6: A real competitive quote we already hold. $337.50/drum delivered.
B7: APV-type 2nd-source target | C7: ~$1.00/lb finished | D7: Coatings/pigment house, 5-gal floor; ~+33% over incumbent. The realistic competitive 2nd-source price.
B8: Small-batch toll premium | C8: +50% to +100% | D8: Micro-volume (~1 drum/wk) tolling premium over incumbent -> $1.12-1.50/lb.
B9: PVA resin (raw) — commodity index | C9: ~$1.26-1.41/lb | D9: North America PVOH, Dec-2025/Mar-2026. Specialty super-hydrolyzed grade in drum qty runs higher (~$3/lb).
B10: Toll conversion rates | C10: quote-driven (not public) | D10: Toll blenders price per-lb / per-batch / flat fee; no public rate card. Must get quotes.
B13: Candidate 2nd sources to get competing quotes from (from Supplier Roster)
B14: APV Engineered Coatings (Akron, OH) | C14: INTERVIEWING | D14: 5-gal floor; pigment-dispersion specialty; ISO 9001. Best price-competitive candidate.
B15: Piedmont Chemical (High Point, NC) | C15: Active | D15: Textile/PVA heritage = real PVA know-how; 5-gal pilot reactors.
B16: Columbus Chemical / CCI (WI/AZ) | C16: Active | D16: Widest batch range (20 L-20,000 L); in-house lab; least shelf-life waste.
B17: CORECHEM (Knoxville, TN) | C17: Caution | D17: 250-gal min may overshoot 18-day shelf life; ask about partial batches.
B20: Sources
B21: - PVOH price index (North America ~$3.10/kg Dec-2025; ~$2,778/MT Mar-2026): chemanalyst.com / imarcgroup.com PVA pricing reports.
B22: - Toll blending pricing structure (per-lb / per-batch / flat fee; quote-driven): hydrite.com, royalchemical.com, jayneproducts.com.
B23: - SNP price: SNP Estimate 012726-1, item 5TT-11A ($0.75/lb).
B24: - CJB terms: email thread 'RE: CJB PVA mix test' (qual $4,900; $700 x 7 credit; toll $8.00-8.50/lb ex-materials).
B25: - Demand & drum spec: confirmed by Oscar 2026-06-26 (1,300 lb/wk; 450 lb/drum).
