Workbook

Sheet Sheet1
C3: Part Number | D3: Description | E3: Q4'26 | F3: Q1'27 | G3: Q2'27 | H3: Q3'27 | I3: Q4'27 | L3: 666501 | M3: 666502 | N3: 666506 | O3: 666541
C4: 666035 | D4: BARIATRIC FOREGUT COMPLEX | E4: 90 | F4: 90 | G4: 95 | H4: 90 | I4: 80 | L4: 0 | M4: 0 | N4: 0 | O4: 0
C5: 666037-01 | D5: COLORECTAL | E5: 300 | F5: 320 | G5: 340 | H5: 365 | I5: 380 | L5: 3 | M5: 0 | N5: 2 | O5: 0
C6: 666052 | D6: GYN | E6: 135 | F6: 120 | G6: 125 | H6: 125 | I6: 128 | L6: 2 | M6: 0 | N6: 1 | O6: 0
C7: 666069 | D7: dV TECH | E7: 1800 | F7: 1950 | G7: 2050 | H7: 2075 | I7: 2050 | L7: 1 | M7: 1 | N7: 0 | O7: 1
L9: Q4'26 | M9: Q1'27 | N9: Q2'27 | O9: Q3'27 | P9: Q4'27 | R9: Spec Yield | S9: Harvest YIELD
K10: 666501 | L10: {=SUM(E$4:E$7*$L$4:$L$7)} -> 2970 | M10: {=SUM(F$4:F$7*$L$4:$L$7)} -> 3150 | N10: {=SUM(G$4:G$7*$L$4:$L$7)} -> 3320 | O10: {=SUM(H$4:H$7*$L$4:$L$7)} -> 3420 | P10: {=SUM(I$4:I$7*$L$4:$L$7)} -> 3446 | R10: 0.99 | S10: 0.95
K11: 666502 | L11: {=SUM(E$4:E$7*$M$4:$M$7)} -> 1800 | M11: {=SUM(F$4:F$7*$M$4:$M$7)} -> 1950 | N11: {=SUM(G$4:G$7*$M$4:$M$7)} -> 2050 | O11: {=SUM(H$4:H$7*$M$4:$M$7)} -> 2075 | P11: {=SUM(I$4:I$7*$M$4:$M$7)} -> 2050 | R11: 0.85 | S11: 0.88
K12: 666506 | L12: {=SUM(E$4:E$7*$N$4:$N$7)} -> 735 | M12: {=SUM(F$4:F$7*$N$4:$N$7)} -> 760 | N12: {=SUM(G$4:G$7*$N$4:$N$7)} -> 805 | O12: {=SUM(H$4:H$7*$N$4:$N$7)} -> 855 | P12: {=SUM(I$4:I$7*$N$4:$N$7)} -> 888 | R12: 0.45 | S12: 0.25
K13: 666541 | L13: {=SUM(E$4:E$7*$O$4:$O$7)} -> 1800 | M13: {=SUM(F$4:F$7*$O$4:$O$7)} -> 1950 | N13: {=SUM(G$4:G$7*$O$4:$O$7)} -> 2050 | O13: {=SUM(H$4:H$7*$O$4:$O$7)} -> 2075 | P13: {=SUM(I$4:I$7*$O$4:$O$7)} -> 2050 | R13: 0.45 | S13: 0.25
F14: 13 | H14: Graph this in blocks | L14: Graph each of these demands per block/qrtr
E15: Weekly | F15: QTR | G15: Spec | H15: Net: | I15: harvest | J15: Net2
D16: Martins | E16: 2500 | F16: =E16*$F$14 -> 32500 | G16: =SUMPRODUCT(L$10:L$13,R$10:R$13)/SUM(L$10:L$13) -> 0.76811088 | H16: =F16*G16 -> 24963.604 | I16: =SUMPRODUCT(L$10:L$13,S$10:S$13)/SUM(L$10:L$13) -> 0.68983573 | J16: =H16*I16 -> 17220.786
D17: Nahunta | E17: 180 | F17: =E17*$F$14 -> 2340 | G17: =SUMPRODUCT(L$10:L$13,R$10:R$13)/SUM(L$10:L$13) -> 0.76811088 | H17: =F17*G17 -> 1797.3795 | I17: =SUMPRODUCT(L$10:L$13,S$10:S$13)/SUM(L$10:L$13) -> 0.68983573 | J17: =H17*I17 -> 1239.8966
D18: Customs | E18: 150 | F18: =E18*$F$14 -> 1950 | G18: =SUMPRODUCT(L$10:L$13,R$10:R$13)/SUM(L$10:L$13) -> 0.76811088 | H18: =F18*G18 -> 1497.8162 | I18: =SUMPRODUCT(L$10:L$13,S$10:S$13)/SUM(L$10:L$13) -> 0.68983573 | J18: =H18*I18 -> 1033.2471
D19: Parks | E19: 400 | F19: =E19*$F$14 -> 5200 | G19: =SUMPRODUCT(L$10:L$13,R$10:R$13)/SUM(L$10:L$13)-10% -> 0.66811088 | H19: =F19*G19 -> 3474.1766 | I19: =SUMPRODUCT(L$10:L$13,S$10:S$13)/SUM(L$10:L$13) -> 0.68983573 | J19: =H19*I19 -> 2396.6111
I22: w.avrg | L22: w.avrg
I23: Spec Yield | J23: Net1 | K23: Qtr | L23: harvst | M23: net2

Sheet Viz 1 - Supply vs Demand
B2: Pig tissue supply vs demand, Q4'26-Q4'27
B3: ="Net harvested capacity covers peak quarterly demand "&TEXT('Chart Data'!B14/MAX('Chart Data'!B21:F21),"0.0")&"x; Martins carries "&TEXT('Chart Data'!B10/'Chart Data'!B14,"0%")&" of net supply." -> Net harvested capacity covers peak quarterly demand 2.6x; Martins carries 79% of net supply.
B5: Coverage at peak demand | D5: Net harvested capacity | F5: Peak quarterly demand | H5: Martins share of net harvested
B6: ='Chart Data'!B14/MAX('Chart Data'!B21:F21) -> 2.5955111 | D6: ='Chart Data'!B14 -> 21890.541 | F6: =MAX('Chart Data'!B21:F21) -> 8434 | H6: ='Chart Data'!B10/'Chart Data'!B14 -> 0.78667704
B7: =TEXT('Chart Data'!B14/'Chart Data'!B21,"0.0")&"x at "&'Chart Data'!B4 -> 3.0x at Q4'26 | D7: pigs per quarter, flat | F7: ='Chart Data'!F4&", +"&TEXT(MAX('Chart Data'!B21:F21)/'Chart Data'!B21-1,"0%")&" vs "&'Chart Data'!B4 -> Q4'27, +15% vs Q4'26 | H7: =TEXT('Chart Data'!B10,"#,##0.0,")&"K of "&TEXT('Chart Data'!B14,"#,##0.0,")&"K per qtr" -> 17.2K of 21.9K per qtr
B54: Source & assumptions
B55: Supply assumes one constant weekly kill rate x 13 weeks per quarter, held flat Q4'26-Q4'27; no seasonality or downtime modeled.
B56: ="Net at spec = gross kill x spec yield ("&TEXT('Chart Data'!B9/'Chart Data'!B15,"0%")&"); net harvested = net at spec x harvest yield ("&TEXT('Chart Data'!B14/'Chart Data'!B9,"0%")&"). 1 tissue unit = 1 pig equivalent." -> Net at spec = gross kill x spec yield (76%); net harvested = net at spec x harvest yield (69%). 1 tissue unit = 1 pig equivalent.
B57: Demand = total tissue units across parts 666501, 666502, 666506, 666541.
B59: House | C59: Gross kill | D59: Net at spec | E59: Net harvested
B60: =Sheet1!$D$16 -> Martins | C60: ='Chart Data'!B22 -> 32500 | D60: ='Chart Data'!B5 -> 24963.604 | E60: ='Chart Data'!B10 -> 17220.786
B61: =Sheet1!$D$17 -> Nahunta | C61: ='Chart Data'!B23 -> 2340 | D61: ='Chart Data'!B6 -> 1797.3795 | E61: ='Chart Data'!B11 -> 1239.8966
B62: =Sheet1!$D$18 -> Customs | C62: ='Chart Data'!B24 -> 1950 | D62: ='Chart Data'!B7 -> 1497.8162 | E62: ='Chart Data'!B12 -> 1033.2471
B63: =Sheet1!$D$19 -> Parks | C63: ='Chart Data'!B25 -> 5200 | D63: ='Chart Data'!B8 -> 3474.1766 | E63: ='Chart Data'!B13 -> 2396.6111
B64: Total | C64: ='Chart Data'!B15 -> 41990 | D64: ='Chart Data'!B9 -> 31732.976 | E64: ='Chart Data'!B14 -> 21890.541
B66: ="Demand (tissue units): "&'Chart Data'!B4&" "&TEXT('Chart Data'!B21,"#,##0")&" - "&'Chart Data'!C4&" "&TEXT('Chart Data'!C21,"#,##0")&" - "&'Chart Data'!D4&" "&TEXT('Chart Data'!D21,"#,##0")&" - "&'Chart Data'!E4&" "&TEXT('Chart Data'!E21,"#,##0")&" - "&'Chart Data'!F4&" "&TEXT('Chart Data'!F21,"#,##0") -> Demand (tissue units): Q4'26 7,305 - Q1'27 7,810 - Q2'27 8,225 - Q3'27 8,425 - Q4'27 8,434
B67: ="Coverage (net harvested / demand): "&TEXT('Chart Data'!B14/'Chart Data'!B21,"0.0")&"x - "&TEXT('Chart Data'!B14/'Chart Data'!C21,"0.0")&"x - "&TEXT('Chart Data'!B14/'Chart Data'!D21,"0.0")&"x - "&TEXT('Chart Data'!B14/'Chart Data'!E21,"0.0")&"x - "&TEXT('Chart Data'!B14/'Chart Data'!F21,"0.0")&"x" -> Coverage (net harvested / demand): 3.0x - 2.8x - 2.7x - 2.6x - 2.6x

Sheet Viz 2 - Dashboard
B1: Pig tissue supply plan - capacity vs demand
B2: All figures in pigs per quarter. Supply is flat across quarters (single weekly kill rate x 13). Q4'26-Q4'27.
B4: Gross kill capacity | D4: Net at spec yield | F4: Net harvested | H4: Peak quarterly demand | J4: Coverage at peak
B5: ='Chart Data'!B15 -> 41990 | D5: ='Chart Data'!B9 -> 31732.976 | F5: ='Chart Data'!B14 -> 21890.541 | H5: =MAX('Chart Data'!B21:F21) -> 8434 | J5: ='Chart Data'!B14/MAX('Chart Data'!B21:F21) -> 2.5955111
B6: pigs/qtr, 4 houses | D6: ="pass spec: "&TEXT('Chart Data'!B9/'Chart Data'!B15,"0%")&" of gross" -> pass spec: 76% of gross | F6: =TEXT('Chart Data'!B14/'Chart Data'!B9,"0%")&" of spec survive harvest" -> 69% of spec survive harvest | H6: ='Chart Data'!F4&", +"&TEXT(MAX('Chart Data'!B21:F21)/'Chart Data'!B21-1,"0%")&" vs "&'Chart Data'!B4 -> Q4'27, +15% vs Q4'26 | J6: =TEXT('Chart Data'!B14/'Chart Data'!B21,"0.0")&"x at "&'Chart Data'!B4 -> 3.0x at Q4'26
B33: Supply per quarter by slaughterhouse (flat across quarters)
B34: House | D34: Gross kill | F34: Net at spec | H34: Net harvested | J34: % of net
B35: =Sheet1!$D$16 -> Martins | D35: ='Chart Data'!B22 -> 32500 | F35: ='Chart Data'!B5 -> 24963.604 | H35: ='Chart Data'!B10 -> 17220.786 | J35: ='Chart Data'!B10/'Chart Data'!B14 -> 0.78667704
B36: =Sheet1!$D$17 -> Nahunta | D36: ='Chart Data'!B23 -> 2340 | F36: ='Chart Data'!B6 -> 1797.3795 | H36: ='Chart Data'!B11 -> 1239.8966 | J36: ='Chart Data'!B11/'Chart Data'!B14 -> 0.056640747
B37: =Sheet1!$D$18 -> Customs | D37: ='Chart Data'!B24 -> 1950 | F37: ='Chart Data'!B7 -> 1497.8162 | H37: ='Chart Data'!B12 -> 1033.2471 | J37: ='Chart Data'!B12/'Chart Data'!B14 -> 0.047200623
B38: =Sheet1!$D$19 -> Parks | D38: ='Chart Data'!B25 -> 5200 | F38: ='Chart Data'!B8 -> 3474.1766 | H38: ='Chart Data'!B13 -> 2396.6111 | J38: ='Chart Data'!B13/'Chart Data'!B14 -> 0.10948159
B39: Total | D39: ='Chart Data'!B15 -> 41990 | F39: ='Chart Data'!B9 -> 31732.976 | H39: ='Chart Data'!B14 -> 21890.541 | J39: =SUM(J35:J38) -> 1
B42: Tissue demand and coverage by quarter
D43: ='Chart Data'!B4 -> Q4'26 | F43: ='Chart Data'!C4 -> Q1'27 | H43: ='Chart Data'!D4 -> Q2'27 | J43: ='Chart Data'!E4 -> Q3'27 | L43: ='Chart Data'!F4 -> Q4'27
B44: Demand (tissue units) | D44: ='Chart Data'!B21 -> 7305 | F44: ='Chart Data'!C21 -> 7810 | H44: ='Chart Data'!D21 -> 8225 | J44: ='Chart Data'!E21 -> 8425 | L44: ='Chart Data'!F21 -> 8434
B45: Coverage (net / demand) | D45: ='Chart Data'!B14/'Chart Data'!B21 -> 2.9966517 | F45: ='Chart Data'!B14/'Chart Data'!C21 -> 2.8028861 | H45: ='Chart Data'!B14/'Chart Data'!D21 -> 2.6614639 | J45: ='Chart Data'!B14/'Chart Data'!E21 -> 2.5982838 | L45: ='Chart Data'!B14/'Chart Data'!F21 -> 2.5955111
B47: ="Demand counted at 1 tissue unit = 1 pig equivalent; coverage = net harvested / demand. Net harvested = spec-passed x "&TEXT('Chart Data'!B14/'Chart Data'!B9,"0%")&" harvest yield." -> Demand counted at 1 tissue unit = 1 pig equivalent; coverage = net harvested / demand. Net harvested = spec-passed x 69% harvest yield.

Sheet Viz 3 - Capacity Funnel
B1: Tissue supply capacity funnel, Q4'26-Q4'27
B2: ="Pigs per quarter; supply flat, demand rising "&TEXT('Chart Data'!B21,"#,##0")&" to "&TEXT('Chart Data'!F21,"#,##0")&"." -> Pigs per quarter; supply flat, demand rising 7,305 to 8,434.
B4: Coverage at peak demand | E4: Net harvested capacity / quarter | H4: Gross-to-harvest yield | K4: Martins share of net harvested
B5: ='Chart Data'!B14/MAX('Chart Data'!B21:F21) -> 2.5955111 | E5: ='Chart Data'!B14 -> 21890.541 | H5: ='Chart Data'!B14/'Chart Data'!B15 -> 0.52132747 | K5: ='Chart Data'!B10/'Chart Data'!B14 -> 0.78667704
B6: =TEXT('Chart Data'!B14-MAX('Chart Data'!B21:F21),"#,##0")&" pigs/qtr headroom at peak" -> 13,457 pigs/qtr headroom at peak | E6: flat: weekly kill rate x 13 | H6: ="spec "&TEXT('Chart Data'!B9/'Chart Data'!B15,"0%")&" x harvest "&TEXT('Chart Data'!B14/'Chart Data'!B9,"0%") -> spec 76% x harvest 69% | K6: =TEXT('Chart Data'!B10,"#,##0")&" of "&TEXT('Chart Data'!B14,"#,##0") -> 17,221 of 21,891
B28: Supply by slaughterhouse (pigs per quarter) | J28: Demand by tissue part (pigs per quarter)
B29: House | C29: Gross kill | D29: Net at spec | E29: Net harvested | J29: Part | K29: ='Chart Data'!B4 -> Q4'26 | L29: ='Chart Data'!C4 -> Q1'27 | M29: ='Chart Data'!D4 -> Q2'27 | N29: ='Chart Data'!E4 -> Q3'27 | O29: ='Chart Data'!F4 -> Q4'27
B30: =Sheet1!$D$16 -> Martins | C30: ='Chart Data'!B22 -> 32500 | D30: ='Chart Data'!B5 -> 24963.604 | E30: ='Chart Data'!B10 -> 17220.786 | J30: =Sheet1!$K$10 -> 666501 | K30: ='Chart Data'!B17 -> 2970 | L30: ='Chart Data'!C17 -> 3150 | M30: ='Chart Data'!D17 -> 3320 | N30: ='Chart Data'!E17 -> 3420 | O30: ='Chart Data'!F17 -> 3446
B31: =Sheet1!$D$17 -> Nahunta | C31: ='Chart Data'!B23 -> 2340 | D31: ='Chart Data'!B6 -> 1797.3795 | E31: ='Chart Data'!B11 -> 1239.8966 | J31: =Sheet1!$K$11 -> 666502 | K31: ='Chart Data'!B18 -> 1800 | L31: ='Chart Data'!C18 -> 1950 | M31: ='Chart Data'!D18 -> 2050 | N31: ='Chart Data'!E18 -> 2075 | O31: ='Chart Data'!F18 -> 2050
B32: =Sheet1!$D$18 -> Customs | C32: ='Chart Data'!B24 -> 1950 | D32: ='Chart Data'!B7 -> 1497.8162 | E32: ='Chart Data'!B12 -> 1033.2471 | J32: =Sheet1!$K$12 -> 666506 | K32: ='Chart Data'!B19 -> 735 | L32: ='Chart Data'!C19 -> 760 | M32: ='Chart Data'!D19 -> 805 | N32: ='Chart Data'!E19 -> 855 | O32: ='Chart Data'!F19 -> 888
B33: =Sheet1!$D$19 -> Parks | C33: ='Chart Data'!B25 -> 5200 | D33: ='Chart Data'!B8 -> 3474.1766 | E33: ='Chart Data'!B13 -> 2396.6111 | J33: =Sheet1!$K$13 -> 666541 | K33: ='Chart Data'!B20 -> 1800 | L33: ='Chart Data'!C20 -> 1950 | M33: ='Chart Data'!D20 -> 2050 | N33: ='Chart Data'!E20 -> 2075 | O33: ='Chart Data'!F20 -> 2050
B34: Total | C34: ='Chart Data'!B15 -> 41990 | D34: ='Chart Data'!B9 -> 31732.976 | E34: ='Chart Data'!B14 -> 21890.541 | J34: Total | K34: ='Chart Data'!B21 -> 7305 | L34: ='Chart Data'!C21 -> 7810 | M34: ='Chart Data'!D21 -> 8225 | N34: ='Chart Data'!E21 -> 8425 | O34: ='Chart Data'!F21 -> 8434
B37: ="Yields: "&TEXT('Chart Data'!B15,"#,##0")&" gross x "&TEXT('Chart Data'!B9/'Chart Data'!B15,"0%")&" spec = "&TEXT('Chart Data'!B9,"#,##0")&"; x "&TEXT('Chart Data'!B14/'Chart Data'!B9,"0%")&" harvest = "&TEXT('Chart Data'!B14,"#,##0")&" available per quarter." -> Yields: 41,990 gross x 76% spec = 31,733; x 69% harvest = 21,891 available per quarter.
B38: Supply is flat: single weekly kill rate x 13 weeks per quarter. 1 tissue unit = 1 pig equivalent.

Sheet Chart Data
A1: Chart Data — feeds the three Viz sheets
A2: Every cell links to Sheet1: gross = weekly kill x 13 wks/qtr (Sheet1!E16:F19); net @ spec yield = Sheet1!H16:H19; net harvested = Sheet1!J16:J19 (spec x harvest yields); demand = tissue units per quarter (Sheet1!L10:P13), counted at 1 tissue = 1 pig equivalent (per planning assumption). Capacity is flat across quarters because Sheet1 holds a single weekly kill rate.
H3: Funnel view (stages as categories)
A4: Series | B4: =Sheet1!L9 -> Q4'26 | C4: =Sheet1!M9 -> Q1'27 | D4: =Sheet1!N9 -> Q2'27 | E4: =Sheet1!O9 -> Q3'27 | F4: =Sheet1!P9 -> Q4'27 | I4: ="Gross kill"&CHAR(10)&TEXT(B15,"#,##0") -> Gross kill 41,990 | J4: ="After spec yield"&CHAR(10)&TEXT(B9,"#,##0")&" (-"&TEXT(1-B9/B15,"0%")&")" -> After spec yield 31,733 (-24%) | K4: ="After harvest yield"&CHAR(10)&TEXT(B14,"#,##0")&" (-"&TEXT(1-B14/B9,"0%")&")" -> After harvest yield 21,891 (-31%) | L4: ="Peak demand Q4'27"&CHAR(10)&TEXT(F21,"#,##0") -> Peak demand Q4'27 8,434
A5: =Sheet1!$D$16&" (net, spec yield)" -> Martins (net, spec yield) | B5: =Sheet1!$H$16 -> 24963.604 | C5: =Sheet1!$H$16 -> 24963.604 | D5: =Sheet1!$H$16 -> 24963.604 | E5: =Sheet1!$H$16 -> 24963.604 | F5: =Sheet1!$H$16 -> 24963.604 | H5: =Sheet1!$D$16 -> Martins | I5: =B22 -> 32500 | J5: =B5 -> 24963.604 | K5: =B10 -> 17220.786
A6: =Sheet1!$D$17&" (net, spec yield)" -> Nahunta (net, spec yield) | B6: =Sheet1!$H$17 -> 1797.3795 | C6: =Sheet1!$H$17 -> 1797.3795 | D6: =Sheet1!$H$17 -> 1797.3795 | E6: =Sheet1!$H$17 -> 1797.3795 | F6: =Sheet1!$H$17 -> 1797.3795 | H6: =Sheet1!$D$17 -> Nahunta | I6: =B23 -> 2340 | J6: =B6 -> 1797.3795 | K6: =B11 -> 1239.8966
A7: =Sheet1!$D$18&" (net, spec yield)" -> Customs (net, spec yield) | B7: =Sheet1!$H$18 -> 1497.8162 | C7: =Sheet1!$H$18 -> 1497.8162 | D7: =Sheet1!$H$18 -> 1497.8162 | E7: =Sheet1!$H$18 -> 1497.8162 | F7: =Sheet1!$H$18 -> 1497.8162 | H7: =Sheet1!$D$18 -> Customs | I7: =B24 -> 1950 | J7: =B7 -> 1497.8162 | K7: =B12 -> 1033.2471
A8: =Sheet1!$D$19&" (net, spec yield)" -> Parks (net, spec yield) | B8: =Sheet1!$H$19 -> 3474.1766 | C8: =Sheet1!$H$19 -> 3474.1766 | D8: =Sheet1!$H$19 -> 3474.1766 | E8: =Sheet1!$H$19 -> 3474.1766 | F8: =Sheet1!$H$19 -> 3474.1766 | H8: =Sheet1!$D$19 -> Parks | I8: =B25 -> 5200 | J8: =B8 -> 3474.1766 | K8: =B13 -> 2396.6111
A9: Total capacity @ spec yield (pigs) | B9: =SUM(B5:B8) -> 31732.976 | C9: =SUM(C5:C8) -> 31732.976 | D9: =SUM(D5:D8) -> 31732.976 | E9: =SUM(E5:E8) -> 31732.976 | F9: =SUM(F5:F8) -> 31732.976 | H9: Tissue demand | L9: =F21 -> 8434
A10: =Sheet1!$D$16&" (net harvested)" -> Martins (net harvested) | B10: =Sheet1!$J$16 -> 17220.786 | C10: =Sheet1!$J$16 -> 17220.786 | D10: =Sheet1!$J$16 -> 17220.786 | E10: =Sheet1!$J$16 -> 17220.786 | F10: =Sheet1!$J$16 -> 17220.786
A11: =Sheet1!$D$17&" (net harvested)" -> Nahunta (net harvested) | B11: =Sheet1!$J$17 -> 1239.8966 | C11: =Sheet1!$J$17 -> 1239.8966 | D11: =Sheet1!$J$17 -> 1239.8966 | E11: =Sheet1!$J$17 -> 1239.8966 | F11: =Sheet1!$J$17 -> 1239.8966
A12: =Sheet1!$D$18&" (net harvested)" -> Customs (net harvested) | B12: =Sheet1!$J$18 -> 1033.2471 | C12: =Sheet1!$J$18 -> 1033.2471 | D12: =Sheet1!$J$18 -> 1033.2471 | E12: =Sheet1!$J$18 -> 1033.2471 | F12: =Sheet1!$J$18 -> 1033.2471
A13: =Sheet1!$D$19&" (net harvested)" -> Parks (net harvested) | B13: =Sheet1!$J$19 -> 2396.6111 | C13: =Sheet1!$J$19 -> 2396.6111 | D13: =Sheet1!$J$19 -> 2396.6111 | E13: =Sheet1!$J$19 -> 2396.6111 | F13: =Sheet1!$J$19 -> 2396.6111
A14: Total net harvested (pigs) | B14: =SUM(B10:B13) -> 21890.541 | C14: =SUM(C10:C13) -> 21890.541 | D14: =SUM(D10:D13) -> 21890.541 | E14: =SUM(E10:E13) -> 21890.541 | F14: =SUM(F10:F13) -> 21890.541
A15: Total gross kill (pigs) | B15: =SUM(Sheet1!$F$16:$F$19) -> 41990 | C15: =SUM(Sheet1!$F$16:$F$19) -> 41990 | D15: =SUM(Sheet1!$F$16:$F$19) -> 41990 | E15: =SUM(Sheet1!$F$16:$F$19) -> 41990 | F15: =SUM(Sheet1!$F$16:$F$19) -> 41990
A16: Gross kill above spec yield (pigs) | B16: =B15-B9 -> 10257.024 | C16: =C15-C9 -> 10257.024 | D16: =D15-D9 -> 10257.024 | E16: =E15-E9 -> 10257.024 | F16: =F15-F9 -> 10257.024
A17: ="Demand "&Sheet1!$K$10 -> Demand 666501 | B17: =Sheet1!L10 -> 2970 | C17: =Sheet1!M10 -> 3150 | D17: =Sheet1!N10 -> 3320 | E17: =Sheet1!O10 -> 3420 | F17: =Sheet1!P10 -> 3446
A18: ="Demand "&Sheet1!$K$11 -> Demand 666502 | B18: =Sheet1!L11 -> 1800 | C18: =Sheet1!M11 -> 1950 | D18: =Sheet1!N11 -> 2050 | E18: =Sheet1!O11 -> 2075 | F18: =Sheet1!P11 -> 2050
A19: ="Demand "&Sheet1!$K$12 -> Demand 666506 | B19: =Sheet1!L12 -> 735 | C19: =Sheet1!M12 -> 760 | D19: =Sheet1!N12 -> 805 | E19: =Sheet1!O12 -> 855 | F19: =Sheet1!P12 -> 888
A20: ="Demand "&Sheet1!$K$13 -> Demand 666541 | B20: =Sheet1!L13 -> 1800 | C20: =Sheet1!M13 -> 1950 | D20: =Sheet1!N13 -> 2050 | E20: =Sheet1!O13 -> 2075 | F20: =Sheet1!P13 -> 2050
A21: Total tissue demand (pigs, 1 tissue = 1 pig) | B21: =SUM(B17:B20) -> 7305 | C21: =SUM(C17:C20) -> 7810 | D21: =SUM(D17:D20) -> 8225 | E21: =SUM(E17:E20) -> 8425 | F21: =SUM(F17:F20) -> 8434
A22: =Sheet1!$D$16&" (gross kill)" -> Martins (gross kill) | B22: =Sheet1!$F$16 -> 32500 | C22: =Sheet1!$F$16 -> 32500 | D22: =Sheet1!$F$16 -> 32500 | E22: =Sheet1!$F$16 -> 32500 | F22: =Sheet1!$F$16 -> 32500
A23: =Sheet1!$D$17&" (gross kill)" -> Nahunta (gross kill) | B23: =Sheet1!$F$17 -> 2340 | C23: =Sheet1!$F$17 -> 2340 | D23: =Sheet1!$F$17 -> 2340 | E23: =Sheet1!$F$17 -> 2340 | F23: =Sheet1!$F$17 -> 2340
A24: =Sheet1!$D$18&" (gross kill)" -> Customs (gross kill) | B24: =Sheet1!$F$18 -> 1950 | C24: =Sheet1!$F$18 -> 1950 | D24: =Sheet1!$F$18 -> 1950 | E24: =Sheet1!$F$18 -> 1950 | F24: =Sheet1!$F$18 -> 1950
A25: =Sheet1!$D$19&" (gross kill)" -> Parks (gross kill) | B25: =Sheet1!$F$19 -> 5200 | C25: =Sheet1!$F$19 -> 5200 | D25: =Sheet1!$F$19 -> 5200 | E25: =Sheet1!$F$19 -> 5200 | F25: =Sheet1!$F$19 -> 5200
