Workbook
Name YLC: 'Yields-Labor-Cube'!$A$22:$O$54

Sheet Part_Model
A2: Part / Supplier Information | K2: Operations | T2: Quality | AO2: Relationship | AX2: Financial | BD2: Other:
K3: Capacity | T3: Certifications | X3: Part Quality | AC3: Compliance | BD3: Geopolitical | BH3: Distuption Risk | BL3: Cybersecurity
A4: Original_Part_Number | B4: Supplier_part_# | C4: Part_Description | D4: Supplier_Name | E4: Supplier_ATM# | F4: Intuitive# | G4: Material_Category | H4: Supplier_Status | K4: T-max | L4: Intuitive_Demand | M4: Non_Intuitive_Demand | N4: C_Utilization | O4: Headroom | P4: Procurement Lead time | Q4: Production Lead time | R4: Operational Notes | T4: ISO_9001 | U4: ISO 9001 expiration | V4: ISO_13485 | W4: ISO 13485 expiration | X4: Cpk_Index | Y4: Metrology_Tier | Z4: PPM_Actual_Defects | AA4: Quality_Trend | AB4: EOL_Risk | AC4: Inventory_Agreement | AD4: NDA | AE4: Rent_Agreement | AF4: SQA_Agreement | AG4: REACH_Compliant | AH4: Last_Audit_Date | AI4: Surveillance_Status | AJ4: Audit_Report_668522 (506) | AK4: Open_CAPAs | AL4: Quality_Notes | AO4: Relationship_Strength | AP4: Responsiveness | AQ4: Source_Dependency | AR4: Backup_Qualified | AS4: Replacement Time | AT4: Business_Years | AU4: Volume_Significance | AV4: Relationship_Notes | AX4: Annual_Spend | AY4: Business_Continuity | AZ4: Part_Price | BA4: Price_Sensitivity | BB4: Financial_Notes | BD4: Country | BE4: Region | BF4: Geographical_Risk | BG4: Geopolitical_Risk | BH4: Disruption_Risk | BI4: Cold_Chain Capable | BJ4: TTR_weeks | BK4: TTS_weeks | BL4: Data_access_level | BN4: Scoring after approved by Arsh
A5: 666438 | C5: LIQ,SB AQUEOUS MIXTURE | D5: SNP, inc | E5: 52 | G5: Non-Tissue: Significant
C6: LIQ,SB AQUEOUS MIXTURE | D6: Brentagg | H6: New
A7: 666800-01 | C7: PLATE,THERMOFORMED,KYDEX,UNIVERSAL | D7: Advanced Plastiform | E7: 45 | G7: Non-Tissue: Significant | L7: 8000 | P7: 8 weeks
C8: PLATE,THERMOFORMED,KYDEX,UNIVERSAL | D8: Midland Plastics | H8: New
D9: Fictiv
D10: Procision
C11: Touchstone 3d (very small) | E11: 6
C12: Xometry
O14: =IFERROR(IF(#REF!>0,((#REF!-$L14)+$L14)/$L14,""),"")
O15: =IFERROR(IF(#REF!>0,((#REF!-$L15)+$L15)/$L15,""),"")
O16: =IFERROR(IF(#REF!>0,((#REF!-$L16)+$L16)/$L16,""),"")
O17: =IFERROR(IF(#REF!>0,((#REF!-$L17)+$L17)/$L17,""),"")
O18: =IFERROR(IF(#REF!>0,((#REF!-$L18)+$L18)/$L18,""),"")
O19: =IFERROR(IF(#REF!>0,((#REF!-$L19)+$L19)/$L19,""),"")
O20: =IFERROR(IF(#REF!>0,((#REF!-$L20)+$L20)/$L20,""),"")
O21: =IFERROR(IF(#REF!>0,((#REF!-$L21)+$L21)/$L21,""),"")
O22: =IFERROR(IF(#REF!>0,((#REF!-$L22)+$L22)/$L22,""),"")
O23: =IFERROR(IF(#REF!>0,((#REF!-$L23)+$L23)/$L23,""),"")
O24: =IFERROR(IF(#REF!>0,((#REF!-$L24)+$L24)/$L24,""),"")
O25: =IFERROR(IF(#REF!>0,((#REF!-$L25)+$L25)/$L25,""),"")
... O52: =IFERROR(IF(#REF!>0,((#REF!-$L52)+$L52)/$L52,""),"")
N53: =IFERROR(IF(#REF!>0,((#REF!-#REF!)+#REF!)/#REF!,""),"")

Sheet Tissue_Model
A1: Q4'26 BP | K1: *Prone to changing over the year due to seasonality | N1: Bad part Time: | O1: 7
A2: Part / Supplier Information | L2: Size%*Gender% | O2: Yielded | AI2: Quality | AX2: Relationship | BI2: Financial | BO2: Other:
K3: Seasonality* | L3: Seasonality* | O3: Gross | X3: Quality Yield | AI3: Regulations | BO3: Geopolitical | BS3: Distuption Risk | BW3: Cybersecurity
A4: Original_Part_Number | B4: Supplier_part_# | C4: Part_Description | D4: Supplier_Name | E4: Supplier_ATM# | F4: Intuitive# | G4: Material_Category | H4: Supplier_Status | I4: Tier | J4: Weekly Harvest Net | K4: Kill Throughput | L4: SH Spec / Process Yield | M4: SH Gross Thru | N4: INT Harvesting yield | O4: Pigs Consumed | P4: Pigs Cap | Q4: Planned Labor | R4: Labor Cap | S4: Labor Utilization | T4: Freezer Cube | U4: Freezer Cap | V4: Trips | W4: Freezer Cap | X4: FreezeThaw Yield | Y4: Ops Ready Thru | Z4: HeadRoom Pigs | AA4: HeadRoom Labor | AB4: Headroom Freezer | AC4: Headroom | AI4: Specimen Permit valid? | AJ4: Specimen Permit Expiration | AK4: APHIS_Compliant | AL4: FSIS_Inspection_Level | AM4: ISO_9001 | AN4: ISO 9001 expiration | AO4: NDA | AP4: Rent_Agreement | AQ4: SQA_Agreement | AR4: Last_Audit_Date | AS4: Surveillance_Status | AT4: Audit_Report_668522 (506) | AU4: Open_CAPAs | AV4: Quality_Notes | AX4: Relationship_Strength | AY4: Responsiveness | AZ4: Source_Dependency | BA4: Backup_Qualified | BB4: Business_Years | BC4: Cost of Change | BD4: Volume_Significance | BE4: Relationship_Notes | BI4: Annual_Spend | BJ4: Business_Continuity | BK4: Part_Price | BL4: Price_Sensitivity | BM4: Financial_Notes | BO4: Country | BP4: Region | BQ4: Geographical_Risk | BR4: Geopolitical_Risk | BS4: Disruption_Risk | BT4: Cold_Chain Capable | BU4: TTR_weeks | BV4: TTS_weeks | BW4: Data_access_level
A5: =Martins!Y20 -> 666501 | B5: =IF(A5="", "", A5 & "/" & E5) -> 666501/28 | C5: =VLOOKUP(A5,YLC,2,FALSE) -> TISS,PORCINE,AORTA SEGMENTS | D5: Martins Pork Products | E5: 28 | G5: Tissue (APHIS) | H5: Approved | I5: =VLOOKUP(A5,YLC,5,FALSE) -> 3 | J5: =VLOOKUP(A5,Martins!$C$20:$O$44,9,FALSE) -> 217 | K5: =Martins!$D$6 -> 2500 | L5: =VLOOKUP(A5,Martins!$C$20:$AC$44,14,FALSE) -> 0.99 | M5: =K5*L5 -> 2475 | N5: =VLOOKUP(A5,Martins!$C$20:$AC$40,15,FALSE) -> 0.95 | O5: =ROUND($J5*VLOOKUP(A5,Martins!$C$20:$O$40,10,0)/N5,0) -> 228 | P5: =O5/M5 -> 0.092121212 | Q5: =$J5*VLOOKUP($A5,'Yields-Labor-Cube'!$A$24:$O$46,3,FALSE)/(60)+(O5-J5*VLOOKUP(A5,'Yields-Labor-Cube'!$A$22:$O$46,14,FALSE))*$O$1/360 -> 3.8305556 | R5: =Martins!$L$58*5 -> 36 | S5: =Q5/R5 -> 0.10640432 | T5: =$J5*VLOOKUP($A5,'Yields-Labor-Cube'!$A$22:$O$46,4,FALSE) -> 10.85 | U5: =Martins!$O$48 -> 240 | V5: 2 | W5: =T5/(U5*V5) -> 0.022604167 | X5: =VLOOKUP($A5,'Yields-Labor-Cube'!$A$22:$O$46,15,FALSE) -> 0.95 | Y5: =ROUND(X5*J5,0) -> 206 | Z5: =1/P5 -> 10.855263 | AA5: =1/S5 -> 9.3981146 | AB5: =1/W5 -> 44.239631 | AC5: =MIN(Z5:AB5) -> 9.3981146 | AI5: Yes | AK5: Yes | AL5: FDA FSIS Inspected | AM5: No | AO5: Yes | AP5: No | AQ5: No | AS5: Waived | AX5: 4 | AY5: 5 | AZ5: Multi | BA5: Yes | BB5: 3.5 | BD5: N/A | BI5: 200000 | BJ5: Yes | BL5: N/A | BO5: USA | BW5: None
A6: =Martins!Y21 -> 666541 | B6: =IF(A6="", "", A6 & "/" & E6) -> 666541/28 | C6: =VLOOKUP(A6,YLC,2,FALSE) -> FEMALE PELVIC BLOCK | D6: Martins Pork Products | E6: 28 | G6: Tissue (APHIS) | H6: Approved | I6: =VLOOKUP(A6,YLC,5,FALSE) -> 2 | J6: =VLOOKUP(A6,Martins!$C$20:$O$44,9,FALSE) -> 164 | K6: =Martins!$D$6 -> 2500 | L6: =VLOOKUP(A6,Martins!$C$20:$AC$44,14,FALSE) -> 0.45 | M6: =K6*L6 -> 1125 | N6: =VLOOKUP(A6,Martins!$C$20:$AC$40,15,FALSE) -> 0.25 | O6: =ROUND($J6*VLOOKUP(A6,Martins!$C$20:$O$40,10,0)/N6,0) -> 656 | P6: =SUM(O6)/M6 -> 0.58311111 | Q6: =$J6*VLOOKUP($A6,'Yields-Labor-Cube'!$A$24:$O$46,3,FALSE)/(60)+(O6-J6*VLOOKUP(A6,'Yields-Labor-Cube'!$A$22:$O$46,14,FALSE))*$O$1/360 -> 17.766667 | R6: =Martins!$L$58*5 -> 36 | S6: =SUM(Q5:Q6)/R6 -> 0.59992284 | T6: =$J6*VLOOKUP($A6,'Yields-Labor-Cube'!$A$22:$O$46,4,FALSE) -> 164 | U6: =Martins!$O$48 -> 240 | V6: 2 | W6: =SUM(T5:T6)/(U6*V6) -> 0.36427083 | X6: =VLOOKUP($A6,'Yields-Labor-Cube'!$A$22:$O$46,15,FALSE) -> 0.85 | Y6: =ROUND(X6*J6,0) -> 139 | Z6: =1/P6 -> 1.714939 | AA6: =1/S6 -> 1.666881 | AB6: =1/W6 -> 2.7452102 | AC6: =MIN(Z6:AB6) -> 1.666881 | AI6: Yes | AK6: Yes | AL6: FDA FSIS Inspected | AM6: No | AO6: Yes | AP6: Yes | AQ6: No | AS6: Waived | AX6: 2 | AY6: 2 | AZ6: Multi | BA6: Yes | BB6: 3.7 | BD6: N/A | BI6: 265000 | BJ6: Yes | BL6: N/A | BO6: USA | BS6: Due to Geopolitical or Geographic | BU6: Total weeks to recovery | BV6: Total weeks of safety stock | BW6: None
A7: =Martins!Y22 -> 666502 | B7: =IF(A7="", "", A7 & "/" & E7) -> 666502/28 | C7: =VLOOKUP(A7,YLC,2,FALSE) -> TISS,PORCINE,BARIATRIC BLOCK | D7: Martins Pork Products | E7: 28 | G7: Tissue (APHIS) | H7: Approved | I7: =VLOOKUP(A7,YLC,5,FALSE) -> 3 | J7: =VLOOKUP(A7,Martins!$C$20:$O$44,9,FALSE) -> 125 | K7: =Martins!$D$6 -> 2500 | L7: =VLOOKUP(A7,Martins!$C$20:$AC$44,14,FALSE) -> 0.8 | M7: =K7*L7 -> 2000 | N7: =VLOOKUP(A7,Martins!$C$20:$AC$40,15,FALSE) -> 0.95 | O7: =ROUND($J7*VLOOKUP(A7,Martins!$C$20:$O$40,10,0)/N7,0) -> 132 | P7: =SUM(O5,O7)/M7 -> 0.18 | Q7: =$J7*VLOOKUP($A7,'Yields-Labor-Cube'!$A$24:$O$46,3,FALSE)/(60)+(O7-J7*VLOOKUP(A7,'Yields-Labor-Cube'!$A$22:$O$46,14,FALSE))*$O$1/360 -> 7.4277778 | R7: =Martins!$L$58*5 -> 36 | S7: =SUM(Q5:Q8)/R8 -> 0.8304784 | T7: =$J7*VLOOKUP($A7,'Yields-Labor-Cube'!$A$22:$O$46,4,FALSE) -> 187.5 | U7: =Martins!$O$48 -> 240 | V7: 2 | W7: =SUM(T5:T7)/(U7*V7) -> 0.75489583 | X7: =VLOOKUP($A7,'Yields-Labor-Cube'!$A$22:$O$46,15,FALSE) -> 0.9 | Y7: =ROUND(X7*J7,0) -> 113 | Z7: =1/P7 -> 5.5555556 | AA7: =1/S7 -> 1.2041252 | AB7: =1/W7 -> 1.3246861 | AC7: =MIN(Z7:AB7) -> 1.2041252 | AI7: Yes | AK7: Yes | AL7: FDA FSIS Inspected | AM7: No | AO7: Yes | AP7: Yes | AQ7: No | AS7: Waived | AX7: 3 | AY7: 5 | AZ7: Dual | BA7: Yes | BB7: 3 | BD7: N/A | BI7: 120000 | BJ7: Yes | BL7: N/A | BO7: USA | BW7: None
A8: =Martins!Y23 -> 666522 | B8: =IF(A8="", "", A8 & "/" & E8) -> 666522/28 | C8: =VLOOKUP(A8,YLC,2,FALSE) -> TISS,PORCINE,URETER | D8: Martins Pork Products | E8: 28 | G8: Tissue (APHIS) | H8: Approved | I8: =VLOOKUP(A8,YLC,5,FALSE) -> 2 | J8: =VLOOKUP(A8,Martins!$C$20:$O$44,9,FALSE) -> 86 | K8: =Martins!$D$6 -> 2500 | L8: =VLOOKUP(A8,Martins!$C$20:$AC$44,14,FALSE) -> 0.99 | M8: =K8*L8 -> 2475 | N8: =VLOOKUP(A8,Martins!$C$20:$AC$40,15,FALSE) -> 0.85 | O8: =ROUND($J8*VLOOKUP(A8,Martins!$C$20:$O$40,10,0)/N8,0) -> 51 | P8: =SUM(O8,O6)/M8 -> 0.28565657 | Q8: =$J8*VLOOKUP($A8,'Yields-Labor-Cube'!$A$24:$O$46,3,FALSE)/(60)+(O8-J8*VLOOKUP(A8,'Yields-Labor-Cube'!$A$22:$O$46,14,FALSE))*$O$1/360 -> 0.87222222 | R8: =Martins!$L$58*5 -> 36 | S8: =SUM(Q5:Q8)/R8 -> 0.8304784 | T8: =$J8*VLOOKUP($A8,'Yields-Labor-Cube'!$A$22:$O$46,4,FALSE) -> 8.6 | U8: =Martins!$O$48 -> 240 | V8: 2 | W8: =SUM(T5:T8)/(U8*V8) -> 0.7728125 | X8: =VLOOKUP($A8,'Yields-Labor-Cube'!$A$22:$O$46,15,FALSE) -> 0.8 | Y8: =ROUND(X8*J8,0) -> 69 | Z8: =1/P8 -> 3.5007072 | AA8: =1/S8 -> 1.2041252 | AB8: =1/W8 -> 1.2939749 | AC8: =MIN(Z8:AB8) -> 1.2041252 | AI8: Yes | AK8: Yes | AL8: FDA FSIS Inspected | AM8: No | AO8: Yes | AP8: Yes | AQ8: No | AS8: Waived | AX8: 2 | AY8: 2 | AZ8: Dual | BA8: Yes | BB8: 3.7 | BD8: N/A | BI8: 265000 | BJ8: Yes | BL8: N/A | BO8: USA | BW8: None
A9: =Martins!Y24 -> 666506 | B9: =IF(A9="", "", A9 & "/" & E9) -> 666506/28 | C9: =VLOOKUP(A9,YLC,2,FALSE) -> TISS,PORCINE,PELVIC BLOCK | D9: Martins Pork Products | E9: 28 | G9: Tissue (APHIS) | H9: Approved | I9: =VLOOKUP(A9,YLC,5,FALSE) -> 2 | J9: =VLOOKUP(A9,Martins!$C$20:$O$44,9,FALSE) -> 52 | K9: =Martins!$D$6 -> 2500 | L9: =VLOOKUP(A9,Martins!$C$20:$AC$44,14,FALSE) -> 0.45 | M9: =K9*L9 -> 1125 | N9: =VLOOKUP(A9,Martins!$C$20:$AC$40,15,FALSE) -> 0.25 | O9: =ROUND($J9*VLOOKUP(A9,Martins!$C$20:$O$40,10,0)/N9,0) -> 208 | P9: =SUM(O8,O9,O6)/M9 -> 0.81333333 | Q9: =$J9*VLOOKUP($A9,'Yields-Labor-Cube'!$A$24:$O$46,3,FALSE)/(60)+(O9-J9*VLOOKUP(A9,'Yields-Labor-Cube'!$A$22:$O$46,14,FALSE))*$O$1/360 -> 5.6333333 | R9: =Martins!$L$58*5 -> 36 | S9: =SUM(Q5:Q9)/R9 -> 0.98695988 | T9: =$J9*VLOOKUP($A9,'Yields-Labor-Cube'!$A$22:$O$46,4,FALSE) -> 52 | U9: =Martins!$O$48 -> 240 | V9: 2 | W9: =SUM(T5:T9)/(U9*V9) -> 0.88114583 | X9: =VLOOKUP($A9,'Yields-Labor-Cube'!$A$22:$O$46,15,FALSE) -> 0.85 | Y9: =ROUND(X9*J9,0) -> 44 | Z9: =1/P9 -> 1.2295082 | AA9: =1/S9 -> 1.0132124 | AB9: =1/W9 -> 1.1348859 | AC9: =MIN(Z9:AB9) -> 1.0132124 | AI9: N/A | AK9: N/A | AL9: N/A | AM9: Yes | AO9: Yes | AP9: N/A | AQ9: Yes | AS9: Waived | AX9: 4 | AY9: 4 | AZ9: Single | BA9: No | BD9: Intuitive Demand/ Total Demand | BJ9: Yes | BK9: 23 | BL9: <50% | BO9: USA | BW9: Drawings
O13: Total: | P13: =MAX(P5:P10) -> 0.81333333 | S13: =MAX(S5:S10) -> 0.98695988 | W13: =MAX(W5:W10) -> 0.88114583
AY19: Lead time to find another supplier
A20: =Nahunta!Y20 -> 666522 | B20: =IF(A20="", "", A20 & "/" & E20) -> 666522/29 | C20: =VLOOKUP(A20,'Yields-Labor-Cube'!$A$24:$D$44,2,FALSE) -> TISS,PORCINE,URETER | D20: Nahunta | E20: 29 | G20: Tissue (APHIS) | H20: Approved | I20: =VLOOKUP(A20,'Yields-Labor-Cube'!$A$24:$E$46,5,FALSE) -> 2 | J20: =VLOOKUP(A20,Nahunta!$C$20:$O$44,9,FALSE) -> 57 | K20: 200 | L20: =VLOOKUP(A20,Nahunta!$C$20:$AC$44,14,FALSE) -> 0.99 | M20: =K20*L20 -> 198 | N20: =VLOOKUP(A20,Nahunta!$C$20:$AC$44,15,FALSE) -> 0.85 | O20: =ROUND($J20*VLOOKUP(A20,Nahunta!$C$20:$O$44,10,0)/N20,0) -> 34 | P20: =O20/M20 -> 0.17171717 | Q20: =$J20*VLOOKUP($A20,'Yields-Labor-Cube'!$A$24:$O$46,3,FALSE)/(60)+(O20-J20*VLOOKUP(A20,'Yields-Labor-Cube'!$A$22:$O$46,14,FALSE))*$O$1/360 -> 0.58194444 | R20: =Nahunta!$L$58*4 -> 21 | S20: =Q20/R20 -> 0.02771164 | T20: =$J20*VLOOKUP($A20,YLC,4,FALSE) -> 5.7 | U20: =Nahunta!$O$48 -> 240 | V20: 1 | W20: =T20/(U20*V20) -> 0.02375 | X20: =VLOOKUP($A20,'Yields-Labor-Cube'!$A$22:$O$46,15,FALSE) -> 0.8 | Y20: =ROUND(X20*J20,0) -> 46 | Z20: =1/P20 -> 5.8235294 | AA20: =1/S20 -> 36.085919 | AB20: =1/W20 -> 42.105263 | AC20: =MIN(Z20:AB20) -> 5.8235294 | AY20: Inventory insurance for change of supplier
A21: =Nahunta!Y21 -> 666509 | B21: =IF(A21="", "", A21 & "/" & E21) -> 666509/29 | C21: =VLOOKUP(A21,'Yields-Labor-Cube'!$A$24:$D$44,2,FALSE) -> TISS,PORCINE,JEJUNUM,6FT | D21: Nahunta | E21: 29 | G21: Tissue (APHIS) | H21: Approved | I21: =VLOOKUP(A21,'Yields-Labor-Cube'!$A$24:$E$46,5,FALSE) -> 1 | J21: =VLOOKUP(A21,Nahunta!$C$20:$O$44,9,FALSE) -> 32 | K21: 200 | L21: =VLOOKUP(A21,Nahunta!$C$20:$AC$44,14,FALSE) -> 0.95 | M21: =K21*L21 -> 190 | N21: =VLOOKUP(A21,Nahunta!$C$20:$AC$44,15,FALSE) -> 0.95 | O21: =ROUND($J21*VLOOKUP(A21,Nahunta!$C$20:$O$44,10,0)/N21,0) -> 17 | P21: =SUM(O21)/M21 -> 0.089473684 | Q21: =$J21*VLOOKUP($A21,'Yields-Labor-Cube'!$A$24:$O$46,3,FALSE)/(60)+(O21-J21*VLOOKUP(A21,'Yields-Labor-Cube'!$A$22:$O$46,14,FALSE))*$O$1/360 -> 2.1527778 | R21: =Nahunta!$L$58*4 -> 21 | S21: =SUM(Q20:Q21)/R21 -> 0.13022487 | T21: =$J21*VLOOKUP($A21,YLC,4,FALSE) -> 16 | U21: =Nahunta!$O$48 -> 240 | V21: 1 | W21: =SUM(T20:T21)/(U21*V21) -> 0.090416667 | X21: =VLOOKUP($A21,'Yields-Labor-Cube'!$A$22:$O$46,15,FALSE) -> 0.85 | Y21: =ROUND(X21*J21,0) -> 27 | Z21: =1/P21 -> 11.176471 | AA21: =1/S21 -> 7.6790249 | AB21: =1/W21 -> 11.059908 | AC21: =MIN(Z21:AB21) -> 7.6790249
A22: =Nahunta!Y22 -> 666501 | B22: =IF(A22="", "", A22 & "/" & E22) -> 666501/29 | C22: =VLOOKUP(A22,'Yields-Labor-Cube'!$A$24:$D$44,2,FALSE) -> TISS,PORCINE,AORTA SEGMENTS | D22: Nahunta | E22: 29 | G22: Tissue (APHIS) | H22: Approved | I22: =VLOOKUP(A22,'Yields-Labor-Cube'!$A$24:$E$46,5,FALSE) -> 3 | J22: =VLOOKUP(A22,Nahunta!$C$20:$O$44,9,FALSE) -> 23 | K22: 200 | L22: =VLOOKUP(A22,Nahunta!$C$20:$AC$44,14,FALSE) -> 0.99 | M22: =K22*L22 -> 198 | N22: =VLOOKUP(A22,Nahunta!$C$20:$AC$44,15,FALSE) -> 0.95 | O22: =ROUND($J22*VLOOKUP(A22,Nahunta!$C$20:$O$44,10,0)/N22,0) -> 24 | P22: =SUM(O22)/M22 -> 0.12121212 | Q22: =$J22*VLOOKUP($A22,'Yields-Labor-Cube'!$A$24:$O$46,3,FALSE)/(60)+(O22-J22*VLOOKUP(A22,'Yields-Labor-Cube'!$A$22:$O$46,14,FALSE))*$O$1/360 -> 0.40277778 | R22: =Nahunta!$L$58*4 -> 21 | S22: =SUM(Q20:Q22)/R22 -> 0.14940476 | T22: =$J22*VLOOKUP($A22,YLC,4,FALSE) -> 1.15 | U22: =Nahunta!$O$48 -> 240 | V22: 1 | W22: =SUM(T20:T22)/(U22*V22) -> 0.095208333 | X22: =VLOOKUP($A22,'Yields-Labor-Cube'!$A$22:$O$46,15,FALSE) -> 0.95 | Y22: =ROUND(X22*J22,0) -> 22 | Z22: =1/P22 -> 8.25 | AA22: =1/S22 -> 6.6932271 | AB22: =1/W22 -> 10.503282 | AC22: =MIN(Z22:AB22) -> 6.6932271
A23: =Nahunta!Y23 -> 666521 | B23: =IF(A23="", "", A23 & "/" & E23) -> 666521/29 | C23: =VLOOKUP(A23,'Yields-Labor-Cube'!$A$24:$D$44,2,FALSE) -> TISS,PORCINE,THORACIC BLOCK | D23: Nahunta | E23: 29 | G23: Tissue (APHIS) | H23: Approved | I23: =VLOOKUP(A23,'Yields-Labor-Cube'!$A$24:$E$46,5,FALSE) -> 3 | J23: =VLOOKUP(A23,Nahunta!$C$20:$O$44,9,FALSE) -> 21 | K23: 200 | L23: =VLOOKUP(A23,Nahunta!$C$20:$AC$44,14,FALSE) -> 0.6 | M23: =K23*L23 -> 120 | N23: =VLOOKUP(A23,Nahunta!$C$20:$AC$44,15,FALSE) -> 0.9 | O23: =ROUND($J23*VLOOKUP(A23,Nahunta!$C$20:$O$44,10,0)/N23,0) -> 23 | P23: =SUM(O22:O23)/M23 -> 0.39166667 | Q23: =$J23*VLOOKUP($A23,'Yields-Labor-Cube'!$A$24:$O$46,3,FALSE)/(60)+(O23-J23*VLOOKUP(A23,'Yields-Labor-Cube'!$A$22:$O$46,14,FALSE))*$O$1/360 -> 1.6138889 | R23: =Nahunta!$L$58*4 -> 21 | S23: =SUM(Q20:Q23)/R23 -> 0.22625661 | T23: =$J23*VLOOKUP($A23,YLC,4,FALSE) -> 37.8 | U23: =Nahunta!$O$48 -> 240 | V23: 1 | W23: =SUM(T20:T23)/(U23*V23) -> 0.25270833 | X23: =VLOOKUP($A23,'Yields-Labor-Cube'!$A$22:$O$46,15,FALSE) -> 0.9 | Y23: =ROUND(X23*J23,0) -> 19 | Z23: =1/P23 -> 2.5531915 | AA23: =1/S23 -> 4.4197603 | AB23: =1/W23 -> 3.9571311 | AC23: =MIN(Z23:AB23) -> 2.5531915
A24: =Nahunta!Y24 -> 666517 | B24: =IF(A24="", "", A24 & "/" & E24) -> 666517/29 | C24: =VLOOKUP(A24,'Yields-Labor-Cube'!$A$24:$D$44,2,FALSE) -> TISS,PORCINE,PANCREAS | D24: Nahunta | E24: 29 | G24: Tissue (APHIS) | H24: Approved | I24: =VLOOKUP(A24,'Yields-Labor-Cube'!$A$24:$E$46,5,FALSE) -> 3 | J24: =VLOOKUP(A24,Nahunta!$C$20:$O$44,9,FALSE) -> 17 | K24: 200 | L24: =VLOOKUP(A24,Nahunta!$C$20:$AC$44,14,FALSE) -> 0.9 | M24: =K24*L24 -> 180 | N24: =VLOOKUP(A24,Nahunta!$C$20:$AC$44,15,FALSE) -> 0.95 | O24: =ROUND($J24*VLOOKUP(A24,Nahunta!$C$20:$O$44,10,0)/N24,0) -> 18 | P24: =SUM(O22:O24)/M24 -> 0.36111111 | Q24: =$J24*VLOOKUP($A24,'Yields-Labor-Cube'!$A$24:$O$46,3,FALSE)/(60)+(O24-J24*VLOOKUP(A24,'Yields-Labor-Cube'!$A$22:$O$46,14,FALSE))*$O$1/360 -> 0.30277778 | R24: =Nahunta!$L$58*4 -> 21 | S24: =SUM(Q20:Q24)/R24 -> 0.2406746 | T24: =$J24*VLOOKUP($A24,YLC,4,FALSE) -> 3.4 | U24: =Nahunta!$O$48 -> 240 | V24: 1 | W24: =SUM(T20:T24)/(U24*V24) -> 0.266875 | X24: =VLOOKUP($A24,'Yields-Labor-Cube'!$A$22:$O$46,15,FALSE) -> 0.8 | Y24: =ROUND(X24*J24,0) -> 14 | Z24: =1/P24 -> 2.7692308 | AA24: =1/S24 -> 4.1549876 | AB24: =1/W24 -> 3.7470726 | AC24: =MIN(Z24:AB24) -> 2.7692308
A25: =Nahunta!Y25 -> 666516 | B25: =IF(A25="", "", A25 & "/" & E25) -> 666516/29 | C25: =VLOOKUP(A25,'Yields-Labor-Cube'!$A$24:$D$44,2,FALSE) -> TISS,PORCINE,OMENTUM | D25: Nahunta | E25: 29 | G25: Tissue (APHIS) | H25: Approved | I25: =VLOOKUP(A25,'Yields-Labor-Cube'!$A$24:$E$46,5,FALSE) -> 3 | J25: =VLOOKUP(A25,Nahunta!$C$20:$O$44,9,FALSE) -> 13 | K25: 200 | L25: =VLOOKUP(A25,Nahunta!$C$20:$AC$44,14,FALSE) -> 0.9 | M25: =K25*L25 -> 180 | N25: =VLOOKUP(A25,Nahunta!$C$20:$AC$44,15,FALSE) -> 0.95 | O25: =ROUND($J25*VLOOKUP(A25,Nahunta!$C$20:$O$44,10,0)/N25,0) -> 14 | P25: =SUM(O22:O25)/M25 -> 0.43888889 | Q25: =$J25*VLOOKUP($A25,'Yields-Labor-Cube'!$A$24:$O$46,3,FALSE)/(60)+(O25-J25*VLOOKUP(A25,'Yields-Labor-Cube'!$A$22:$O$46,14,FALSE))*$O$1/360 -> 0.23611111 | R25: =Nahunta!$L$58*4 -> 21 | S25: =SUM(Q20:Q25)/R25 -> 0.25191799 | T25: =$J25*VLOOKUP($A25,YLC,4,FALSE) -> 1.3 | U25: =Nahunta!$O$48 -> 240 | V25: 1 | W25: =SUM(T20:T25)/(U25*V25) -> 0.27229167 | X25: =VLOOKUP($A25,'Yields-Labor-Cube'!$A$22:$O$46,15,FALSE) -> 0.8 | Y25: =ROUND(X25*J25,0) -> 10 | Z25: =1/P25 -> 2.278481 | AA25: =1/S25 -> 3.9695458 | AB25: =1/W25 -> 3.6725325 | AC25: =MIN(Z25:AB25) -> 2.278481
A26: =Nahunta!Y26 -> 666519 | B26: =IF(A26="", "", A26 & "/" & E26) -> 666519/29 | C26: =VLOOKUP(A26,'Yields-Labor-Cube'!$A$24:$D$44,2,FALSE) -> TISS,PORCINE,SPLEEN | D26: Nahunta | E26: 29 | G26: Tissue (APHIS) | H26: Approved | I26: =VLOOKUP(A26,'Yields-Labor-Cube'!$A$24:$E$46,5,FALSE) -> 2 | J26: =VLOOKUP(A26,Nahunta!$C$20:$O$44,9,FALSE) -> 13 | K26: 200 | L26: =VLOOKUP(A26,Nahunta!$C$20:$AC$44,14,FALSE) -> 0.99 | M26: =K26*L26 -> 198 | N26: =VLOOKUP(A26,Nahunta!$C$20:$AC$44,15,FALSE) -> 0.95 | O26: =ROUND($J26*VLOOKUP(A26,Nahunta!$C$20:$O$44,10,0)/N26,0) -> 14 | P26: =SUM(O20,O26)/M26 -> 0.24242424 | Q26: =$J26*VLOOKUP($A26,'Yields-Labor-Cube'!$A$24:$O$46,3,FALSE)/(60)+(O26-J26*VLOOKUP(A26,'Yields-Labor-Cube'!$A$22:$O$46,14,FALSE))*$O$1/360 -> 0.23611111 | R26: =Nahunta!$L$58*4 -> 21 | S26: =SUM(Q20:Q26)/R26 -> 0.26316138 | T26: =$J26*VLOOKUP($A26,YLC,4,FALSE) -> 6.5 | U26: =Nahunta!$O$48 -> 240 | V26: 1 | W26: =SUM(T20:T26)/(U26*V26) -> 0.299375 | X26: =VLOOKUP($A26,'Yields-Labor-Cube'!$A$22:$O$46,15,FALSE) -> 0.95 | Y26: =ROUND(X26*J26,0) -> 12 | Z26: =1/P26 -> 4.125 | AA26: =1/S26 -> 3.7999497 | AB26: =1/W26 -> 3.3402923 | AC26: =MIN(Z26:AB26) -> 3.3402923
A27: =Nahunta!Y27 -> 666505 | B27: =IF(A27="", "", A27 & "/" & E27) -> 666505/29 | C27: =VLOOKUP(A27,'Yields-Labor-Cube'!$A$24:$D$44,2,FALSE) -> TISS,PORCINE,LIVER | D27: Nahunta | E27: 29 | G27: Tissue (APHIS) | H27: Approved | I27: =VLOOKUP(A27,'Yields-Labor-Cube'!$A$24:$E$46,5,FALSE) -> 1 | J27: =VLOOKUP(A27,Nahunta!$C$20:$O$44,9,FALSE) -> 8 | K27: 200 | L27: =VLOOKUP(A27,Nahunta!$C$20:$AC$44,14,FALSE) -> 0.9 | M27: =K27*L27 -> 180 | N27: =VLOOKUP(A27,Nahunta!$C$20:$AC$44,15,FALSE) -> 0.95 | O27: =ROUND($J27*VLOOKUP(A27,Nahunta!$C$20:$O$44,10,0)/N27,0) -> 4 | P27: =SUM(O27,O21)/M27 -> 0.11666667 | Q27: =$J27*VLOOKUP($A27,'Yields-Labor-Cube'!$A$24:$O$46,3,FALSE)/(60)+(O27-J27*VLOOKUP(A27,'Yields-Labor-Cube'!$A$22:$O$46,14,FALSE))*$O$1/360 -> 0.13333333 | R27: =Nahunta!$L$58*4 -> 21 | S27: =SUM(Q20:Q27)/R27 -> 0.26951058 | T27: =$J27*VLOOKUP($A27,YLC,4,FALSE) -> 1.6 | U27: =Nahunta!$O$48 -> 240 | V27: 1 | W27: =SUM(T20:T27)/(U27*V27) -> 0.30604167 | X27: =VLOOKUP($A27,'Yields-Labor-Cube'!$A$22:$O$46,15,FALSE) -> 0.95 | Y27: =ROUND(X27*J27,0) -> 8 | Z27: =1/P27 -> 8.5714286 | AA27: =1/S27 -> 3.7104294 | AB27: =1/W27 -> 3.2675289 | AC27: =MIN(Z27:AB27) -> 3.2675289
A28: =Nahunta!Y28 -> 666507 | B28: =IF(A28="", "", A28 & "/" & E28) -> 666507/29 | C28: =VLOOKUP(A28,'Yields-Labor-Cube'!$A$24:$D$44,2,FALSE) -> TISS,PORCINE,FULL THOR AND BARI BLOCK | D28: Nahunta | E28: 29 | G28: Tissue (APHIS) | H28: Approved | I28: =VLOOKUP(A28,'Yields-Labor-Cube'!$A$24:$E$46,5,FALSE) -> 3 | J28: =VLOOKUP(A28,Nahunta!$C$20:$O$44,9,FALSE) -> 8 | K28: 200 | L28: =VLOOKUP(A28,Nahunta!$C$20:$AC$44,14,FALSE) -> 0.6 | M28: =K28*L28 -> 120 | N28: =VLOOKUP(A28,Nahunta!$C$20:$AC$44,15,FALSE) -> 0.95 | O28: =ROUND($J28*VLOOKUP(A28,Nahunta!$C$20:$O$44,10,0)/N28,0) -> 8 | P28: =SUM(O22:O25,O28)/M28 -> 0.725 | Q28: =$J28*VLOOKUP($A28,'Yields-Labor-Cube'!$A$24:$O$46,3,FALSE)/(60)+(O28-J28*VLOOKUP(A28,'Yields-Labor-Cube'!$A$22:$O$46,14,FALSE))*$O$1/360 -> 0.66666667 | R28: =Nahunta!$L$58*4 -> 21 | S28: =SUM(Q20:Q28)/R28 -> 0.30125661 | T28: =$J28*VLOOKUP($A28,YLC,4,FALSE) -> 14.4 | U28: =Nahunta!$O$48 -> 240 | V28: 1 | W28: =SUM(T20:T28)/(U28*V28) -> 0.36604167 | X28: =VLOOKUP($A28,'Yields-Labor-Cube'!$A$22:$O$46,15,FALSE) -> 0.9 | Y28: =ROUND(X28*J28,0) -> 7 | Z28: =1/P28 -> 1.3793103 | AA28: =1/S28 -> 3.3194292 | AB28: =1/W28 -> 2.7319294 | AC28: =MIN(Z28:AB28) -> 1.3793103
A29: =Nahunta!Y29 -> 666510 | B29: =IF(A29="", "", A29 & "/" & E29) -> 666510/29 | C29: =VLOOKUP(A29,'Yields-Labor-Cube'!$A$24:$D$44,2,FALSE) -> TISS,PORCINE,JEJUNUM (3FT) | D29: Nahunta | E29: 29 | G29: Tissue (APHIS) | H29: Approved | I29: =VLOOKUP(A29,'Yields-Labor-Cube'!$A$24:$E$46,5,FALSE) -> 1 | J29: =VLOOKUP(A29,Nahunta!$C$20:$O$44,9,FALSE) -> 7 | K29: 200 | L29: =VLOOKUP(A29,Nahunta!$C$20:$AC$44,14,FALSE) -> 0.95 | M29: =K29*L29 -> 190 | N29: =VLOOKUP(A29,Nahunta!$C$20:$AC$44,15,FALSE) -> 0.95 | O29: =ROUND($J29*VLOOKUP(A29,Nahunta!$C$20:$O$44,10,0)/N29,0) -> 4 | P29: =SUM(O28:O29,O21)/M29 -> 0.15263158 | Q29: =$J29*VLOOKUP($A29,'Yields-Labor-Cube'!$A$24:$O$46,3,FALSE)/(60)+(O29-J29*VLOOKUP(A29,'Yields-Labor-Cube'!$A$22:$O$46,14,FALSE))*$O$1/360 -> 0.49952778 | R29: =Nahunta!$L$58*4 -> 21 | S29: =SUM(Q20:Q29)/R29 -> 0.32504365 | T29: =$J29*VLOOKUP($A29,YLC,4,FALSE) -> 2.1 | U29: =Nahunta!$O$48 -> 240 | V29: 1 | W29: =SUM(T20:T29)/(U29*V29) -> 0.37479167 | X29: =VLOOKUP($A29,'Yields-Labor-Cube'!$A$22:$O$46,15,FALSE) -> 0.85 | Y29: =ROUND(X29*J29,0) -> 6 | Z29: =1/P29 -> 6.5517241 | AA29: =1/S29 -> 3.0765099 | AB29: =1/W29 -> 2.668149 | AC29: =MIN(Z29:AB29) -> 2.668149
A30: =Nahunta!Y30 -> 666513 | B30: =IF(A30="", "", A30 & "/" & E30) -> 666513/29 | C30: =VLOOKUP(A30,'Yields-Labor-Cube'!$A$24:$D$44,2,FALSE) -> TISS,PORCINE,LIVER WITH GALLBLADDER | D30: Nahunta | E30: 29 | G30: Tissue (APHIS) | H30: Approved | I30: =VLOOKUP(A30,'Yields-Labor-Cube'!$A$24:$E$46,5,FALSE) -> 2 | J30: =VLOOKUP(A30,Nahunta!$C$20:$O$44,9,FALSE) -> 5 | K30: 200 | L30: =VLOOKUP(A30,Nahunta!$C$20:$AC$44,14,FALSE) -> 0.9 | M30: =K30*L30 -> 180 | N30: =VLOOKUP(A30,Nahunta!$C$20:$AC$44,15,FALSE) -> 0.95 | O30: =ROUND($J30*VLOOKUP(A30,Nahunta!$C$20:$O$44,10,0)/N30,0) -> 5 | P30: =SUM(O30,O26,O20)/M30 -> 0.29444444 | Q30: =$J30*VLOOKUP($A30,'Yields-Labor-Cube'!$A$24:$O$46,3,FALSE)/(60)+(O30-J30*VLOOKUP(A30,'Yields-Labor-Cube'!$A$22:$O$46,14,FALSE))*$O$1/360 -> 0.083333333 | R30: =Nahunta!$L$58*4 -> 21 | S30: =SUM(Q20:Q30)/R30 -> 0.3290119 | T30: =$J30*VLOOKUP($A30,YLC,4,FALSE) -> 2.5 | U30: =Nahunta!$O$48 -> 240 | V30: 1 | W30: =SUM(T20:T30)/(U30*V30) -> 0.38520833 | X30: =VLOOKUP($A30,'Yields-Labor-Cube'!$A$22:$O$46,15,FALSE) -> 0.85 | Y30: =ROUND(X30*J30,0) -> 4 | Z30: =1/P30 -> 3.3962264 | AA30: =1/S30 -> 3.0394037 | AB30: =1/W30 -> 2.5959978 | AC30: =MIN(Z30:AB30) -> 2.5959978
A31: =Nahunta!Y31 -> 666511 | B31: =IF(A31="", "", A31 & "/" & E31) -> 666511/29 | C31: =VLOOKUP(A31,'Yields-Labor-Cube'!$A$24:$D$44,2,FALSE) -> TISS,PORCINE,KIDNEY BLOCK | D31: Nahunta | E31: 29 | G31: Tissue (APHIS) | H31: Approved | I31: =VLOOKUP(A31,'Yields-Labor-Cube'!$A$24:$E$46,5,FALSE) -> 1 | J31: =VLOOKUP(A31,Nahunta!$C$20:$O$44,9,FALSE) -> 4 | K31: 200 | L31: =VLOOKUP(A31,Nahunta!$C$20:$AC$44,14,FALSE) -> 0.9 | M31: =K31*L31 -> 180 | N31: =VLOOKUP(A31,Nahunta!$C$20:$AC$44,15,FALSE) -> 0.95 | O31: =ROUND($J31*VLOOKUP(A31,Nahunta!$C$20:$O$44,10,0)/N31,0) -> 2 | P31: =SUM(O21,O28:O29,O31)/M31 -> 0.17222222 | Q31: =$J31*VLOOKUP($A31,'Yields-Labor-Cube'!$A$24:$O$46,3,FALSE)/(60)+(O31-J31*VLOOKUP(A31,'Yields-Labor-Cube'!$A$22:$O$46,14,FALSE))*$O$1/360 -> 0.066666667 | R31: =Nahunta!$L$58*4 -> 21 | S31: =SUM(Q20:Q31)/R31 -> 0.33218651 | T31: =$J31*VLOOKUP($A31,YLC,4,FALSE) -> 2 | U31: =Nahunta!$O$48 -> 240 | V31: 1 | W31: =SUM(T20:T31)/(U31*V31) -> 0.39354167 | X31: =VLOOKUP($A31,'Yields-Labor-Cube'!$A$22:$O$46,15,FALSE) -> 0.8 | Y31: =ROUND(X31*J31,0) -> 3 | Z31: =1/P31 -> 5.8064516 | AA31: =1/S31 -> 3.0103571 | AB31: =1/W31 -> 2.541027 | AC31: =MIN(Z31:AB31) -> 2.541027
A32: =Nahunta!Y32 -> 666531 | B32: =IF(A32="", "", A32 & "/" & E32) -> 666531/29 | C32: =VLOOKUP(A32,'Yields-Labor-Cube'!$A$24:$D$44,2,FALSE) -> TISS,PORCINE,DIAPHRAGM | D32: Nahunta | E32: 29 | G32: Tissue (APHIS) | H32: Approved | I32: =VLOOKUP(A32,'Yields-Labor-Cube'!$A$24:$E$46,5,FALSE) -> 1 | J32: =VLOOKUP(A32,Nahunta!$C$20:$O$44,9,FALSE) -> 2 | K32: 200 | L32: =VLOOKUP(A32,Nahunta!$C$20:$AC$44,14,FALSE) -> 0.95 | M32: =K32*L32 -> 190 | N32: =VLOOKUP(A32,Nahunta!$C$20:$AC$44,15,FALSE) -> 0.95 | O32: =ROUND($J32*VLOOKUP(A32,Nahunta!$C$20:$O$44,10,0)/N32,0) -> 2 | P32: =SUM(O21,O28:O29,O31:O32)/M32 -> 0.17368421 | Q32: =$J32*VLOOKUP($A32,'Yields-Labor-Cube'!$A$24:$O$46,3,FALSE)/(60)+(O32-J32*VLOOKUP(A32,'Yields-Labor-Cube'!$A$22:$O$46,14,FALSE))*$O$1/360 -> 0.033333333 | R32: =Nahunta!$L$58*4 -> 21 | S32: =SUM(Q20:Q32)/R32 -> 0.33377381 | T32: =$J32*VLOOKUP($A32,YLC,4,FALSE) -> 0.4 | U32: =Nahunta!$O$48 -> 240 | V32: 1 | W32: =SUM(T20:T32)/(U32*V32) -> 0.39520833 | X32: =VLOOKUP($A32,'Yields-Labor-Cube'!$A$22:$O$46,15,FALSE) -> 0.85 | Y32: =ROUND(X32*J32,0) -> 2 | Z32: =1/P32 -> 5.7575758 | AA32: =1/S32 -> 2.9960409 | AB32: =1/W32 -> 2.530311 | AC32: =MIN(Z32:AB32) -> 2.530311
A33: =Nahunta!Y33 -> 666536 | B33: =IF(A33="", "", A33 & "/" & E33) -> 666536/29 | C33: =VLOOKUP(A33,'Yields-Labor-Cube'!$A$24:$D$44,2,FALSE) -> TISS,PORCINE,THORACIC BLOCK, LARGE | D33: Nahunta | E33: 29 | G33: Tissue (APHIS) | H33: Approved | I33: =VLOOKUP(A33,'Yields-Labor-Cube'!$A$24:$E$46,5,FALSE) -> 4 | J33: =VLOOKUP(A33,Nahunta!$C$20:$O$44,9,FALSE) -> 2 | K33: 200 | L33: =VLOOKUP(A33,Nahunta!$C$20:$AC$44,14,FALSE) -> 0.05 | M33: =K33*L33 -> 10 | N33: =VLOOKUP(A33,Nahunta!$C$20:$AC$44,15,FALSE) -> 0.95 | O33: =ROUND($J33*VLOOKUP(A33,Nahunta!$C$20:$O$44,10,0)/N33,0) -> 2 | P33: =SUM(O33)/M33 -> 0.2 | Q33: =$J33*VLOOKUP($A33,'Yields-Labor-Cube'!$A$24:$O$46,3,FALSE)/(60)+(O33-J33*VLOOKUP(A33,'Yields-Labor-Cube'!$A$22:$O$46,14,FALSE))*$O$1/360 -> 0.16666667 | R33: =Nahunta!$L$58*4 -> 21 | S33: =SUM(Q20:Q33)/R33 -> 0.34171032 | T33: =$J33*VLOOKUP($A33,YLC,4,FALSE) -> 4 | U33: =Nahunta!$O$48 -> 240 | V33: 1 | W33: =SUM(T20:T33)/(U33*V33) -> 0.411875 | X33: =VLOOKUP($A33,'Yields-Labor-Cube'!$A$22:$O$46,15,FALSE) -> 0.9 | Y33: =ROUND(X33*J33,0) -> 2 | Z33: =1/P33 -> 5 | AA33: =1/S33 -> 2.9264554 | AB33: =1/W33 -> 2.4279211 | AC33: =MIN(Z33:AB33) -> 2.4279211
O34: Total: | P34: =MAX(P20:P33) -> 0.725 | S34: =S33 -> 0.34171032 | W34: =W33 -> 0.411875 | Z34: =1/P34 -> 1.3793103 | AA34: =1/S34 -> 2.9264554 | AB34: =1/W34 -> 2.4279211 | AC34: =MIN(Z34:AB34) -> 1.3793103
K39: 150
A40: =Customs!Y20 -> 666522 | B40: =IF(A40="", "", A40 & "/" & E40) -> 666522/49 | C40: =VLOOKUP(A40,YLC,2,FALSE) -> TISS,PORCINE,URETER | D40: Customs | E40: 49 | G40: Tissue (APHIS) | H40: Approved | I40: =VLOOKUP(A40,'Yields-Labor-Cube'!$A$24:$E$46,5,FALSE) -> 2 | J40: =VLOOKUP(A40,Customs!$C$20:$O$44,9,FALSE) -> 36 | K40: 150 | L40: =VLOOKUP(A40,Customs!$C$20:$AC$44,14,FALSE) -> 0.9 | M40: =K40*L40 -> 135 | N40: =VLOOKUP(A40,Customs!$C$20:$AC$44,15,FALSE) -> 0.85 | O40: =ROUND($J40*VLOOKUP(A40,Customs!$C$20:$O$44,10,0)/N40,0) -> 21 | P40: =O40/M40 -> 0.15555556 | Q40: =$J40*VLOOKUP($A40,'Yields-Labor-Cube'!$A$24:$O$46,3,FALSE)/(60)+(O40-J40*VLOOKUP(A40,'Yields-Labor-Cube'!$A$22:$O$46,14,FALSE))*$O$1/360 -> 0.35833333 | R40: =Customs!$L$58*2 -> 10.5 | S40: =Q40/R40 -> 0.034126984 | T40: =$J40*VLOOKUP($A40,YLC,4,FALSE) -> 3.6 | U40: =Customs!$O$48 -> 160 | V40: 1 | W40: =T40/(U40*V40) -> 0.0225 | X40: =VLOOKUP($A40,'Yields-Labor-Cube'!$A$22:$O$46,15,FALSE) -> 0.8 | Y40: =ROUND(X40*J40,0) -> 29 | Z40: =1/P40 -> 6.4285714 | AA40: =1/S40 -> 29.302326 | AB40: =1/W40 -> 44.444444 | AC40: =MIN(Z40:AB40) -> 6.4285714
A41: =Customs!Y21 -> 666502 | B41: =IF(A41="", "", A41 & "/" & E41) -> 666502/49 | C41: =VLOOKUP(A41,YLC,2,FALSE) -> TISS,PORCINE,BARIATRIC BLOCK | D41: Customs | E41: 49 | G41: Tissue (APHIS) | H41: Approved | I41: =VLOOKUP(A41,'Yields-Labor-Cube'!$A$24:$E$46,5,FALSE) -> 3 | J41: =VLOOKUP(A41,Customs!$C$20:$O$44,9,FALSE) -> 30 | K41: 150 | L41: =VLOOKUP(A41,Customs!$C$20:$AC$44,14,FALSE) -> 0.9 | M41: =K41*L41 -> 135 | N41: =VLOOKUP(A41,Customs!$C$20:$AC$44,15,FALSE) -> 0.7 | O41: =ROUND($J41*VLOOKUP(A41,Customs!$C$20:$O$44,10,0)/N41,0) -> 43 | P41: =SUM(O41)/M41 -> 0.31851852 | Q41: =$J41*VLOOKUP($A41,'Yields-Labor-Cube'!$A$24:$O$46,3,FALSE)/(60)+(O41-J41*VLOOKUP(A41,'Yields-Labor-Cube'!$A$22:$O$46,14,FALSE))*$O$1/360 -> 2.0027778 | R41: =Customs!$L$58*2 -> 10.5 | S41: =SUM(Q40:Q41)/R41 -> 0.22486772 | T41: =$J41*VLOOKUP($A41,YLC,4,FALSE) -> 45 | U41: =Customs!$O$48 -> 160 | V41: 1 | W41: =SUM(T40:T41)/(U41*V41) -> 0.30375 | X41: =VLOOKUP($A41,'Yields-Labor-Cube'!$A$22:$O$46,15,FALSE) -> 0.9 | Y41: =ROUND(X41*J41,0) -> 27 | Z41: =1/P41 -> 3.1395349 | AA41: =1/S41 -> 4.4470588 | AB41: =1/W41 -> 3.2921811 | AC41: =MIN(Z41:AB41) -> 3.1395349
A42: =Customs!Y22 -> 666501 | B42: =IF(A42="", "", A42 & "/" & E42) -> 666501/49 | C42: =VLOOKUP(A42,YLC,2,FALSE) -> TISS,PORCINE,AORTA SEGMENTS | D42: Customs | E42: 49 | G42: Tissue (APHIS) | H42: Approved | I42: =VLOOKUP(A42,'Yields-Labor-Cube'!$A$24:$E$46,5,FALSE) -> 3 | J42: =VLOOKUP(A42,Customs!$C$20:$O$44,9,FALSE) -> 21 | K42: 150 | L42: =VLOOKUP(A42,Customs!$C$20:$AC$44,14,FALSE) -> 0.99 | M42: =K42*L42 -> 148.5 | N42: =VLOOKUP(A42,Customs!$C$20:$AC$44,15,FALSE) -> 0.95 | O42: =ROUND($J42*VLOOKUP(A42,Customs!$C$20:$O$44,10,0)/N42,0) -> 22 | P42: =SUM(O41:O42)/M42 -> 0.43771044 | Q42: =$J42*VLOOKUP($A42,'Yields-Labor-Cube'!$A$24:$O$46,3,FALSE)/(60)+(O42-J42*VLOOKUP(A42,'Yields-Labor-Cube'!$A$22:$O$46,14,FALSE))*$O$1/360 -> 0.36944444 | R42: =Customs!$L$58*2 -> 10.5 | S42: =SUM(Q40:Q42)/R42 -> 0.26005291 | T42: =$J42*VLOOKUP($A42,YLC,4,FALSE) -> 1.05 | U42: =Customs!$O$48 -> 160 | V42: 1 | W42: =SUM(T40:T42)/(U42*V42) -> 0.3103125 | X42: =VLOOKUP($A42,'Yields-Labor-Cube'!$A$22:$O$46,15,FALSE) -> 0.95 | Y42: =ROUND(X42*J42,0) -> 20 | Z42: =1/P42 -> 2.2846154 | AA42: =1/S42 -> 3.8453713 | AB42: =1/W42 -> 3.2225579 | AC42: =MIN(Z42:AB42) -> 2.2846154
A43: =Customs!Y23 -> 666523 | B43: =IF(A43="", "", A43 & "/" & E43) -> 666523/49 | C43: =VLOOKUP(A43,YLC,2,FALSE) -> TISS,PORCINE,VENA CAVA | D43: Customs | E43: 49 | G43: Tissue (APHIS) | H43: Approved | I43: =VLOOKUP(A43,'Yields-Labor-Cube'!$A$24:$E$46,5,FALSE) -> 3 | J43: =VLOOKUP(A43,Customs!$C$20:$O$44,9,FALSE) -> 18 | K43: 150 | L43: =VLOOKUP(A43,Customs!$C$20:$AC$44,14,FALSE) -> 0.9 | M43: =K43*L43 -> 135 | N43: =VLOOKUP(A43,Customs!$C$20:$AC$44,15,FALSE) -> 0.95 | O43: =ROUND($J43*VLOOKUP(A43,Customs!$C$20:$O$44,10,0)/N43,0) -> 19 | P43: =SUM(O41:O43)/M43 -> 0.62222222 | Q43: =$J43*VLOOKUP($A43,'Yields-Labor-Cube'!$A$24:$O$46,3,FALSE)/(60)+(O43-J43*VLOOKUP(A43,'Yields-Labor-Cube'!$A$22:$O$46,14,FALSE))*$O$1/360 -> 0.31944444 | R43: =Customs!$L$58*2 -> 10.5 | S43: =SUM(Q40:Q43)/R43 -> 0.29047619 | T43: =$J43*VLOOKUP($A43,YLC,4,FALSE) -> 0.9 | U43: =Customs!$O$48 -> 160 | V43: 1 | W43: =SUM(T40:T43)/(U43*V43) -> 0.3159375 | X43: =VLOOKUP($A43,'Yields-Labor-Cube'!$A$22:$O$46,15,FALSE) -> 0.95 | Y43: =ROUND(X43*J43,0) -> 17 | Z43: =1/P43 -> 1.6071429 | AA43: =1/S43 -> 3.442623 | AB43: =1/W43 -> 3.165183 | AC43: =MIN(Z43:AB43) -> 1.6071429
A44: =Customs!Y24 -> 666505 | B44: =IF(A44="", "", A44 & "/" & E44) -> 666505/49 | C44: =VLOOKUP(A44,YLC,2,FALSE) -> TISS,PORCINE,LIVER | D44: Customs | E44: 49 | G44: Tissue (APHIS) | H44: Approved | I44: =VLOOKUP(A44,'Yields-Labor-Cube'!$A$24:$E$46,5,FALSE) -> 1 | J44: =VLOOKUP(A44,Customs!$C$20:$O$44,9,FALSE) -> 17 | K44: 150 | L44: =VLOOKUP(A44,Customs!$C$20:$AC$44,14,FALSE) -> 0.9 | M44: =K44*L44 -> 135 | N44: =VLOOKUP(A44,Customs!$C$20:$AC$44,15,FALSE) -> 0.95 | O44: =ROUND($J44*VLOOKUP(A44,Customs!$C$20:$O$44,10,0)/N44,0) -> 9 | P44: =SUM(O44)/M44 -> 0.066666667 | Q44: =$J44*VLOOKUP($A44,'Yields-Labor-Cube'!$A$24:$O$46,3,FALSE)/(60)+(O44-J44*VLOOKUP(A44,'Yields-Labor-Cube'!$A$22:$O$46,14,FALSE))*$O$1/360 -> 0.29305556 | R44: =Customs!$L$58*2 -> 10.5 | S44: =SUM(Q40:Q44)/R44 -> 0.31838624 | T44: =$J44*VLOOKUP($A44,YLC,4,FALSE) -> 3.4 | U44: =Customs!$O$48 -> 160 | V44: 1 | W44: =SUM(T40:T44)/(U44*V44) -> 0.3371875 | X44: =VLOOKUP($A44,'Yields-Labor-Cube'!$A$22:$O$46,15,FALSE) -> 0.95 | Y44: =ROUND(X44*J44,0) -> 16 | Z44: =1/P44 -> 15 | AA44: =1/S44 -> 3.1408392 | AB44: =1/W44 -> 2.965709 | AC44: =MIN(Z44:AB44) -> 2.965709
A45: =Customs!Y25 -> 666516 | B45: =IF(A45="", "", A45 & "/" & E45) -> 666516/49 | C45: =VLOOKUP(A45,YLC,2,FALSE) -> TISS,PORCINE,OMENTUM | D45: Customs | E45: 49 | G45: Tissue (APHIS) | H45: Approved | I45: =VLOOKUP(A45,'Yields-Labor-Cube'!$A$24:$E$46,5,FALSE) -> 3 | J45: =VLOOKUP(A45,Customs!$C$20:$O$44,9,FALSE) -> 13 | K45: 150 | L45: =VLOOKUP(A45,Customs!$C$20:$AC$44,14,FALSE) -> 0.9 | M45: =K45*L45 -> 135 | N45: =VLOOKUP(A45,Customs!$C$20:$AC$44,15,FALSE) -> 0.95 | O45: =ROUND($J45*VLOOKUP(A45,Customs!$C$20:$O$44,10,0)/N45,0) -> 14 | P45: =SUM(O41:O43,O45)/M45 -> 0.72592593 | Q45: =$J45*VLOOKUP($A45,'Yields-Labor-Cube'!$A$24:$O$46,3,FALSE)/(60)+(O45-J45*VLOOKUP(A45,'Yields-Labor-Cube'!$A$22:$O$46,14,FALSE))*$O$1/360 -> 0.23611111 | R45: =Customs!$L$58*2 -> 10.5 | S45: =SUM(Q40:Q45)/R45 -> 0.34087302 | T45: =$J45*VLOOKUP($A45,YLC,4,FALSE) -> 1.3 | U45: =Customs!$O$48 -> 160 | V45: 1 | W45: =SUM(T40:T45)/(U45*V45) -> 0.3453125 | X45: =VLOOKUP($A45,'Yields-Labor-Cube'!$A$22:$O$46,15,FALSE) -> 0.8 | Y45: =ROUND(X45*J45,0) -> 10 | Z45: =1/P45 -> 1.377551 | AA45: =1/S45 -> 2.9336438 | AB45: =1/W45 -> 2.8959276 | AC45: =MIN(Z45:AB45) -> 1.377551
A46: =Customs!Y26 -> 666519 | B46: =IF(A46="", "", A46 & "/" & E46) -> 666519/49 | C46: =VLOOKUP(A46,YLC,2,FALSE) -> TISS,PORCINE,SPLEEN | D46: Customs | E46: 49 | G46: Tissue (APHIS) | H46: Approved | I46: =VLOOKUP(A46,'Yields-Labor-Cube'!$A$24:$E$46,5,FALSE) -> 2 | J46: =VLOOKUP(A46,Customs!$C$20:$O$44,9,FALSE) -> 13 | K46: 150 | L46: =VLOOKUP(A46,Customs!$C$20:$AC$44,14,FALSE) -> 0.9 | M46: =K46*L46 -> 135 | N46: =VLOOKUP(A46,Customs!$C$20:$AC$44,15,FALSE) -> 0.95 | O46: =ROUND($J46*VLOOKUP(A46,Customs!$C$20:$O$44,10,0)/N46,0) -> 14 | P46: =SUM(O46,O40)/M46 -> 0.25925926 | Q46: =$J46*VLOOKUP($A46,'Yields-Labor-Cube'!$A$24:$O$46,3,FALSE)/(60)+(O46-J46*VLOOKUP(A46,'Yields-Labor-Cube'!$A$22:$O$46,14,FALSE))*$O$1/360 -> 0.23611111 | R46: =Customs!$L$58*2 -> 10.5 | S46: =SUM(Q40:Q46)/R46 -> 0.36335979 | T46: =$J46*VLOOKUP($A46,YLC,4,FALSE) -> 6.5 | U46: =Customs!$O$48 -> 160 | V46: 1 | W46: =SUM(T40:T46)/(U46*V46) -> 0.3859375 | X46: =VLOOKUP($A46,'Yields-Labor-Cube'!$A$22:$O$46,15,FALSE) -> 0.95 | Y46: =ROUND(X46*J46,0) -> 12 | Z46: =1/P46 -> 3.8571429 | AA46: =1/S46 -> 2.7520932 | AB46: =1/W46 -> 2.5910931 | AC46: =MIN(Z46:AB46) -> 2.5910931
A47: =Customs!Y27 -> 666545 | B47: =IF(A47="", "", A47 & "/" & E47) -> 666545/49 | C47: =VLOOKUP(A47,YLC,2,FALSE) -> TISS, Rectum | D47: Customs | E47: 49 | G47: Tissue (APHIS) | H47: Approved | I47: =VLOOKUP(A47,'Yields-Labor-Cube'!$A$24:$E$46,5,FALSE) -> 2 | J47: =VLOOKUP(A47,Customs!$C$20:$O$44,9,FALSE) -> 13 | K47: 150 | L47: =VLOOKUP(A47,Customs!$C$20:$AC$44,14,FALSE) -> 0.95 | M47: =K47*L47 -> 142.5 | N47: =VLOOKUP(A47,Customs!$C$20:$AC$44,15,FALSE) -> 0.95 | O47: =ROUND($J47*VLOOKUP(A47,Customs!$C$20:$O$44,10,0)/N47,0) -> 14 | P47: =SUM(O47,O46,O40)/M47 -> 0.34385965 | Q47: =$J47*VLOOKUP($A47,'Yields-Labor-Cube'!$A$24:$O$46,3,FALSE)/(60)+(O47-J47*VLOOKUP(A47,'Yields-Labor-Cube'!$A$22:$O$46,14,FALSE))*$O$1/360 -> 0.66944444 | R47: =Customs!$L$58*2 -> 10.5 | S47: =SUM(Q40:Q47)/R47 -> 0.4271164 | T47: =$J47*VLOOKUP($A47,YLC,4,FALSE) -> 1.3 | U47: =Customs!$O$48 -> 160 | V47: 1 | W47: =SUM(T40:T47)/(U47*V47) -> 0.3940625 | X47: =VLOOKUP($A47,'Yields-Labor-Cube'!$A$22:$O$46,15,FALSE) -> 0.95 | Y47: =ROUND(X47*J47,0) -> 12 | Z47: =1/P47 -> 2.9081633 | AA47: =1/S47 -> 2.3412821 | AB47: =1/W47 -> 2.5376685 | AC47: =MIN(Z47:AB47) -> 2.3412821
A48: =Customs!Y28 -> 666513 | B48: =IF(A48="", "", A48 & "/" & E48) -> 666513/49 | C48: =VLOOKUP(A48,YLC,2,FALSE) -> TISS,PORCINE,LIVER WITH GALLBLADDER | D48: Customs | E48: 49 | G48: Tissue (APHIS) | H48: Approved | I48: =VLOOKUP(A48,'Yields-Labor-Cube'!$A$24:$E$46,5,FALSE) -> 2 | J48: =VLOOKUP(A48,Customs!$C$20:$O$44,9,FALSE) -> 11 | K48: 150 | L48: =VLOOKUP(A48,Customs!$C$20:$AC$44,14,FALSE) -> 0.9 | M48: =K48*L48 -> 135 | N48: =VLOOKUP(A48,Customs!$C$20:$AC$44,15,FALSE) -> 0.95 | O48: =ROUND($J48*VLOOKUP(A48,Customs!$C$20:$O$44,10,0)/N48,0) -> 12 | P48: =SUM(O47:O48,O46,O40)/M48 -> 0.45185185 | Q48: =$J48*VLOOKUP($A48,'Yields-Labor-Cube'!$A$24:$O$46,3,FALSE)/(60)+(O48-J48*VLOOKUP(A48,'Yields-Labor-Cube'!$A$22:$O$46,14,FALSE))*$O$1/360 -> 0.20277778 | R48: =Customs!$L$58*2 -> 10.5 | S48: =SUM(Q40:Q48)/R48 -> 0.44642857 | T48: =$J48*VLOOKUP($A48,YLC,4,FALSE) -> 5.5 | U48: =Customs!$O$48 -> 160 | V48: 1 | W48: =SUM(T40:T48)/(U48*V48) -> 0.4284375 | X48: =VLOOKUP($A48,'Yields-Labor-Cube'!$A$22:$O$46,15,FALSE) -> 0.85 | Y48: =ROUND(X48*J48,0) -> 9 | Z48: =1/P48 -> 2.2131148 | AA48: =1/S48 -> 2.24 | AB48: =1/W48 -> 2.3340627 | AC48: =MIN(Z48:AB48) -> 2.2131148
A49: =Customs!Y29 -> 666517 | B49: =IF(A49="", "", A49 & "/" & E49) -> 666517/49 | C49: =VLOOKUP(A49,YLC,2,FALSE) -> TISS,PORCINE,PANCREAS | D49: Customs | E49: 49 | G49: Tissue (APHIS) | H49: Approved | I49: =VLOOKUP(A49,'Yields-Labor-Cube'!$A$24:$E$46,5,FALSE) -> 3 | J49: =VLOOKUP(A49,Customs!$C$20:$O$44,9,FALSE) -> 8 | K49: 150 | L49: =VLOOKUP(A49,Customs!$C$20:$AC$44,14,FALSE) -> 0.9 | M49: =K49*L49 -> 135 | N49: =VLOOKUP(A49,Customs!$C$20:$AC$44,15,FALSE) -> 0.95 | O49: =ROUND($J49*VLOOKUP(A49,Customs!$C$20:$O$44,10,0)/N49,0) -> 8 | P49: =SUM(O49,O45,O41:O43)/M49 -> 0.78518519 | Q49: =$J49*VLOOKUP($A49,'Yields-Labor-Cube'!$A$24:$O$46,3,FALSE)/(60)+(O49-J49*VLOOKUP(A49,'Yields-Labor-Cube'!$A$22:$O$46,14,FALSE))*$O$1/360 -> 0.13333333 | R49: =Customs!$L$58*2 -> 10.5 | S49: =SUM(Q40:Q49)/R49 -> 0.45912698 | T49: =$J49*VLOOKUP($A49,YLC,4,FALSE) -> 1.6 | U49: =Customs!$O$48 -> 160 | V49: 1 | W49: =SUM(T40:T49)/(U49*V49) -> 0.4384375 | X49: =VLOOKUP($A49,'Yields-Labor-Cube'!$A$22:$O$46,15,FALSE) -> 0.8 | Y49: =ROUND(X49*J49,0) -> 6 | Z49: =1/P49 -> 1.2735849 | AA49: =1/S49 -> 2.1780467 | AB49: =1/W49 -> 2.2808268 | AC49: =MIN(Z49:AB49) -> 1.2735849
A50: =Customs!Y30 -> 666510 | B50: =IF(A50="", "", A50 & "/" & E50) -> 666510/49 | C50: =VLOOKUP(A50,YLC,2,FALSE) -> TISS,PORCINE,JEJUNUM (3FT) | D50: Customs | E50: 49 | G50: Tissue (APHIS) | H50: Approved | I50: =VLOOKUP(A50,'Yields-Labor-Cube'!$A$24:$E$46,5,FALSE) -> 1 | J50: =VLOOKUP(A50,Customs!$C$20:$O$44,9,FALSE) -> 1 | K50: 150 | L50: =VLOOKUP(A50,Customs!$C$20:$AC$44,14,FALSE) -> 0.95 | M50: =K50*L50 -> 142.5 | N50: =VLOOKUP(A50,Customs!$C$20:$AC$44,15,FALSE) -> 0.95 | O50: =ROUND($J50*VLOOKUP(A50,Customs!$C$20:$O$44,10,0)/N50,0) -> 1 | P50: =SUM(O50,O44)/M50 -> 0.070175439 | Q50: =$J50*VLOOKUP($A50,'Yields-Labor-Cube'!$A$24:$O$46,3,FALSE)/(60)+(O50-J50*VLOOKUP(A50,'Yields-Labor-Cube'!$A$22:$O$46,14,FALSE))*$O$1/360 -> 0.079694444 | R50: =Customs!$L$58*2 -> 10.5 | S50: =SUM(Q40:Q50)/R50 -> 0.46671693 | T50: =$J50*VLOOKUP($A50,YLC,4,FALSE) -> 0.3 | U50: =Customs!$O$48 -> 160 | V50: 1 | W50: =SUM(T40:T50)/(U50*V50) -> 0.4403125 | X50: =VLOOKUP($A50,'Yields-Labor-Cube'!$A$22:$O$46,15,FALSE) -> 0.85 | Y50: =ROUND(X50*J50,0) -> 1 | Z50: =1/P50 -> 14.25 | AA50: =1/S50 -> 2.1426264 | AB50: =1/W50 -> 2.2711143 | AC50: =MIN(Z50:AB50) -> 2.1426264
A51: =Customs!Y31 -> 666531 | B51: =IF(A51="", "", A51 & "/" & E51) -> 666531/49 | C51: =VLOOKUP(A51,YLC,2,FALSE) -> TISS,PORCINE,DIAPHRAGM | D51: Customs | E51: 49 | G51: Tissue (APHIS) | H51: Approved | I51: =VLOOKUP(A51,'Yields-Labor-Cube'!$A$24:$E$46,5,FALSE) -> 1 | J51: =VLOOKUP(A51,Customs!$C$20:$O$44,9,FALSE) -> 1 | K51: 150 | L51: =VLOOKUP(A51,Customs!$C$20:$AC$44,14,FALSE) -> 0.9 | M51: =K51*L51 -> 135 | N51: =VLOOKUP(A51,Customs!$C$20:$AC$44,15,FALSE) -> 0.95 | O51: =ROUND($J51*VLOOKUP(A51,Customs!$C$20:$O$44,10,0)/N51,0) -> 1 | P51: =SUM(O50:O51,O44)/M51 -> 0.081481481 | Q51: =$J51*VLOOKUP($A51,'Yields-Labor-Cube'!$A$24:$O$46,3,FALSE)/(60)+(O51-J51*VLOOKUP(A51,'Yields-Labor-Cube'!$A$22:$O$46,14,FALSE))*$O$1/360 -> 0.016666667 | R51: =Customs!$L$58*2 -> 10.5 | S51: =SUM(Q40:Q51)/R51 -> 0.46830423 | T51: =$J51*VLOOKUP($A51,YLC,4,FALSE) -> 0.2 | U51: =Customs!$O$48 -> 160 | V51: 1 | W51: =SUM(T40:T51)/(U51*V51) -> 0.4415625 | X51: =VLOOKUP($A51,'Yields-Labor-Cube'!$A$22:$O$46,15,FALSE) -> 0.85 | Y51: =ROUND(X51*J51,0) -> 1 | Z51: =1/P51 -> 12.272727 | AA51: =1/S51 -> 2.135364 | AB51: =1/W51 -> 2.2646851 | AC51: =MIN(Z51:AB51) -> 2.135364
P53: =MAX(P40:P51) -> 0.78518519 | S53: =S51 -> 0.46830423 | W53: =W51 -> 0.4415625 | Z53: =1/P53 -> 1.2735849 | AA53: =1/S53 -> 2.135364 | AB53: =1/W53 -> 2.2646851 | AC53: =MIN(Z53:AB53) -> 1.2735849
A59: =Parks!Y20 -> 666541 | B59: =IF(A59="", "", A59 & "/" & E59) -> 666541/10 | C59: =VLOOKUP(A59,'Yields-Labor-Cube'!$A$24:$D$44,2,FALSE) -> FEMALE PELVIC BLOCK | D59: Parks | E59: 10 | G59: Tissue (APHIS) | H59: Approved | I59: =VLOOKUP(A59,'Yields-Labor-Cube'!$A$24:$E$46,5,FALSE) -> 2 | J59: =VLOOKUP(A59,Parks!$C$20:$O$44,9,FALSE) -> 14 | K59: 400 | L59: =VLOOKUP(A59,Parks!$C$20:$AC$44,14,FALSE) -> 0.35 | M59: =K59*L59 -> 140 | N59: =VLOOKUP(A59,Parks!$C$20:$AC$44,15,FALSE) -> 0.2 | O59: =ROUND($J59*VLOOKUP(A59,Martins!$C$20:$O$40,10,0)/N59,0) -> 70 | P59: =O59/M59 -> 0.5 | Q59: =$J59*VLOOKUP($A59,'Yields-Labor-Cube'!$A$24:$O$46,3,FALSE)/(60)+(O59-J59*VLOOKUP(A59,'Yields-Labor-Cube'!$A$22:$O$46,14,FALSE))*$O$1/360 -> 1.7888889 | R59: =Parks!$L$58*3.5 -> 21 | S59: =Q59/R59 -> 0.085185185 | T59: =$J59*VLOOKUP($A59,YLC,4,FALSE) -> 14 | U59: =Parks!$O$48 -> 160 | V59: 1 | W59: =T59/(U59*V59) -> 0.0875 | X59: =VLOOKUP($A59,'Yields-Labor-Cube'!$A$22:$O$46,15,FALSE) -> 0.85 | Y59: =ROUND(X59*J59,0) -> 12 | Z59: =1/P59 -> 2 | AA59: =1/S59 -> 11.73913 | AB59: =1/W59 -> 11.428571 | AC59: =MIN(Z59:AB59) -> 2
A60: =Parks!Y21 -> 666502 | B60: =IF(A60="", "", A60 & "/" & E60) -> 666502/10 | C60: =VLOOKUP(A60,'Yields-Labor-Cube'!$A$24:$D$44,2,FALSE) -> TISS,PORCINE,BARIATRIC BLOCK | D60: Parks | E60: 10 | G60: Tissue (APHIS) | H60: Approved | I60: =VLOOKUP(A60,'Yields-Labor-Cube'!$A$24:$E$46,5,FALSE) -> 3 | J60: =VLOOKUP(A60,Parks!$C$20:$O$44,9,FALSE) -> 10 | K60: 400 | L60: =VLOOKUP(A60,Parks!$C$20:$AC$44,14,FALSE) -> 0.7 | M60: =K60*L60 -> 280 | N60: =VLOOKUP(A60,Parks!$C$20:$AC$44,15,FALSE) -> 0.95 | O60: =ROUND($J60*VLOOKUP(A60,Martins!$C$20:$O$40,10,0)/N60,0) -> 11 | P60: =SUM(O60)/M60 -> 0.039285714 | Q60: =$J60*VLOOKUP($A60,'Yields-Labor-Cube'!$A$24:$O$46,3,FALSE)/(60)+(O60-J60*VLOOKUP(A60,'Yields-Labor-Cube'!$A$22:$O$46,14,FALSE))*$O$1/360 -> 0.60277778 | R60: =Parks!$L$58*3.5 -> 21 | S60: =SUM(Q59:Q60)/R60 -> 0.11388889 | T60: =$J60*VLOOKUP($A60,YLC,4,FALSE) -> 15 | U60: =Parks!$O$48 -> 160 | V60: 1 | W60: =SUM(T59:T60)/(U60*V60) -> 0.18125 | X60: =VLOOKUP($A60,'Yields-Labor-Cube'!$A$22:$O$46,15,FALSE) -> 0.9 | Y60: =ROUND(X60*J60,0) -> 9 | Z60: =1/P60 -> 25.454545 | AA60: =1/S60 -> 8.7804878 | AB60: =1/W60 -> 5.5172414 | AC60: =MIN(Z60:AB60) -> 5.5172414
A61: =Parks!Y22 -> 666509 | B61: =IF(A61="", "", A61 & "/" & E61) -> 666509/10 | C61: =VLOOKUP(A61,'Yields-Labor-Cube'!$A$24:$D$44,2,FALSE) -> TISS,PORCINE,JEJUNUM,6FT | D61: Parks | E61: 10 | G61: Tissue (APHIS) | H61: Approved | I61: =VLOOKUP(A61,'Yields-Labor-Cube'!$A$24:$E$46,5,FALSE) -> 1 | J61: =VLOOKUP(A61,Parks!$C$20:$O$44,9,FALSE) -> 2 | K61: 400 | L61: =VLOOKUP(A61,Parks!$C$20:$AC$44,14,FALSE) -> 0.7 | M61: =K61*L61 -> 280 | N61: =VLOOKUP(A61,Parks!$C$20:$AC$44,15,FALSE) -> 0.95 | O61: =ROUND($J61*VLOOKUP(A61,Martins!$C$20:$O$40,10,0)/N61,0) -> 1 | P61: =SUM(O61)/M61 -> 0.0035714286 | Q61: =$J61*VLOOKUP($A61,'Yields-Labor-Cube'!$A$24:$O$46,3,FALSE)/(60)+(O61-J61*VLOOKUP(A61,'Yields-Labor-Cube'!$A$22:$O$46,14,FALSE))*$O$1/360 -> 0.13333333 | R61: =Parks!$L$58*3.5 -> 21 | S61: =SUM(Q59:Q61)/R61 -> 0.1202381 | T61: =$J61*VLOOKUP($A61,YLC,4,FALSE) -> 1 | U61: =Parks!$O$48 -> 160 | V61: 1 | W61: =SUM(T59:T61)/(U61*V61) -> 0.1875 | X61: =VLOOKUP($A61,'Yields-Labor-Cube'!$A$22:$O$46,15,FALSE) -> 0.85 | Y61: =ROUND(X61*J61,0) -> 2 | Z61: =1/P61 -> 280 | AA61: =1/S61 -> 8.3168317 | AB61: =1/W61 -> 5.3333333 | AC61: =MIN(Z61:AB61) -> 5.3333333
A62: =Parks!Y23 -> 666521 | B62: =IF(A62="", "", A62 & "/" & E62) -> 666521/10 | C62: =VLOOKUP(A62,'Yields-Labor-Cube'!$A$24:$D$44,2,FALSE) -> TISS,PORCINE,THORACIC BLOCK | D62: Parks | E62: 10 | G62: Tissue (APHIS) | H62: Approved | I62: =VLOOKUP(A62,'Yields-Labor-Cube'!$A$24:$E$46,5,FALSE) -> 3 | J62: =VLOOKUP(A62,Parks!$C$20:$O$44,9,FALSE) -> 2 | K62: 400 | L62: =VLOOKUP(A62,Parks!$C$20:$AC$44,14,FALSE) -> 0.7 | M62: =K62*L62 -> 280 | N62: =VLOOKUP(A62,Parks!$C$20:$AC$44,15,FALSE) -> 0.95 | O62: =ROUND($J62*VLOOKUP(A62,Martins!$C$20:$O$40,10,0)/N62,0) -> 2 | P62: =SUM(O62,O60)/M62 -> 0.046428571 | Q62: =$J62*VLOOKUP($A62,'Yields-Labor-Cube'!$A$24:$O$46,3,FALSE)/(60)+(O62-J62*VLOOKUP(A62,'Yields-Labor-Cube'!$A$22:$O$46,14,FALSE))*$O$1/360 -> 0.15 | R62: =Parks!$L$58*3.5 -> 21 | S62: =SUM(Q59:Q62)/R62 -> 0.12738095 | T62: =$J62*VLOOKUP($A62,YLC,4,FALSE) -> 3.6 | U62: =Parks!$O$48 -> 160 | V62: 1 | W62: =SUM(T59:T62)/(U62*V62) -> 0.21 | X62: =VLOOKUP($A62,'Yields-Labor-Cube'!$A$22:$O$46,15,FALSE) -> 0.9 | Y62: =ROUND(X62*J62,0) -> 2 | Z62: =1/P62 -> 21.538462 | AA62: =1/S62 -> 7.8504673 | AB62: =1/W62 -> 4.7619048 | AC62: =MIN(Z62:AB62) -> 4.7619048
O63: Total: | P63: =MAX(P59:P62) -> 0.5 | Z63: =1/P63 -> 2 | AA63: =AA62 -> 7.8504673 | AB63: =AB62 -> 4.7619048 | AC63: =MIN(Z63:AB63) -> 2
A71: Ordered not harvested
A74: 666504 | C74: TISS,PORCINE,BELLY,LARGE | J74: =ROUND(VLOOKUP(A74,'Old2'!$A$13:$C$37,3,FALSE),0) -> 58
A75: 666512 | C75: TISS,PORCINE,LEAF FAT | J75: =ROUND(VLOOKUP(A75,'Old2'!$A$13:$C$37,3,FALSE),0) -> 354
A76: 666534 | C76: TISS,PORCINE,BELLY,LARGE
K94: Summary for the slide.
K95: Current labor constraint at martins, this is due to the amount of rework we have with pelvic blocks
K96: Less labor utilization due to demand of parts allocated to Nahunta
K97: Pelvic block harvesting yield is mayor culprit for labor cap at martins
C98: Jejunum x 2 not x 3 | K98: We could move more tissues to nahunta since they are underutilized
C99: Run Tony numbers to see actuals | K99: Parks is currently working on their harvesting yield and rootcausing issues upstream. This should increase the number of available pelvics they have for us.
C100: latest runs | K100: Currently working on picking up bad pelvics from Martins in order to study their harvesting yield as well
K101: Customs is underutilized, could move tissues here based on new freezer capacity.

Sheet Sheet1

Sheet Yields-Labor-Cube
A1: Supplier_Status | B1: Material_Category | C1: Yes_No_NA | D1: Yes_No_Unknown | E1: FSIS_Inspection | F1: Metrology_Tier | G1: Source_Dependency | H1: Switching_Cost | I1: Data_Access_Level | N1: Quality_Trend | O1: Surveillance_Status | P1: Data_Access_Level
A2: New | B2: Tissue (APHIS) | C2: Yes | D2: Yes | E2: FDA FSIS Inspected | F2: Accredited | G2: Sole | H2: High | I2: None | N2: Improving | O2: Current | P2: None
A3: Approved | B3: Tissue (Non-APHIS) | C3: No | D3: No | E3: State Inspected Only | F3: Advanced | G3: Single | H3: Medium | I3: Drawings | N3: Stable | O3: Expired | P3: Drawings
A4: Intuitive Corporate | B4: Non-Tissue: Significant | C4: N/A | D4: Unknown | E4: N/A | F4: Basic | G4: Dual | H4: Low | I4: Full IP | N4: Declining | O4: Waived | P4: Full IP
A5: Disapproved | B5: Non-Tissue: Moderate | F5: None | G5: Multi | O5: N/A
A6: Phase-Out | B6: Non-Tissue: Low (COTS) | F6: N/A
F20: 6 | J20: 10 | K20: 11 | L20: 12 | M20: 13
E22: Spec Yields | J22: Harvesting Yields | N22: Pigs consumed | O22: Quality Yield Freeze/Thaw
C23: Labor | D23: Cube | E23: Tier | F23: Martins_Yield | G23: Nahunta_Yield | H23: Customs_Yield | I23: Parks_Yield | J23: Martins_Yield | K23: Nahunta_Yield | L23: Customs_Yield | M23: Parks_Yield
A24: 666501 | B24: TISS,PORCINE,AORTA SEGMENTS | C24: 1 | D24: 0.05 | E24: 3 | F24: 0.99 | G24: 0.99 | H24: 0.99 | I24: 0.99 | J24: 0.95 | K24: 0.95 | L24: 0.95 | M24: 0.95 | N24: 1 | O24: 0.95
A25: 666502 | B25: TISS,PORCINE,BARIATRIC BLOCK | C25: 3.5 | D25: 1.5 | E25: 3 | F25: 0.8 | G25: 0.9 | H25: 0.9 | I25: 0.7 | J25: 0.95 | K25: 0.95 | L25: 0.7 | M25: 0.95 | N25: 1 | O25: 0.9
A26: 666505 | B26: TISS,PORCINE,LIVER | C26: 1 | D26: 0.2 | E26: 1 | F26: 0.9 | G26: 0.9 | H26: 0.9 | I26: 0.7 | J26: 0.95 | K26: 0.95 | L26: 0.95 | M26: 0.95 | N26: 0.5 | O26: 0.95
A27: 666506 | B27: TISS,PORCINE,PELVIC BLOCK | C27: 3 | D27: 1 | E27: 2 | F27: 0.45 | G27: 0.06 | H27: 0.45 | I27: 0.35 | J27: 0.25 | K27: 0.25 | L27: 0.25 | M27: 0.2 | N27: 1 | O27: 0.85
A28: 666507 | B28: TISS,PORCINE,FULL THOR AND BARI BLOCK | C28: 5 | D28: 1.8 | E28: 3 | F28: 0.8 | G28: 0.6 | H28: 0.7 | I28: 0.7 | J28: 0.95 | K28: 0.95 | L28: 0.95 | M28: 0.95 | N28: 1 | O28: 0.9
A29: 666509 | B29: TISS,PORCINE,JEJUNUM,6FT | C29: 4 | D29: 0.5 | E29: 1 | F29: 0.95 | G29: 0.95 | H29: 0.95 | I29: 0.7 | J29: 0.95 | K29: 0.95 | L29: 0.95 | M29: 0.95 | N29: 0.5 | O29: 0.85
A30: 666510 | B30: TISS,PORCINE,JEJUNUM (3FT) | C30: 4 | D30: 0.3 | E30: 1 | F30: 0.95 | G30: 0.95 | H30: 0.95 | I30: 0.7 | J30: 0.95 | K30: 0.95 | L30: 0.95 | M30: 0.95 | N30: 0.33 | O30: 0.85
A31: 666511 | B31: TISS,PORCINE,KIDNEY BLOCK | C31: 1 | D31: 0.5 | E31: 1 | F31: 0.9 | G31: 0.9 | H31: 0.9 | I31: 0.7 | J31: 0.95 | K31: 0.95 | L31: 0.95 | M31: 0.95 | N31: 0.5 | O31: 0.8
A32: 666513 | B32: TISS,PORCINE,LIVER WITH GALLBLADDER | C32: 1 | D32: 0.5 | E32: 2 | F32: 0.9 | G32: 0.9 | H32: 0.9 | I32: 0.7 | J32: 0.95 | K32: 0.95 | L32: 0.95 | M32: 0.95 | N32: 1 | O32: 0.85
A33: 666516 | B33: TISS,PORCINE,OMENTUM | C33: 1 | D33: 0.1 | E33: 3 | F33: 0.9 | G33: 0.9 | H33: 0.9 | I33: 0.7 | J33: 0.95 | K33: 0.95 | L33: 0.95 | M33: 0.95 | N33: 1 | O33: 0.8
A34: 666517 | B34: TISS,PORCINE,PANCREAS | C34: 1 | D34: 0.2 | E34: 3 | F34: 0.9 | G34: 0.9 | H34: 0.9 | I34: 0.7 | J34: 0.95 | K34: 0.95 | L34: 0.95 | M34: 0.95 | N34: 1 | O34: 0.8
A35: 666518 | B35: TISS,PORCINE,FEM,PELVIC BLOCK,INTACT,SM | C35: 3 | D35: 1 | E35: 2 | F35: 0.45 | G35: 0.06 | H35: 0.45 | I35: 0.35 | J35: 0.25 | K35: 0.25 | L35: 0.25 | M35: 0.2 | N35: 1 | O35: 0.85
... A46: 666545 | B46: TISS, Rectum | C46: 3 | D46: 0.1 | E46: 2 | F46: 0.95 | G46: 0.95 | H46: 0.95 | I46: 0.7 | J46: 0.95 | K46: 0.95 | L46: 0.95 | M46: 0.95 | N46: 1 | O46: 0.95

Sheet SHAllocations
G8: Weeks: | H8: 12
K10: 7 | N10: 10 | Q10: 13 | T10: 16
G11: Quarter Volume: | H11: Weekly: | I11: All% | K11: Nahunta | N11: Martins | Q11: Customs | T11: Parks
K12: % | L12: Volume | M12: Capacity | N12: % | O12: Volume | P12: Capacity | Q12: % | R12: Volume | S12: Capacity | T12: % | U12: Volume | V12: Capacity
E13: 666501 | F13: TISS,PORCINE,AORTA SEGMENTS | G13: =VLOOKUP(E13,ModelsDemand_ToTissue!$D$42:$H$85,5,FALSE) -> 3131 | H13: =IF(G13>0,ROUND(G13/$H$8,0),"") -> 261 | I13: =SUM(K13,N13,Q13,T13) -> 1 | K13: 0.09 | L13: =IFERROR(ROUND(K13*H13,0),"") -> 23 | N13: 0.83 | O13: =IFERROR(ROUND(N13*H13,0),"") -> 217 | Q13: 0.08 | R13: =IFERROR(ROUND(Q13*H13,0),"") -> 21 | T13: 0 | U13: =IFERROR(ROUND(T13*H13,0),"") -> 0
E14: 666502 | F14: TISS,PORCINE,BARIATRIC BLOCK | G14: =VLOOKUP(E14,ModelsDemand_ToTissue!$D$42:$H$85,5,FALSE) -> 1980 | H14: =IF(G14>0,ROUND(G14/$H$8,0),"") -> 165 | I14: =SUM(K14,N14,Q14,T14) -> 1 | K14: 0 | L14: =IFERROR(ROUND(K14*H14,0),"") -> 0 | N14: 0.76 | O14: =IFERROR(ROUND(N14*H14,0),"") -> 125 | Q14: 0.18 | R14: =IFERROR(ROUND(Q14*H14,0),"") -> 30 | T14: 0.06 | U14: =IFERROR(ROUND(T14*H14,0),"") -> 10
E15: 666505 | F15: TISS,PORCINE,LIVER | G15: =VLOOKUP(E15,ModelsDemand_ToTissue!$D$42:$H$85,5,FALSE) -> 303 | H15: =IF(G15>0,ROUND(G15/$H$8,0),"") -> 25 | I15: =SUM(K15,N15,Q15,T15) -> 1 | K15: 0.32 | L15: =IFERROR(ROUND(K15*H15,0),"") -> 8 | N15: 0 | O15: =IFERROR(ROUND(N15*H15,0),"") -> 0 | Q15: 0.68 | R15: =IFERROR(ROUND(Q15*H15,0),"") -> 17 | T15: 0 | U15: =IFERROR(ROUND(T15*H15,0),"") -> 0
E16: 666506 | F16: TISS,PORCINE,PELVIC BLOCK | G16: =VLOOKUP(E16,ModelsDemand_ToTissue!$D$42:$H$85,5,FALSE) -> 626 | H16: =IF(G16>0,ROUND(G16/$H$8,0),"") -> 52 | I16: =SUM(K16,N16,Q16,T16) -> 1 | K16: 0 | L16: =IFERROR(ROUND(K16*H16,0),"") -> 0 | N16: 1 | O16: =IFERROR(ROUND(N16*H16,0),"") -> 52 | Q16: 0 | R16: =IFERROR(ROUND(Q16*H16,0),"") -> 0 | T16: 0 | U16: =IFERROR(ROUND(T16*H16,0),"") -> 0
E17: 666507 | F17: TISS,PORCINE,FULL THOR AND BARI BLOCK | G17: =VLOOKUP(E17,ModelsDemand_ToTissue!$D$42:$H$85,5,FALSE) -> 99 | H17: =IF(G17>0,ROUND(G17/$H$8,0),"") -> 8 | I17: =SUM(K17,N17,Q17,T17) -> 1 | K17: 1 | L17: =IFERROR(ROUND(K17*H17,0),"") -> 8 | N17: 0 | O17: =IFERROR(ROUND(N17*H17,0),"") -> 0 | Q17: 0 | R17: =IFERROR(ROUND(Q17*H17,0),"") -> 0 | T17: 0 | U17: =IFERROR(ROUND(T17*H17,0),"") -> 0
E18: 666509 | F18: TISS,PORCINE,JEJUNUM,6FT | G18: =VLOOKUP(E18,ModelsDemand_ToTissue!$D$42:$H$85,5,FALSE) -> 402 | H18: =IF(G18>0,ROUND(G18/$H$8,0),"") -> 34 | I18: =SUM(K18,N18,Q18,T18) -> 1 | K18: 0.95 | L18: =IFERROR(ROUND(K18*H18,0),"") -> 32 | N18: 0 | O18: =IFERROR(ROUND(N18*H18,0),"") -> 0 | Q18: 0 | R18: =IFERROR(ROUND(Q18*H18,0),"") -> 0 | T18: 0.05 | U18: =IFERROR(ROUND(T18*H18,0),"") -> 2
E19: 666510 | F19: TISS,PORCINE,JEJUNUM (3FT) | G19: =VLOOKUP(E19,ModelsDemand_ToTissue!$D$42:$H$85,5,FALSE) -> 88 | H19: =IF(G19>0,ROUND(G19/$H$8,0),"") -> 7 | I19: =SUM(K19,N19,Q19,T19) -> 1 | K19: 0.9 | L19: =IFERROR(ROUND(K19*H19,0),"") -> 6 | N19: 0 | O19: =IFERROR(ROUND(N19*H19,0),"") -> 0 | Q19: 0.1 | R19: =IFERROR(ROUND(Q19*H19,0),"") -> 1 | T19: 0 | U19: =IFERROR(ROUND(T19*H19,0),"") -> 0
E20: 666511 | F20: TISS,PORCINE,KIDNEY BLOCK | G20: =VLOOKUP(E20,ModelsDemand_ToTissue!$D$42:$H$85,5,FALSE) -> 45 | H20: =IF(G20>0,ROUND(G20/$H$8,0),"") -> 4 | I20: =SUM(K20,N20,Q20,T20) -> 1 | K20: 1 | L20: =IFERROR(ROUND(K20*H20,0),"") -> 4 | N20: 0 | O20: =IFERROR(ROUND(N20*H20,0),"") -> 0 | Q20: 0 | R20: =IFERROR(ROUND(Q20*H20,0),"") -> 0 | T20: 0 | U20: =IFERROR(ROUND(T20*H20,0),"") -> 0
E21: 666513 | F21: TISS,PORCINE,LIVER WITH GALLBLADDER | G21: =VLOOKUP(E21,ModelsDemand_ToTissue!$D$42:$H$85,5,FALSE) -> 182 | H21: =IF(G21>0,ROUND(G21/$H$8,0),"") -> 15 | I21: =SUM(K21,N21,Q21,T21) -> 1 | K21: 0.3 | L21: =IFERROR(ROUND(K21*H21,0),"") -> 5 | N21: 0 | O21: =IFERROR(ROUND(N21*H21,0),"") -> 0 | Q21: 0.7 | R21: =IFERROR(ROUND(Q21*H21,0),"") -> 11 | T21: 0 | U21: =IFERROR(ROUND(T21*H21,0),"") -> 0
E22: 666516 | F22: TISS,PORCINE,OMENTUM | G22: =VLOOKUP(E22,ModelsDemand_ToTissue!$D$42:$H$85,5,FALSE) -> 303 | H22: =IF(G22>0,ROUND(G22/$H$8,0),"") -> 25 | I22: =SUM(K22,N22,Q22,T22) -> 1 | K22: 0.5 | L22: =IFERROR(ROUND(K22*H22,0),"") -> 13 | N22: 0 | O22: =IFERROR(ROUND(N22*H22,0),"") -> 0 | Q22: 0.5 | R22: =IFERROR(ROUND(Q22*H22,0),"") -> 13 | T22: 0 | U22: =IFERROR(ROUND(T22*H22,0),"") -> 0
E23: 666517 | F23: TISS,PORCINE,PANCREAS | G23: =VLOOKUP(E23,ModelsDemand_ToTissue!$D$42:$H$85,5,FALSE) -> 303 | H23: =IF(G23>0,ROUND(G23/$H$8,0),"") -> 25 | I23: =SUM(K23,N23,Q23,T23) -> 1 | K23: 0.69 | L23: =IFERROR(ROUND(K23*H23,0),"") -> 17 | N23: 0 | O23: =IFERROR(ROUND(N23*H23,0),"") -> 0 | Q23: 0.31 | R23: =IFERROR(ROUND(Q23*H23,0),"") -> 8 | T23: 0 | U23: =IFERROR(ROUND(T23*H23,0),"") -> 0
E24: 666518 | F24: TISS,PORCINE,FEM,PELVIC BLOCK,INTACT,SM | G24: =VLOOKUP(E24,ModelsDemand_ToTissue!$D$42:$H$85,5,FALSE) -> 0 | H24: =IF(G24>0,ROUND(G24/$H$8,0),"") | I24: =SUM(K24,N24,Q24,T24) -> 1 | K24: 0 | L24: =IFERROR(ROUND(K24*H24,0),"") | N24: 1 | O24: =IFERROR(ROUND(N24*H24,0),"") | Q24: 0 | R24: =IFERROR(ROUND(Q24*H24,0),"") | T24: 0 | U24: =IFERROR(ROUND(T24*H24,0),"")
... E35: 666545 | F35: TISS, Rectum | G35: =VLOOKUP(E35,ModelsDemand_ToTissue!$D$42:$H$85,5,FALSE) -> 158.5 | H35: =IF(G35>0,ROUND(G35/$H$8,0),"") -> 13 | I35: =SUM(K35,N35,Q35,T35) -> 1 | K35: 0 | L35: =IFERROR(ROUND(K35*H35,0),"") -> 0 | N35: 0 | O35: =IFERROR(ROUND(N35*H35,0),"") -> 0 | Q35: 1 | R35: =IFERROR(ROUND(Q35*H35,0),"") -> 13 | T35: 0 | U35: =IFERROR(ROUND(T35*H35,0),"") -> 0
E38: 666504 | F38: TISS,PORCINE,BELLY,LARGE | G38: =VLOOKUP(E38,ModelsDemand_ToTissue!$D$42:$H$85,5,FALSE) -> 700.5 | H38: =IF(G38>0,ROUND(G38/$H$8,0),"") -> 58
E39: 666512 | F39: TISS,PORCINE,LEAF FAT | G39: =VLOOKUP(E39,ModelsDemand_ToTissue!$D$42:$H$85,5,FALSE) -> 4246.5 | H39: =IF(G39>0,ROUND(G39/$H$8,0),"") -> 354
E40: 666534 | F40: TISS,PORCINE,BELLY,LARGE | G40: =VLOOKUP(E40,ModelsDemand_ToTissue!$D$42:$H$85,5,FALSE) -> #N/A
E46: 666357 | F46: S/A,TISS,BELLY,LARGE,PLANED | G46: =VLOOKUP(E46,ModelsDemand_ToTissue!$D$42:$H$85,5,FALSE) -> 2446 | H46: =IF(G46>0,ROUND(G46/$H$8,0),"") -> 204
E47: 666356 | F47: S/A,TISS,BELLY,PLANED,3/4IN | G47: =VLOOKUP(E47,ModelsDemand_ToTissue!$D$42:$H$85,5,FALSE) -> 975.8 | H47: =IF(G47>0,ROUND(G47/$H$8,0),"") -> 81
E48: 666371 | F48: S/A,TISS,BELLY,LARGE,MUSCLE SHELF | G48: =VLOOKUP(E48,ModelsDemand_ToTissue!$D$42:$H$85,5,FALSE) -> 303 | H48: =IF(G48>0,ROUND(G48/$H$8,0),"") -> 25
E49: 666360 | F49: S/A,TISS,LEAF FAT MEMBRANE | G49: =VLOOKUP(E49,ModelsDemand_ToTissue!$D$42:$H$85,5,FALSE) -> 75 | H49: =IF(G49>0,ROUND(G49/$H$8,0),"") -> 6
E50: 666363 | F50: S/A,TISS,LEAF FAT MEMBRANE,DYED | G50: =VLOOKUP(E50,ModelsDemand_ToTissue!$D$42:$H$85,5,FALSE) -> 952 | H50: =IF(G50>0,ROUND(G50/$H$8,0),"") -> 79
E51: 666372 | F51: S/A,TISS,BELLY,PLANED,SKINLESS,1/2IN | G51: =VLOOKUP(E51,ModelsDemand_ToTissue!$D$42:$H$85,5,FALSE) -> 168.5 | H51: =IF(G51>0,ROUND(G51/$H$8,0),"") -> 14
E52: 666362 | F52: S/A,TISS,LEAF FAT FAT,DYED | G52: =VLOOKUP(E52,ModelsDemand_ToTissue!$D$42:$H$85,5,FALSE) -> 760 | H52: =IF(G52>0,ROUND(G52/$H$8,0),"") -> 63
E53: 666361 | F53: S/A,TISS,SKIN | G53: =VLOOKUP(E53,ModelsDemand_ToTissue!$D$42:$H$85,5,FALSE) -> 117 | H53: =IF(G53>0,ROUND(G53/$H$8,0),"") -> 10
E54: 666433 | F54: S/A. TISS, LEAF FAT, INTACT, DYED | G54: =VLOOKUP(E54,ModelsDemand_ToTissue!$D$42:$H$85,5,FALSE) -> 1485 | H54: =IF(G54>0,ROUND(G54/$H$8,0),"") -> 124
E55: 666435 | F55: S/A. TISS, LEAF FAT, NON-INTACT, DYED | G55: =VLOOKUP(E55,ModelsDemand_ToTissue!$D$42:$H$85,5,FALSE) -> 1485 | H55: =IF(G55>0,ROUND(G55/$H$8,0),"") -> 124

Sheet Martins
C1: Martins Capacity Data
E2: *Figure out yields by parts, each part will have their own SPEC yield
E3: Sh Yield 2
E4: 0.9 | F4: *Each part/tissue should have its own yield
D5: Porks/Week | E5: SH Yield | F5: Harvesting Yield | G5: Freeze Thaw Yield
C6: T-max | D6: 2500 | E6: =D7/D6 -> 0.28 | F6: 1 | G6: 0.85
C7: Actual capacity (max recorded) | D7: 700
C8: Intuitive Load | E8: (Sum all pork equivalent parts from below)
C9: Other Demand | D9: 1500
C10: Labor utilization
C11: Freezer Utilization
D15: Constraint | E15: Labor | F15: Freezer Space | G15: Trips | H15: Pigs | I15: Space
H18: Quarter | J18: Quarter | K18: Weekly
E19: Labor (Mins) | F19: Freezer Volume | G19: Quality Yield Freeze/Thaw | H19: Q BP Tissues | I19: Allocation | J19: Weeks | K19: Tissues | L19: Pigs | M19: Pigs Consumed | N19: Labor Consumed | O19: Cube/Week consumed | P19: Spec yield | Q19: Harvesting Yield | S19: Code | T19: Weekly | U19: WkPigs | V19: WkLabor | W19: WkCube | Y19: Ordered and sorted by Weekly
C20: 666501 | D20: TISS,PORCINE,AORTA SEGMENTS | E20: =VLOOKUP($C20,'Yields-Labor-Cube'!$A$24:$P$48,3,FALSE) -> 1 | F20: =VLOOKUP($C20,'Yields-Labor-Cube'!$A$24:$P$48,4,FALSE) -> 0.05 | G20: =VLOOKUP($C20,'Yields-Labor-Cube'!$A$24:$P$48,15,FALSE) -> 0.95 | H20: =VLOOKUP($C20,ModelsDemand_ToTissue!$D$42:$H$78,5,0) -> 3131 | I20: =VLOOKUP(C20,SHAllocations!E13:V40,10,FALSE) -> 0.83 | J20: =SHAllocations!$H$8 -> 12 | K20: =ROUND(H20/J20*I20,0) -> 217 | L20: 1 | M20: =ROUND(K20*L20,0) -> 217 | N20: =E20*K20/(Q20*60) -> 3.8070175 | O20: =F20*K20 -> 10.85 | P20: =VLOOKUP(Martins!C20,'Yields-Labor-Cube'!$A$23:$I$47,6,FALSE) -> 0.99 | Q20: =VLOOKUP($C20,'Yields-Labor-Cube'!$A$24:$O$47,10,FALSE) -> 0.95 | S20: =C20 -> 666501 | T20: =K20 -> 217 | U20: =M20 -> 217 | V20: =N20 -> 3.8070175 | W20: =O20 -> 10.85 | Y20: {=_xlfn.SORTBY(S20:W42,T20:T42,-1)} -> 666501 | Z20: 217 | AA20: 217 | AB20: 3.8070175 | AC20: 10.85 | AD20: 10 seconds per bad part
C21: 666502 | D21: TISS,PORCINE,BARIATRIC BLOCK | E21: =VLOOKUP($C21,'Yields-Labor-Cube'!$A$24:$P$48,3,FALSE) -> 3.5 | F21: =VLOOKUP($C21,'Yields-Labor-Cube'!$A$24:$P$48,4,FALSE) -> 1.5 | G21: =VLOOKUP($C21,'Yields-Labor-Cube'!$A$24:$P$48,15,FALSE) -> 0.9 | H21: =VLOOKUP($C21,ModelsDemand_ToTissue!$D$42:$H$78,5,0) -> 1980 | I21: =VLOOKUP(C21,SHAllocations!E14:V41,10,FALSE) -> 0.76 | J21: =SHAllocations!$H$8 -> 12 | K21: =ROUND(H21/J21*I21,0) -> 125 | L21: 1 | M21: =ROUND(K21*L21,0) -> 125 | N21: =E21*K21/(Q21*60) -> 7.6754386 | O21: =F21*K21 -> 187.5 | P21: =VLOOKUP(Martins!C21,'Yields-Labor-Cube'!$A$23:$I$47,6,FALSE) -> 0.8 | Q21: =VLOOKUP($C21,'Yields-Labor-Cube'!$A$24:$O$47,10,FALSE) -> 0.95 | S21: =C21 -> 666502 | T21: =K21 -> 125 | U21: =M21 -> 125 | V21: =N21 -> 7.6754386 | W21: =O21 -> 187.5 | Y21: 666541 | Z21: 164 | AA21: 164 | AB21: 32.8 | AC21: 164
C22: 666505 | D22: TISS,PORCINE,LIVER | E22: =VLOOKUP($C22,'Yields-Labor-Cube'!$A$24:$P$48,3,FALSE) -> 1 | F22: =VLOOKUP($C22,'Yields-Labor-Cube'!$A$24:$P$48,4,FALSE) -> 0.2 | G22: =VLOOKUP($C22,'Yields-Labor-Cube'!$A$24:$P$48,15,FALSE) -> 0.95 | H22: =VLOOKUP($C22,ModelsDemand_ToTissue!$D$42:$H$78,5,0) -> 303 | I22: =VLOOKUP(C22,SHAllocations!E15:V42,10,FALSE) -> 0 | J22: =SHAllocations!$H$8 -> 12 | K22: =ROUND(H22/J22*I22,0) -> 0 | L22: 0.5 | M22: =ROUND(K22*L22,0) -> 0 | N22: =E22*K22/(Q22*60) -> 0 | O22: =F22*K22 -> 0 | P22: =VLOOKUP(Martins!C22,'Yields-Labor-Cube'!$A$23:$I$47,6,FALSE) -> 0.9 | Q22: =VLOOKUP($C22,'Yields-Labor-Cube'!$A$24:$O$47,10,FALSE) -> 0.95 | S22: =C22 -> 666505 | T22: =K22 -> 0 | U22: =M22 -> 0 | V22: =N22 -> 0 | W22: =O22 -> 0 | Y22: 666502 | Z22: 125 | AA22: 125 | AB22: 7.6754386 | AC22: 187.5
C23: 666506 | D23: TISS,PORCINE,PELVIC BLOCK | E23: =VLOOKUP($C23,'Yields-Labor-Cube'!$A$24:$P$48,3,FALSE) -> 3 | F23: =VLOOKUP($C23,'Yields-Labor-Cube'!$A$24:$P$48,4,FALSE) -> 1 | G23: =VLOOKUP($C23,'Yields-Labor-Cube'!$A$24:$P$48,15,FALSE) -> 0.85 | H23: =VLOOKUP($C23,ModelsDemand_ToTissue!$D$42:$H$78,5,0) -> 626 | I23: =VLOOKUP(C23,SHAllocations!E16:V43,10,FALSE) -> 1 | J23: =SHAllocations!$H$8 -> 12 | K23: =ROUND(H23/J23*I23,0) -> 52 | L23: 1 | M23: =ROUND(K23*L23,0) -> 52 | N23: =E23*K23/(Q23*60) -> 10.4 | O23: =F23*K23 -> 52 | P23: =VLOOKUP(Martins!C23,'Yields-Labor-Cube'!$A$23:$I$47,6,FALSE) -> 0.45 | Q23: =VLOOKUP($C23,'Yields-Labor-Cube'!$A$24:$O$47,10,FALSE) -> 0.25 | S23: =C23 -> 666506 | T23: =K23 -> 52 | U23: =M23 -> 52 | V23: =N23 -> 10.4 | W23: =O23 -> 52 | Y23: 666522 | Z23: 86 | AA23: 43 | AB23: 0.84313725 | AC23: 8.6
C24: 666507 | D24: TISS,PORCINE,FULL THOR AND BARI BLOCK | E24: =VLOOKUP($C24,'Yields-Labor-Cube'!$A$24:$P$48,3,FALSE) -> 5 | F24: =VLOOKUP($C24,'Yields-Labor-Cube'!$A$24:$P$48,4,FALSE) -> 1.8 | G24: =VLOOKUP($C24,'Yields-Labor-Cube'!$A$24:$P$48,15,FALSE) -> 0.9 | H24: =VLOOKUP($C24,ModelsDemand_ToTissue!$D$42:$H$78,5,0) -> 99 | I24: =VLOOKUP(C24,SHAllocations!E17:V44,10,FALSE) -> 0 | J24: =SHAllocations!$H$8 -> 12 | K24: =ROUND(H24/J24*I24,0) -> 0 | L24: 1 | M24: =ROUND(K24*L24,0) -> 0 | N24: =E24*K24/(Q24*60) -> 0 | O24: =F24*K24 -> 0 | P24: =VLOOKUP(Martins!C24,'Yields-Labor-Cube'!$A$23:$I$47,6,FALSE) -> 0.8 | Q24: =VLOOKUP($C24,'Yields-Labor-Cube'!$A$24:$O$47,10,FALSE) -> 0.95 | S24: =C24 -> 666507 | T24: =K24 -> 0 | U24: =M24 -> 0 | V24: =N24 -> 0 | W24: =O24 -> 0 | Y24: 666506 | Z24: 52 | AA24: 52 | AB24: 10.4 | AC24: 52
C25: 666509 | D25: TISS,PORCINE,JEJUNUM,6FT | E25: =VLOOKUP($C25,'Yields-Labor-Cube'!$A$24:$P$48,3,FALSE) -> 4 | F25: =VLOOKUP($C25,'Yields-Labor-Cube'!$A$24:$P$48,4,FALSE) -> 0.5 | G25: =VLOOKUP($C25,'Yields-Labor-Cube'!$A$24:$P$48,15,FALSE) -> 0.85 | H25: =VLOOKUP($C25,ModelsDemand_ToTissue!$D$42:$H$78,5,0) -> 402 | I25: =VLOOKUP(C25,SHAllocations!E18:V45,10,FALSE) -> 0 | J25: =SHAllocations!$H$8 -> 12 | K25: =ROUND(H25/J25*I25,0) -> 0 | L25: 0.5 | M25: =ROUND(K25*L25,0) -> 0 | N25: =E25*K25/(Q25*60) -> 0 | O25: =F25*K25 -> 0 | P25: =VLOOKUP(Martins!C25,'Yields-Labor-Cube'!$A$23:$I$47,6,FALSE) -> 0.95 | Q25: =VLOOKUP($C25,'Yields-Labor-Cube'!$A$24:$O$47,10,FALSE) -> 0.95 | S25: =C25 -> 666509 | T25: =K25 -> 0 | U25: =M25 -> 0 | V25: =N25 -> 0 | W25: =O25 -> 0 | Y25: 666505 | Z25: 0 | AA25: 0 | AB25: 0 | AC25: 0
C26: 666510 | D26: TISS,PORCINE,JEJUNUM (3FT) | E26: =VLOOKUP($C26,'Yields-Labor-Cube'!$A$24:$P$48,3,FALSE) -> 4 | F26: =VLOOKUP($C26,'Yields-Labor-Cube'!$A$24:$P$48,4,FALSE) -> 0.3 | G26: =VLOOKUP($C26,'Yields-Labor-Cube'!$A$24:$P$48,15,FALSE) -> 0.85 | H26: =VLOOKUP($C26,ModelsDemand_ToTissue!$D$42:$H$78,5,0) -> 88 | I26: =VLOOKUP(C26,SHAllocations!E19:V46,10,FALSE) -> 0 | J26: =SHAllocations!$H$8 -> 12 | K26: =ROUND(H26/J26*I26,0) -> 0 | L26: 0.5 | M26: =ROUND(K26*L26,0) -> 0 | N26: =E26*K26/(Q26*60) -> 0 | O26: =F26*K26 -> 0 | P26: =VLOOKUP(Martins!C26,'Yields-Labor-Cube'!$A$23:$I$47,6,FALSE) -> 0.95 | Q26: =VLOOKUP($C26,'Yields-Labor-Cube'!$A$24:$O$47,10,FALSE) -> 0.95 | S26: =C26 -> 666510 | T26: =K26 -> 0 | U26: =M26 -> 0 | V26: =N26 -> 0 | W26: =O26 -> 0 | Y26: 666507 | Z26: 0 | AA26: 0 | AB26: 0 | AC26: 0
C27: 666511 | D27: TISS,PORCINE,KIDNEY BLOCK | E27: =VLOOKUP($C27,'Yields-Labor-Cube'!$A$24:$P$48,3,FALSE) -> 1 | F27: =VLOOKUP($C27,'Yields-Labor-Cube'!$A$24:$P$48,4,FALSE) -> 0.5 | G27: =VLOOKUP($C27,'Yields-Labor-Cube'!$A$24:$P$48,15,FALSE) -> 0.8 | H27: =VLOOKUP($C27,ModelsDemand_ToTissue!$D$42:$H$78,5,0) -> 45 | I27: =VLOOKUP(C27,SHAllocations!E20:V47,10,FALSE) -> 0 | J27: =SHAllocations!$H$8 -> 12 | K27: =ROUND(H27/J27*I27,0) -> 0 | L27: 0.5 | M27: =ROUND(K27*L27,0) -> 0 | N27: =E27*K27/(Q27*60) -> 0 | O27: =F27*K27 -> 0 | P27: =VLOOKUP(Martins!C27,'Yields-Labor-Cube'!$A$23:$I$47,6,FALSE) -> 0.9 | Q27: =VLOOKUP($C27,'Yields-Labor-Cube'!$A$24:$O$47,10,FALSE) -> 0.95 | S27: =C27 -> 666511 | T27: =K27 -> 0 | U27: =M27 -> 0 | V27: =N27 -> 0 | W27: =O27 -> 0 | Y27: 666509 | Z27: 0 | AA27: 0 | AB27: 0 | AC27: 0
C28: 666513 | D28: TISS,PORCINE,LIVER WITH GALLBLADDER | E28: =VLOOKUP($C28,'Yields-Labor-Cube'!$A$24:$P$48,3,FALSE) -> 1 | F28: =VLOOKUP($C28,'Yields-Labor-Cube'!$A$24:$P$48,4,FALSE) -> 0.5 | G28: =VLOOKUP($C28,'Yields-Labor-Cube'!$A$24:$P$48,15,FALSE) -> 0.85 | H28: =VLOOKUP($C28,ModelsDemand_ToTissue!$D$42:$H$78,5,0) -> 182 | I28: =VLOOKUP(C28,SHAllocations!E21:V48,10,FALSE) -> 0 | J28: =SHAllocations!$H$8 -> 12 | K28: =ROUND(H28/J28*I28,0) -> 0 | L28: 1 | M28: =ROUND(K28*L28,0) -> 0 | N28: =E28*K28/(Q28*60) -> 0 | O28: =F28*K28 -> 0 | P28: =VLOOKUP(Martins!C28,'Yields-Labor-Cube'!$A$23:$I$47,6,FALSE) -> 0.9 | Q28: =VLOOKUP($C28,'Yields-Labor-Cube'!$A$24:$O$47,10,FALSE) -> 0.95 | S28: =C28 -> 666513 | T28: =K28 -> 0 | U28: =M28 -> 0 | V28: =N28 -> 0 | W28: =O28 -> 0 | Y28: 666510 | Z28: 0 | AA28: 0 | AB28: 0 | AC28: 0
C29: 666516 | D29: TISS,PORCINE,OMENTUM | E29: =VLOOKUP($C29,'Yields-Labor-Cube'!$A$24:$P$48,3,FALSE) -> 1 | F29: =VLOOKUP($C29,'Yields-Labor-Cube'!$A$24:$P$48,4,FALSE) -> 0.1 | G29: =VLOOKUP($C29,'Yields-Labor-Cube'!$A$24:$P$48,15,FALSE) -> 0.8 | H29: =VLOOKUP($C29,ModelsDemand_ToTissue!$D$42:$H$78,5,0) -> 303 | I29: =VLOOKUP(C29,SHAllocations!E22:V49,10,FALSE) -> 0 | J29: =SHAllocations!$H$8 -> 12 | K29: =ROUND(H29/J29*I29,0) -> 0 | L29: 1 | M29: =ROUND(K29*L29,0) -> 0 | N29: =E29*K29/(Q29*60) -> 0 | O29: =F29*K29 -> 0 | P29: =VLOOKUP(Martins!C29,'Yields-Labor-Cube'!$A$23:$I$47,6,FALSE) -> 0.9 | Q29: =VLOOKUP($C29,'Yields-Labor-Cube'!$A$24:$O$47,10,FALSE) -> 0.95 | S29: =C29 -> 666516 | T29: =K29 -> 0 | U29: =M29 -> 0 | V29: =N29 -> 0 | W29: =O29 -> 0 | Y29: 666511 | Z29: 0 | AA29: 0 | AB29: 0 | AC29: 0
C30: 666517 | D30: TISS,PORCINE,PANCREAS | E30: =VLOOKUP($C30,'Yields-Labor-Cube'!$A$24:$P$48,3,FALSE) -> 1 | F30: =VLOOKUP($C30,'Yields-Labor-Cube'!$A$24:$P$48,4,FALSE) -> 0.2 | G30: =VLOOKUP($C30,'Yields-Labor-Cube'!$A$24:$P$48,15,FALSE) -> 0.8 | H30: =VLOOKUP($C30,ModelsDemand_ToTissue!$D$42:$H$78,5,0) -> 303 | I30: =VLOOKUP(C30,SHAllocations!E23:V50,10,FALSE) -> 0 | J30: =SHAllocations!$H$8 -> 12 | K30: =ROUND(H30/J30*I30,0) -> 0 | L30: 1 | M30: =ROUND(K30*L30,0) -> 0 | N30: =E30*K30/(Q30*60) -> 0 | O30: =F30*K30 -> 0 | P30: =VLOOKUP(Martins!C30,'Yields-Labor-Cube'!$A$23:$I$47,6,FALSE) -> 0.9 | Q30: =VLOOKUP($C30,'Yields-Labor-Cube'!$A$24:$O$47,10,FALSE) -> 0.95 | S30: =C30 -> 666517 | T30: =K30 -> 0 | U30: =M30 -> 0 | V30: =N30 -> 0 | W30: =O30 -> 0 | Y30: 666513 | Z30: 0 | AA30: 0 | AB30: 0 | AC30: 0
C31: 666518 | D31: TISS,PORCINE,FEM,PELVIC BLOCK,INTACT,SM | E31: =VLOOKUP($C31,'Yields-Labor-Cube'!$A$24:$P$48,3,FALSE) -> 3 | F31: =VLOOKUP($C31,'Yields-Labor-Cube'!$A$24:$P$48,4,FALSE) -> 1 | G31: =VLOOKUP($C31,'Yields-Labor-Cube'!$A$24:$P$48,15,FALSE) -> 0.85 | H31: =VLOOKUP($C31,ModelsDemand_ToTissue!$D$42:$H$78,5,0) -> 0 | I31: =VLOOKUP(C31,SHAllocations!E24:V51,10,FALSE) -> 1 | J31: =SHAllocations!$H$8 -> 12 | K31: =ROUND(H31/J31*I31,0) -> 0 | L31: 1 | M31: =ROUND(K31*L31,0) -> 0 | N31: =E31*K31/(Q31*60) -> 0 | O31: =F31*K31 -> 0 | P31: =VLOOKUP(Martins!C31,'Yields-Labor-Cube'!$A$23:$I$47,6,FALSE) -> 0.45 | Q31: =VLOOKUP($C31,'Yields-Labor-Cube'!$A$24:$O$47,10,FALSE) -> 0.25 | S31: =C31 -> 666518 | T31: =K31 -> 0 | U31: =M31 -> 0 | V31: =N31 -> 0 | W31: =O31 -> 0 | Y31: 666516 | Z31: 0 | AA31: 0 | AB31: 0 | AC31: 0
C32: 666519 | D32: TISS,PORCINE,SPLEEN | E32: =VLOOKUP($C32,'Yields-Labor-Cube'!$A$24:$P$48,3,FALSE) -> 1 | F32: =VLOOKUP($C32,'Yields-Labor-Cube'!$A$24:$P$48,4,FALSE) -> 0.5 | G32: =VLOOKUP($C32,'Yields-Labor-Cube'!$A$24:$P$48,15,FALSE) -> 0.95 | H32: =VLOOKUP($C32,ModelsDemand_ToTissue!$D$42:$H$78,5,0) -> 303 | I32: =VLOOKUP(C32,SHAllocations!E25:V52,10,FALSE) -> 0 | J32: =SHAllocations!$H$8 -> 12 | K32: =ROUND(H32/J32*I32,0) -> 0 | L32: 1 | M32: =ROUND(K32*L32,0) -> 0 | N32: =E32*K32/(Q32*60) -> 0 | O32: =F32*K32 -> 0 | P32: =VLOOKUP(Martins!C32,'Yields-Labor-Cube'!$A$23:$I$47,6,FALSE) -> 0.99 | Q32: =VLOOKUP($C32,'Yields-Labor-Cube'!$A$24:$O$47,10,FALSE) -> 0.95 | S32: =C32 -> 666519 | T32: =K32 -> 0 | U32: =M32 -> 0 | V32: =N32 -> 0 | W32: =O32 -> 0 | Y32: 666517 | Z32: 0 | AA32: 0 | AB32: 0 | AC32: 0
... C42: 666545 | D42: TISS, Rectum | E42: =VLOOKUP($C42,'Yields-Labor-Cube'!$A$24:$P$48,3,FALSE) -> 3 | F42: =VLOOKUP($C42,'Yields-Labor-Cube'!$A$24:$P$48,4,FALSE) -> 0.1 | G42: =VLOOKUP($C42,'Yields-Labor-Cube'!$A$24:$P$48,15,FALSE) -> 0.95 | H42: =VLOOKUP($C42,ModelsDemand_ToTissue!$D$42:$H$78,5,0) -> 158.5 | I42: =VLOOKUP(C42,SHAllocations!E35:V62,10,FALSE) -> 0 | J42: =SHAllocations!$H$8 -> 12 | K42: =ROUND(H42/J42*I42,0) -> 0 | L42: 1 | M42: =ROUND(K42*L42,0) -> 0 | N42: =E42*K42/(Q42*60) -> 0 | O42: =F42*K42 -> 0 | P42: =VLOOKUP(Martins!C42,'Yields-Labor-Cube'!$A$23:$I$47,6,FALSE) -> 0.95 | Q42: =VLOOKUP($C42,'Yields-Labor-Cube'!$A$24:$O$47,10,FALSE) -> 0.95 | S42: =C42 -> 666545 | T42: =K42 -> 0 | U42: =M42 -> 0 | V42: =N42 -> 0 | W42: =O42 -> 0 | Y42: 666545 | Z42: 0 | AA42: 0 | AB42: 0 | AC42: 0
M44: =SUM(M20:M42) -> 601 | N44: =SUM(N20:N40) -> 55.525593 | O44: =SUM(O20:O40) -> 422.95
L45: Fixed Labor:
L46: Pigs/week | M46: =D7 -> 700
L47: Labor cap | N47: ='Old2'!P81*5 -> 42.525
K48: Manning | L48: Freezers | O48: =K71*L66 -> 240
L49: Trips | O49: 2
L50: Freezer cube t | O50: =O48*O49 -> 480
J51: Non productive | L51: Total: | M51: =M44/M46 -> 0.85857143 | N51: =N45/N47 -> 0 | O51: =O44/O50 -> 0.88114583
N52: Uptime
L53: Labor Availability | M53: Daily Available Hours | N53: Productivity | O53: Quality Yield % | P53: Headcount
O54: Already yielded by type
L56: =(M56-1)*N56*O56*P56 -> 10.8 | M56: 10 | N56: 0.75 | O56: =$F$6 -> 1 | P56: =O63 -> 1.6
L57: =(M57-1)*N57*O57*P57 -> 9.6 | M57: 9 | N57: 0.75 | O57: =$F$6 -> 1 | P57: =O63 -> 1.6
J58: Minus 1: Travel, start time | L58: =(M58-1)*N58*O58*P58 -> 7.2 | M58: 5.5 | N58: 1 | O58: =$F$6 -> 1 | P58: =O63 -> 1.6
M59: Because of labor Gap at Martins
J60: M | K60: T | L60: W | M60: Th | N60: F
I61: Nahunta | J61: 1 | L61: 1 | M61: 1 | N61: 1 | O61: =SUM(J61:N61)/COUNT(J61:N61) -> 1
I62: Custom | J62: 1 | K62: 1 | M62: 1 | O62: =SUM(J62:N62)/COUNT(J62:N62) -> 1
I63: Martin | J63: 1 | K63: 2 | L63: 2 | M63: 1 | N63: 2 | O63: =SUM(J63:N63)/COUNT(J63:N63) -> 1.6
I64: Total | J64: =SUM(J61:J63) -> 3 | K64: =SUM(K61:K63) -> 3 | L64: =SUM(L61:L63) -> 3 | M64: =SUM(M61:M63) -> 3 | N64: =SUM(N61:N63) -> 3 | O64: =SUM(J64:N64)/COUNT(J64:N64) -> 3
K66: Total: | L66: =L68*L67 -> 80
J67: Pelvics | K67: Per shelf | L67: 20
K68: Shelf | L68: 4
J69: Days: | K69: #Coolers | L69: Cap | M69: Total
I70: Nahunta | J70: 4 | K70: 3 | L70: =$V$9 -> 0 | M70: =K70*L70 -> 0
I71: Martin | J71: 5 | K71: 3 | L71: =$V$9 -> 0 | M71: =K71*L71 -> 0
I72: Custom | J72: 2 | K72: 1 | L72: =$V$9 -> 0 | M72: =K72*L72 -> 0

Sheet Nahunta
C1: Nahunta
E3: SH Yield 2
E4: 0.9
D5: Porks/Week | E5: SH Yield | F5: Harvesting Yield | G5: Freeze Thaw Yield
C6: T-max | D6: 250 | E6: =D7/D6 -> 0.64 | F6: 1 | G6: 0.85
C7: Actual capacity (max recorded) | D7: 160
C8: Intuitive Load | E8: (Sum all pork equivalent parts from below)
C9: Other Demand
C10: Labor utilization
C11: Freezer Utilization
H13: 6 | N13: 12
D15: Constraint | E15: Labor | F15: Freezer Space | G15: Trips | H15: Pigs | I15: Space
H18: Quarter | J18: Quarter | K18: Weekly
E19: Labor (Mins) | F19: Freezer Volume | G19: Quality Yield Freeze/Thaw | H19: Q BP Tissues | I19: Allocation | J19: Weeks | K19: Tissues | L19: Pigs | M19: Pigs Consumed | N19: Labor Consumed | O19: Cube/Week consumed | P19: Spec yield | Q19: Harvesting Yield | S19: Code | T19: Weekly | U19: WkPigs | V19: WkLabor | W19: WkCube | Y19: Ordered and sorted by Weekly
C20: 666501 | D20: TISS,PORCINE,AORTA SEGMENTS | E20: =VLOOKUP($C20,'Yields-Labor-Cube'!$A$24:$P$48,3,FALSE) -> 1 | F20: =VLOOKUP($C20,'Yields-Labor-Cube'!$A$24:$P$48,4,FALSE) -> 0.05 | G20: =VLOOKUP($C20,'Yields-Labor-Cube'!$A$24:$P$48,15,FALSE) -> 0.95 | H20: =VLOOKUP($C20,ModelsDemand_ToTissue!$D$42:$H$78,5,0) -> 3131 | I20: =VLOOKUP(C20,SHAllocations!E13:V40,7,FALSE) -> 0.09 | J20: =SHAllocations!$H$8 -> 12 | K20: =ROUND(H20/J20*I20,0) -> 23 | L20: 1 | M20: =ROUND(K20*L20,0) -> 23 | N20: =E20*K20/(Q20*60) -> 0.40350877 | O20: =F20*K20 -> 1.15 | P20: =VLOOKUP(C20,'Yields-Labor-Cube'!$A$23:$I$47,7,FALSE) -> 0.99 | Q20: =VLOOKUP($C20,'Yields-Labor-Cube'!$A$24:$O$47,11,FALSE) -> 0.95 | S20: =C20 -> 666501 | T20: =K20 -> 23 | U20: =M20 -> 23 | V20: =N20 -> 0.40350877 | W20: =O20 -> 1.15 | Y20: {=_xlfn.SORTBY(S20:W42,T20:T42,-1)} -> 666522 | Z20: 57 | AA20: 29 | AB20: 0.55882353 | AC20: 5.7
C21: 666502 | D21: TISS,PORCINE,BARIATRIC BLOCK | E21: =VLOOKUP($C21,'Yields-Labor-Cube'!$A$24:$P$48,3,FALSE) -> 3.5 | F21: =VLOOKUP($C21,'Yields-Labor-Cube'!$A$24:$P$48,4,FALSE) -> 1.5 | G21: =VLOOKUP($C21,'Yields-Labor-Cube'!$A$24:$P$48,15,FALSE) -> 0.9 | H21: =VLOOKUP($C21,ModelsDemand_ToTissue!$D$42:$H$78,5,0) -> 1980 | I21: =VLOOKUP(C21,SHAllocations!E14:V41,7,FALSE) -> 0 | J21: =SHAllocations!$H$8 -> 12 | K21: =ROUND(H21/J21*I21,0) -> 0 | L21: 1 | M21: =ROUND(K21*L21,0) -> 0 | N21: =E21*K21/(Q21*60) -> 0 | O21: =F21*K21 -> 0 | P21: =VLOOKUP(C21,'Yields-Labor-Cube'!$A$23:$I$47,7,FALSE) -> 0.9 | Q21: =VLOOKUP($C21,'Yields-Labor-Cube'!$A$24:$O$47,11,FALSE) -> 0.95 | S21: =C21 -> 666502 | T21: =K21 -> 0 | U21: =M21 -> 0 | V21: =N21 -> 0 | W21: =O21 -> 0 | Y21: 666509 | Z21: 32 | AA21: 16 | AB21: 2.245614 | AC21: 16
C22: 666505 | D22: TISS,PORCINE,LIVER | E22: =VLOOKUP($C22,'Yields-Labor-Cube'!$A$24:$P$48,3,FALSE) -> 1 | F22: =VLOOKUP($C22,'Yields-Labor-Cube'!$A$24:$P$48,4,FALSE) -> 0.2 | G22: =VLOOKUP($C22,'Yields-Labor-Cube'!$A$24:$P$48,15,FALSE) -> 0.95 | H22: =VLOOKUP($C22,ModelsDemand_ToTissue!$D$42:$H$78,5,0) -> 303 | I22: =VLOOKUP(C22,SHAllocations!E15:V42,7,FALSE) -> 0.32 | J22: =SHAllocations!$H$8 -> 12 | K22: =ROUND(H22/J22*I22,0) -> 8 | L22: 0.5 | M22: =ROUND(K22*L22,0) -> 4 | N22: =E22*K22/(Q22*60) -> 0.14035088 | O22: =F22*K22 -> 1.6 | P22: =VLOOKUP(C22,'Yields-Labor-Cube'!$A$23:$I$47,7,FALSE) -> 0.9 | Q22: =VLOOKUP($C22,'Yields-Labor-Cube'!$A$24:$O$47,11,FALSE) -> 0.95 | S22: =C22 -> 666505 | T22: =K22 -> 8 | U22: =M22 -> 4 | V22: =N22 -> 0.14035088 | W22: =O22 -> 1.6 | Y22: 666501 | Z22: 23 | AA22: 23 | AB22: 0.40350877 | AC22: 1.15
C23: 666506 | D23: TISS,PORCINE,PELVIC BLOCK | E23: =VLOOKUP($C23,'Yields-Labor-Cube'!$A$24:$P$48,3,FALSE) -> 3 | F23: =VLOOKUP($C23,'Yields-Labor-Cube'!$A$24:$P$48,4,FALSE) -> 1 | G23: =VLOOKUP($C23,'Yields-Labor-Cube'!$A$24:$P$48,15,FALSE) -> 0.85 | H23: =VLOOKUP($C23,ModelsDemand_ToTissue!$D$42:$H$78,5,0) -> 626 | I23: =VLOOKUP(C23,SHAllocations!E16:V43,7,FALSE) -> 0 | J23: =SHAllocations!$H$8 -> 12 | K23: =ROUND(H23/J23*I23,0) -> 0 | L23: 1 | M23: =ROUND(K23*L23,0) -> 0 | N23: =E23*K23/(Q23*60) -> 0 | O23: =F23*K23 -> 0 | P23: =VLOOKUP(C23,'Yields-Labor-Cube'!$A$23:$I$47,7,FALSE) -> 0.06 | Q23: =VLOOKUP($C23,'Yields-Labor-Cube'!$A$24:$O$47,11,FALSE) -> 0.25 | S23: =C23 -> 666506 | T23: =K23 -> 0 | U23: =M23 -> 0 | V23: =N23 -> 0 | W23: =O23 -> 0 | Y23: 666521 | Z23: 21 | AA23: 21 | AB23: 1.75 | AC23: 37.8
C24: 666507 | D24: TISS,PORCINE,FULL THOR AND BARI BLOCK | E24: =VLOOKUP($C24,'Yields-Labor-Cube'!$A$24:$P$48,3,FALSE) -> 5 | F24: =VLOOKUP($C24,'Yields-Labor-Cube'!$A$24:$P$48,4,FALSE) -> 1.8 | G24: =VLOOKUP($C24,'Yields-Labor-Cube'!$A$24:$P$48,15,FALSE) -> 0.9 | H24: =VLOOKUP($C24,ModelsDemand_ToTissue!$D$42:$H$78,5,0) -> 99 | I24: =VLOOKUP(C24,SHAllocations!E17:V44,7,FALSE) -> 1 | J24: =SHAllocations!$H$8 -> 12 | K24: =ROUND(H24/J24*I24,0) -> 8 | L24: 1 | M24: =ROUND(K24*L24,0) -> 8 | N24: =E24*K24/(Q24*60) -> 0.70175439 | O24: =F24*K24 -> 14.4 | P24: =VLOOKUP(C24,'Yields-Labor-Cube'!$A$23:$I$47,7,FALSE) -> 0.6 | Q24: =VLOOKUP($C24,'Yields-Labor-Cube'!$A$24:$O$47,11,FALSE) -> 0.95 | S24: =C24 -> 666507 | T24: =K24 -> 8 | U24: =M24 -> 8 | V24: =N24 -> 0.70175439 | W24: =O24 -> 14.4 | Y24: 666517 | Z24: 17 | AA24: 17 | AB24: 0.29824561 | AC24: 3.4
C25: 666509 | D25: TISS,PORCINE,JEJUNUM,6FT | E25: =VLOOKUP($C25,'Yields-Labor-Cube'!$A$24:$P$48,3,FALSE) -> 4 | F25: =VLOOKUP($C25,'Yields-Labor-Cube'!$A$24:$P$48,4,FALSE) -> 0.5 | G25: =VLOOKUP($C25,'Yields-Labor-Cube'!$A$24:$P$48,15,FALSE) -> 0.85 | H25: =VLOOKUP($C25,ModelsDemand_ToTissue!$D$42:$H$78,5,0) -> 402 | I25: =VLOOKUP(C25,SHAllocations!E18:V45,7,FALSE) -> 0.95 | J25: =SHAllocations!$H$8 -> 12 | K25: =ROUND(H25/J25*I25,0) -> 32 | L25: 0.5 | M25: =ROUND(K25*L25,0) -> 16 | N25: =E25*K25/(Q25*60) -> 2.245614 | O25: =F25*K25 -> 16 | P25: =VLOOKUP(C25,'Yields-Labor-Cube'!$A$23:$I$47,7,FALSE) -> 0.95 | Q25: =VLOOKUP($C25,'Yields-Labor-Cube'!$A$24:$O$47,11,FALSE) -> 0.95 | S25: =C25 -> 666509 | T25: =K25 -> 32 | U25: =M25 -> 16 | V25: =N25 -> 2.245614 | W25: =O25 -> 16 | Y25: 666516 | Z25: 13 | AA25: 13 | AB25: 0.22807018 | AC25: 1.3
C26: 666510 | D26: TISS,PORCINE,JEJUNUM (3FT) | E26: =VLOOKUP($C26,'Yields-Labor-Cube'!$A$24:$P$48,3,FALSE) -> 4 | F26: =VLOOKUP($C26,'Yields-Labor-Cube'!$A$24:$P$48,4,FALSE) -> 0.3 | G26: =VLOOKUP($C26,'Yields-Labor-Cube'!$A$24:$P$48,15,FALSE) -> 0.85 | H26: =VLOOKUP($C26,ModelsDemand_ToTissue!$D$42:$H$78,5,0) -> 88 | I26: =VLOOKUP(C26,SHAllocations!E19:V46,7,FALSE) -> 0.9 | J26: =SHAllocations!$H$8 -> 12 | K26: =ROUND(H26/J26*I26,0) -> 7 | L26: 0.5 | M26: =ROUND(K26*L26,0) -> 4 | N26: =E26*K26/(Q26*60) -> 0.49122807 | O26: =F26*K26 -> 2.1 | P26: =VLOOKUP(C26,'Yields-Labor-Cube'!$A$23:$I$47,7,FALSE) -> 0.95 | Q26: =VLOOKUP($C26,'Yields-Labor-Cube'!$A$24:$O$47,11,FALSE) -> 0.95 | S26: =C26 -> 666510 | T26: =K26 -> 7 | U26: =M26 -> 4 | V26: =N26 -> 0.49122807 | W26: =O26 -> 2.1 | Y26: 666519 | Z26: 13 | AA26: 13 | AB26: 0.22807018 | AC26: 6.5
C27: 666511 | D27: TISS,PORCINE,KIDNEY BLOCK | E27: =VLOOKUP($C27,'Yields-Labor-Cube'!$A$24:$P$48,3,FALSE) -> 1 | F27: =VLOOKUP($C27,'Yields-Labor-Cube'!$A$24:$P$48,4,FALSE) -> 0.5 | G27: =VLOOKUP($C27,'Yields-Labor-Cube'!$A$24:$P$48,15,FALSE) -> 0.8 | H27: =VLOOKUP($C27,ModelsDemand_ToTissue!$D$42:$H$78,5,0) -> 45 | I27: =VLOOKUP(C27,SHAllocations!E20:V47,7,FALSE) -> 1 | J27: =SHAllocations!$H$8 -> 12 | K27: =ROUND(H27/J27*I27,0) -> 4 | L27: 0.5 | M27: =ROUND(K27*L27,0) -> 2 | N27: =E27*K27/(Q27*60) -> 0.070175439 | O27: =F27*K27 -> 2 | P27: =VLOOKUP(C27,'Yields-Labor-Cube'!$A$23:$I$47,7,FALSE) -> 0.9 | Q27: =VLOOKUP($C27,'Yields-Labor-Cube'!$A$24:$O$47,11,FALSE) -> 0.95 | S27: =C27 -> 666511 | T27: =K27 -> 4 | U27: =M27 -> 2 | V27: =N27 -> 0.070175439 | W27: =O27 -> 2 | Y27: 666505 | Z27: 8 | AA27: 4 | AB27: 0.14035088 | AC27: 1.6
C28: 666513 | D28: TISS,PORCINE,LIVER WITH GALLBLADDER | E28: =VLOOKUP($C28,'Yields-Labor-Cube'!$A$24:$P$48,3,FALSE) -> 1 | F28: =VLOOKUP($C28,'Yields-Labor-Cube'!$A$24:$P$48,4,FALSE) -> 0.5 | G28: =VLOOKUP($C28,'Yields-Labor-Cube'!$A$24:$P$48,15,FALSE) -> 0.85 | H28: =VLOOKUP($C28,ModelsDemand_ToTissue!$D$42:$H$78,5,0) -> 182 | I28: =VLOOKUP(C28,SHAllocations!E21:V48,7,FALSE) -> 0.3 | J28: =SHAllocations!$H$8 -> 12 | K28: =ROUND(H28/J28*I28,0) -> 5 | L28: 1 | M28: =ROUND(K28*L28,0) -> 5 | N28: =E28*K28/(Q28*60) -> 0.087719298 | O28: =F28*K28 -> 2.5 | P28: =VLOOKUP(C28,'Yields-Labor-Cube'!$A$23:$I$47,7,FALSE) -> 0.9 | Q28: =VLOOKUP($C28,'Yields-Labor-Cube'!$A$24:$O$47,11,FALSE) -> 0.95 | S28: =C28 -> 666513 | T28: =K28 -> 5 | U28: =M28 -> 5 | V28: =N28 -> 0.087719298 | W28: =O28 -> 2.5 | Y28: 666507 | Z28: 8 | AA28: 8 | AB28: 0.70175439 | AC28: 14.4
C29: 666516 | D29: TISS,PORCINE,OMENTUM | E29: =VLOOKUP($C29,'Yields-Labor-Cube'!$A$24:$P$48,3,FALSE) -> 1 | F29: =VLOOKUP($C29,'Yields-Labor-Cube'!$A$24:$P$48,4,FALSE) -> 0.1 | G29: =VLOOKUP($C29,'Yields-Labor-Cube'!$A$24:$P$48,15,FALSE) -> 0.8 | H29: =VLOOKUP($C29,ModelsDemand_ToTissue!$D$42:$H$78,5,0) -> 303 | I29: =VLOOKUP(C29,SHAllocations!E22:V49,7,FALSE) -> 0.5 | J29: =SHAllocations!$H$8 -> 12 | K29: =ROUND(H29/J29*I29,0) -> 13 | L29: 1 | M29: =ROUND(K29*L29,0) -> 13 | N29: =E29*K29/(Q29*60) -> 0.22807018 | O29: =F29*K29 -> 1.3 | P29: =VLOOKUP(C29,'Yields-Labor-Cube'!$A$23:$I$47,7,FALSE) -> 0.9 | Q29: =VLOOKUP($C29,'Yields-Labor-Cube'!$A$24:$O$47,11,FALSE) -> 0.95 | S29: =C29 -> 666516 | T29: =K29 -> 13 | U29: =M29 -> 13 | V29: =N29 -> 0.22807018 | W29: =O29 -> 1.3 | Y29: 666510 | Z29: 7 | AA29: 4 | AB29: 0.49122807 | AC29: 2.1
C30: 666517 | D30: TISS,PORCINE,PANCREAS | E30: =VLOOKUP($C30,'Yields-Labor-Cube'!$A$24:$P$48,3,FALSE) -> 1 | F30: =VLOOKUP($C30,'Yields-Labor-Cube'!$A$24:$P$48,4,FALSE) -> 0.2 | G30: =VLOOKUP($C30,'Yields-Labor-Cube'!$A$24:$P$48,15,FALSE) -> 0.8 | H30: =VLOOKUP($C30,ModelsDemand_ToTissue!$D$42:$H$78,5,0) -> 303 | I30: =VLOOKUP(C30,SHAllocations!E23:V50,7,FALSE) -> 0.69 | J30: =SHAllocations!$H$8 -> 12 | K30: =ROUND(H30/J30*I30,0) -> 17 | L30: 1 | M30: =ROUND(K30*L30,0) -> 17 | N30: =E30*K30/(Q30*60) -> 0.29824561 | O30: =F30*K30 -> 3.4 | P30: =VLOOKUP(C30,'Yields-Labor-Cube'!$A$23:$I$47,7,FALSE) -> 0.9 | Q30: =VLOOKUP($C30,'Yields-Labor-Cube'!$A$24:$O$47,11,FALSE) -> 0.95 | S30: =C30 -> 666517 | T30: =K30 -> 17 | U30: =M30 -> 17 | V30: =N30 -> 0.29824561 | W30: =O30 -> 3.4 | Y30: 666513 | Z30: 5 | AA30: 5 | AB30: 0.087719298 | AC30: 2.5
C31: 666518 | D31: TISS,PORCINE,FEM,PELVIC BLOCK,INTACT,SM | E31: =VLOOKUP($C31,'Yields-Labor-Cube'!$A$24:$P$48,3,FALSE) -> 3 | F31: =VLOOKUP($C31,'Yields-Labor-Cube'!$A$24:$P$48,4,FALSE) -> 1 | G31: =VLOOKUP($C31,'Yields-Labor-Cube'!$A$24:$P$48,15,FALSE) -> 0.85 | H31: =VLOOKUP($C31,ModelsDemand_ToTissue!$D$42:$H$78,5,0) -> 0 | I31: =VLOOKUP(C31,SHAllocations!E24:V51,7,FALSE) -> 0 | J31: =SHAllocations!$H$8 -> 12 | K31: =ROUND(H31/J31*I31,0) -> 0 | L31: 1 | M31: =ROUND(K31*L31,0) -> 0 | N31: =E31*K31/(Q31*60) -> 0 | O31: =F31*K31 -> 0 | P31: =VLOOKUP(C31,'Yields-Labor-Cube'!$A$23:$I$47,7,FALSE) -> 0.06 | Q31: =VLOOKUP($C31,'Yields-Labor-Cube'!$A$24:$O$47,11,FALSE) -> 0.25 | S31: =C31 -> 666518 | T31: =K31 -> 0 | U31: =M31 -> 0 | V31: =N31 -> 0 | W31: =O31 -> 0 | Y31: 666511 | Z31: 4 | AA31: 2 | AB31: 0.070175439 | AC31: 2
C32: 666519 | D32: TISS,PORCINE,SPLEEN | E32: =VLOOKUP($C32,'Yields-Labor-Cube'!$A$24:$P$48,3,FALSE) -> 1 | F32: =VLOOKUP($C32,'Yields-Labor-Cube'!$A$24:$P$48,4,FALSE) -> 0.5 | G32: =VLOOKUP($C32,'Yields-Labor-Cube'!$A$24:$P$48,15,FALSE) -> 0.95 | H32: =VLOOKUP($C32,ModelsDemand_ToTissue!$D$42:$H$78,5,0) -> 303 | I32: =VLOOKUP(C32,SHAllocations!E25:V52,7,FALSE) -> 0.5 | J32: =SHAllocations!$H$8 -> 12 | K32: =ROUND(H32/J32*I32,0) -> 13 | L32: 1 | M32: =ROUND(K32*L32,0) -> 13 | N32: =E32*K32/(Q32*60) -> 0.22807018 | O32: =F32*K32 -> 6.5 | P32: =VLOOKUP(C32,'Yields-Labor-Cube'!$A$23:$I$47,7,FALSE) -> 0.99 | Q32: =VLOOKUP($C32,'Yields-Labor-Cube'!$A$24:$O$47,11,FALSE) -> 0.95 | S32: =C32 -> 666519 | T32: =K32 -> 13 | U32: =M32 -> 13 | V32: =N32 -> 0.22807018 | W32: =O32 -> 6.5 | Y32: 666531 | Z32: 2 | AA32: 2 | AB32: 0.035087719 | AC32: 0.4
... C42: 666545 | D42: TISS, Rectum | E42: =VLOOKUP($C42,'Yields-Labor-Cube'!$A$24:$P$48,3,FALSE) -> 3 | F42: =VLOOKUP($C42,'Yields-Labor-Cube'!$A$24:$P$48,4,FALSE) -> 0.1 | G42: =VLOOKUP($C42,'Yields-Labor-Cube'!$A$24:$P$48,15,FALSE) -> 0.95 | H42: =VLOOKUP($C42,ModelsDemand_ToTissue!$D$42:$H$78,5,0) -> 158.5 | I42: =VLOOKUP(C42,SHAllocations!E35:V62,7,FALSE) -> 0 | J42: =SHAllocations!$H$8 -> 12 | K42: =ROUND(H42/J42*I42,0) -> 0 | L42: 1 | M42: =ROUND(K42*L42,0) -> 0 | N42: =E42*K42/(Q42*60) -> 0 | O42: =F42*K42 -> 0 | P42: =VLOOKUP(C42,'Yields-Labor-Cube'!$A$23:$I$47,7,FALSE) -> 0.95 | Q42: =VLOOKUP($C42,'Yields-Labor-Cube'!$A$24:$O$47,11,FALSE) -> 0.95 | S42: =C42 -> 666545 | T42: =K42 -> 0 | U42: =M42 -> 0 | V42: =N42 -> 0 | W42: =O42 -> 0 | Y42: 666545 | Z42: 0 | AA42: 0 | AB42: 0 | AC42: 0
M44: =SUM(M20:M40) -> 159 | N44: =SUM(N20:N40) -> 7.4140867 | O44: =SUM(O20:O40) -> 98.85
L45: Fixed Labor:
L46: Pigs/week | M46: =D7 -> 160
L47: Labor cap | N47: ='Old2'!F81*5 -> 23.625
K48: Manning | L48: Freezers | O48: =K71*L66 -> 240
L49: Trips | O49: 1
L50: Freezer cube t | O50: =O48*O49 -> 240
L51: Total: | M51: =M44/M46 -> 0.99375 | N51: =N45/N47 -> 0 | O51: =O44/O50 -> 0.411875
L53: Labor Availability | M53: Daily Available Hours | N53: Incluidying d&d Uptime % | O53: Quality Yield % | P53: Headcount
O54: Already yielded by type
L56: =(M56-1)*N56*O56*P56 -> 6.75 | M56: 10 | N56: 0.75 | O56: 1 | P56: =O61 -> 1
L57: =(M57-1)*N57*O57*P57 -> 6 | M57: 9 | N57: 0.75 | O57: 1 | P57: =O61 -> 1
L58: =(M58-1)*N58*O58*P58 -> 5.25 | M58: 8 | N58: 0.75 | O58: 1 | P58: =O61 -> 1
J60: M | K60: T | L60: W | M60: Th | N60: F
I61: Nahunta | J61: 1 | L61: 1 | M61: 1 | N61: 1 | O61: =SUM(J61:N61)/COUNT(J61:N61) -> 1
I62: Custom | J62: 1 | M62: 1 | O62: =SUM(J62:N62)/COUNT(J62:N62) -> 1
I63: Martin | J63: 1 | K63: 3 | L63: 2 | M63: 1 | N63: 2 | O63: =SUM(J63:N63)/COUNT(J63:N63) -> 1.8
I64: Total | J64: =SUM(J61:J63) -> 3 | K64: =SUM(K61:K63) -> 3 | L64: =SUM(L61:L63) -> 3 | M64: =SUM(M61:M63) -> 3 | N64: =SUM(N61:N63) -> 3 | O64: =SUM(J64:N64)/COUNT(J64:N64) -> 3
K66: Total: | L66: =L68*L67 -> 80
J67: Pelvics | K67: Per shelf | L67: 20
K68: Shelf | L68: 4
J69: Days: | K69: #Coolers | L69: Cap | M69: Total
I70: Nahunta | J70: 4 | K70: 3 | L70: =$V$9 -> 0 | M70: =K70*L70 -> 0
I71: Martin | J71: 5 | K71: 3 | L71: =$V$9 -> 0 | M71: =K71*L71 -> 0
I72: Custom | J72: 2 | K72: 1 | L72: =$V$9 -> 0 | M72: =K72*L72 -> 0

Sheet Customs
C1: Nahunta
E3: SH Yield 2
E4: 0.9
D5: Porks/Week | E5: SH Yield | F5: Harvesting Yield | G5: Freeze Thaw Yield
C6: T-max | D6: 200 | E6: =D7/D6 -> 0.7 | F6: by code | G6: 0.85
C7: Actual capacity (max recorded) | D7: 140
C8: Intuitive Load | E8: (Sum all pork equivalent parts from below)
C9: Other Demand
C10: Labor utilization
C11: Freezer Utilization
D15: Constraint | E15: Labor | F15: Freezer Space | G15: Trips | H15: Pigs | I15: Space
H18: Quarter | J18: Quarter | K18: Weekly
E19: Labor (Mins) | F19: Freezer Volume | G19: Quality Yield Freeze/Thaw | H19: Q BP Tissues | I19: Allocation | J19: Weeks | K19: Tissues | L19: Pigs | M19: Pigs Consumed | N19: Labor Consumed | O19: Cube/Week consumed | P19: Spec yield | Q19: Harvesting Yield | S19: Code | T19: Weekly | U19: WkPigs | V19: WkLabor | W19: WkCube | Y19: Ordered and sorted by Weekly
C20: 666501 | D20: TISS,PORCINE,AORTA SEGMENTS | E20: =VLOOKUP($C20,'Yields-Labor-Cube'!$A$24:$P$48,3,FALSE) -> 1 | F20: =VLOOKUP($C20,'Yields-Labor-Cube'!$A$24:$P$48,4,FALSE) -> 0.05 | G20: =VLOOKUP($C20,'Yields-Labor-Cube'!$A$24:$P$48,15,FALSE) -> 0.95 | H20: =VLOOKUP($C20,ModelsDemand_ToTissue!$D$42:$H$78,5,0) -> 3131 | I20: =VLOOKUP(C20,SHAllocations!E13:V40,13,FALSE) -> 0.08 | J20: =SHAllocations!$H$8 -> 12 | K20: =ROUND(H20/J20*I20,0) -> 21 | L20: 1 | M20: =ROUND(K20*L20,0) -> 21 | N20: =E20*K20/(Q20*60) -> 0.36842105 | O20: =F20*K20 -> 1.05 | P20: =VLOOKUP(Martins!C20,'Yields-Labor-Cube'!$A$23:$I$47,8,FALSE) -> 0.99 | Q20: =VLOOKUP($C20,'Yields-Labor-Cube'!$A$24:$O$47,12,FALSE) -> 0.95 | S20: =C20 -> 666501 | T20: =K20 -> 21 | U20: =M20 -> 21 | V20: =N20 -> 0.36842105 | W20: =O20 -> 1.05 | Y20: {=_xlfn.SORTBY(S20:W42,T20:T42,-1)} -> 666522 | Z20: 36 | AA20: 18 | AB20: 0.35294118 | AC20: 3.6
C21: 666502 | D21: TISS,PORCINE,BARIATRIC BLOCK | E21: =VLOOKUP($C21,'Yields-Labor-Cube'!$A$24:$P$48,3,FALSE) -> 3.5 | F21: =VLOOKUP($C21,'Yields-Labor-Cube'!$A$24:$P$48,4,FALSE) -> 1.5 | G21: =VLOOKUP($C21,'Yields-Labor-Cube'!$A$24:$P$48,15,FALSE) -> 0.9 | H21: =VLOOKUP($C21,ModelsDemand_ToTissue!$D$42:$H$78,5,0) -> 1980 | I21: =VLOOKUP(C21,SHAllocations!E14:V41,13,FALSE) -> 0.18 | J21: =SHAllocations!$H$8 -> 12 | K21: =ROUND(H21/J21*I21,0) -> 30 | L21: 1 | M21: =ROUND(K21*L21,0) -> 30 | N21: =E21*K21/(Q21*60) -> 2.5 | O21: =F21*K21 -> 45 | P21: =VLOOKUP(Martins!C21,'Yields-Labor-Cube'!$A$23:$I$47,8,FALSE) -> 0.9 | Q21: =VLOOKUP($C21,'Yields-Labor-Cube'!$A$24:$O$47,12,FALSE) -> 0.7 | S21: =C21 -> 666502 | T21: =K21 -> 30 | U21: =M21 -> 30 | V21: =N21 -> 2.5 | W21: =O21 -> 45 | Y21: 666502 | Z21: 30 | AA21: 30 | AB21: 2.5 | AC21: 45
C22: 666505 | D22: TISS,PORCINE,LIVER | E22: =VLOOKUP($C22,'Yields-Labor-Cube'!$A$24:$P$48,3,FALSE) -> 1 | F22: =VLOOKUP($C22,'Yields-Labor-Cube'!$A$24:$P$48,4,FALSE) -> 0.2 | G22: =VLOOKUP($C22,'Yields-Labor-Cube'!$A$24:$P$48,15,FALSE) -> 0.95 | H22: =VLOOKUP($C22,ModelsDemand_ToTissue!$D$42:$H$78,5,0) -> 303 | I22: =VLOOKUP(C22,SHAllocations!E15:V42,13,FALSE) -> 0.68 | J22: =SHAllocations!$H$8 -> 12 | K22: =ROUND(H22/J22*I22,0) -> 17 | L22: 0.5 | M22: =ROUND(K22*L22,0) -> 9 | N22: =E22*K22/(Q22*60) -> 0.29824561 | O22: =F22*K22 -> 3.4 | P22: =VLOOKUP(Martins!C22,'Yields-Labor-Cube'!$A$23:$I$47,8,FALSE) -> 0.9 | Q22: =VLOOKUP($C22,'Yields-Labor-Cube'!$A$24:$O$47,12,FALSE) -> 0.95 | S22: =C22 -> 666505 | T22: =K22 -> 17 | U22: =M22 -> 9 | V22: =N22 -> 0.29824561 | W22: =O22 -> 3.4 | Y22: 666501 | Z22: 21 | AA22: 21 | AB22: 0.36842105 | AC22: 1.05
C23: 666506 | D23: TISS,PORCINE,PELVIC BLOCK | E23: =VLOOKUP($C23,'Yields-Labor-Cube'!$A$24:$P$48,3,FALSE) -> 3 | F23: =VLOOKUP($C23,'Yields-Labor-Cube'!$A$24:$P$48,4,FALSE) -> 1 | G23: =VLOOKUP($C23,'Yields-Labor-Cube'!$A$24:$P$48,15,FALSE) -> 0.85 | H23: =VLOOKUP($C23,ModelsDemand_ToTissue!$D$42:$H$78,5,0) -> 626 | I23: =VLOOKUP(C23,SHAllocations!E16:V43,13,FALSE) -> 0 | J23: =SHAllocations!$H$8 -> 12 | K23: =ROUND(H23/J23*I23,0) -> 0 | L23: 1 | M23: =ROUND(K23*L23,0) -> 0 | N23: =E23*K23/(Q23*60) -> 0 | O23: =F23*K23 -> 0 | P23: =VLOOKUP(Martins!C23,'Yields-Labor-Cube'!$A$23:$I$47,8,FALSE) -> 0.45 | Q23: =VLOOKUP($C23,'Yields-Labor-Cube'!$A$24:$O$47,12,FALSE) -> 0.25 | S23: =C23 -> 666506 | T23: =K23 -> 0 | U23: =M23 -> 0 | V23: =N23 -> 0 | W23: =O23 -> 0 | Y23: 666523 | Z23: 18 | AA23: 18 | AB23: 0.31578947 | AC23: 0.9
C24: 666507 | D24: TISS,PORCINE,FULL THOR AND BARI BLOCK | E24: =VLOOKUP($C24,'Yields-Labor-Cube'!$A$24:$P$48,3,FALSE) -> 5 | F24: =VLOOKUP($C24,'Yields-Labor-Cube'!$A$24:$P$48,4,FALSE) -> 1.8 | G24: =VLOOKUP($C24,'Yields-Labor-Cube'!$A$24:$P$48,15,FALSE) -> 0.9 | H24: =VLOOKUP($C24,ModelsDemand_ToTissue!$D$42:$H$78,5,0) -> 99 | I24: =VLOOKUP(C24,SHAllocations!E17:V44,13,FALSE) -> 0 | J24: =SHAllocations!$H$8 -> 12 | K24: =ROUND(H24/J24*I24,0) -> 0 | L24: 1 | M24: =ROUND(K24*L24,0) -> 0 | N24: =E24*K24/(Q24*60) -> 0 | O24: =F24*K24 -> 0 | P24: =VLOOKUP(Martins!C24,'Yields-Labor-Cube'!$A$23:$I$47,8,FALSE) -> 0.7 | Q24: =VLOOKUP($C24,'Yields-Labor-Cube'!$A$24:$O$47,12,FALSE) -> 0.95 | S24: =C24 -> 666507 | T24: =K24 -> 0 | U24: =M24 -> 0 | V24: =N24 -> 0 | W24: =O24 -> 0 | Y24: 666505 | Z24: 17 | AA24: 9 | AB24: 0.29824561 | AC24: 3.4
C25: 666509 | D25: TISS,PORCINE,JEJUNUM,6FT | E25: =VLOOKUP($C25,'Yields-Labor-Cube'!$A$24:$P$48,3,FALSE) -> 4 | F25: =VLOOKUP($C25,'Yields-Labor-Cube'!$A$24:$P$48,4,FALSE) -> 0.5 | G25: =VLOOKUP($C25,'Yields-Labor-Cube'!$A$24:$P$48,15,FALSE) -> 0.85 | H25: =VLOOKUP($C25,ModelsDemand_ToTissue!$D$42:$H$78,5,0) -> 402 | I25: =VLOOKUP(C25,SHAllocations!E18:V45,13,FALSE) -> 0 | J25: =SHAllocations!$H$8 -> 12 | K25: =ROUND(H25/J25*I25,0) -> 0 | L25: 0.5 | M25: =ROUND(K25*L25,0) -> 0 | N25: =E25*K25/(Q25*60) -> 0 | O25: =F25*K25 -> 0 | P25: =VLOOKUP(Martins!C25,'Yields-Labor-Cube'!$A$23:$I$47,8,FALSE) -> 0.95 | Q25: =VLOOKUP($C25,'Yields-Labor-Cube'!$A$24:$O$47,12,FALSE) -> 0.95 | S25: =C25 -> 666509 | T25: =K25 -> 0 | U25: =M25 -> 0 | V25: =N25 -> 0 | W25: =O25 -> 0 | Y25: 666516 | Z25: 13 | AA25: 13 | AB25: 0.22807018 | AC25: 1.3
C26: 666510 | D26: TISS,PORCINE,JEJUNUM (3FT) | E26: =VLOOKUP($C26,'Yields-Labor-Cube'!$A$24:$P$48,3,FALSE) -> 4 | F26: =VLOOKUP($C26,'Yields-Labor-Cube'!$A$24:$P$48,4,FALSE) -> 0.3 | G26: =VLOOKUP($C26,'Yields-Labor-Cube'!$A$24:$P$48,15,FALSE) -> 0.85 | H26: =VLOOKUP($C26,ModelsDemand_ToTissue!$D$42:$H$78,5,0) -> 88 | I26: =VLOOKUP(C26,SHAllocations!E19:V46,13,FALSE) -> 0.1 | J26: =SHAllocations!$H$8 -> 12 | K26: =ROUND(H26/J26*I26,0) -> 1 | L26: 0.5 | M26: =ROUND(K26*L26,0) -> 1 | N26: =E26*K26/(Q26*60) -> 0.070175439 | O26: =F26*K26 -> 0.3 | P26: =VLOOKUP(Martins!C26,'Yields-Labor-Cube'!$A$23:$I$47,8,FALSE) -> 0.95 | Q26: =VLOOKUP($C26,'Yields-Labor-Cube'!$A$24:$O$47,12,FALSE) -> 0.95 | S26: =C26 -> 666510 | T26: =K26 -> 1 | U26: =M26 -> 1 | V26: =N26 -> 0.070175439 | W26: =O26 -> 0.3 | Y26: 666519 | Z26: 13 | AA26: 13 | AB26: 0.22807018 | AC26: 6.5
C27: 666511 | D27: TISS,PORCINE,KIDNEY BLOCK | E27: =VLOOKUP($C27,'Yields-Labor-Cube'!$A$24:$P$48,3,FALSE) -> 1 | F27: =VLOOKUP($C27,'Yields-Labor-Cube'!$A$24:$P$48,4,FALSE) -> 0.5 | G27: =VLOOKUP($C27,'Yields-Labor-Cube'!$A$24:$P$48,15,FALSE) -> 0.8 | H27: =VLOOKUP($C27,ModelsDemand_ToTissue!$D$42:$H$78,5,0) -> 45 | I27: =VLOOKUP(C27,SHAllocations!E20:V47,13,FALSE) -> 0 | J27: =SHAllocations!$H$8 -> 12 | K27: =ROUND(H27/J27*I27,0) -> 0 | L27: 0.5 | M27: =ROUND(K27*L27,0) -> 0 | N27: =E27*K27/(Q27*60) -> 0 | O27: =F27*K27 -> 0 | P27: =VLOOKUP(Martins!C27,'Yields-Labor-Cube'!$A$23:$I$47,8,FALSE) -> 0.9 | Q27: =VLOOKUP($C27,'Yields-Labor-Cube'!$A$24:$O$47,12,FALSE) -> 0.95 | S27: =C27 -> 666511 | T27: =K27 -> 0 | U27: =M27 -> 0 | V27: =N27 -> 0 | W27: =O27 -> 0 | Y27: 666545 | Z27: 13 | AA27: 13 | AB27: 0.68421053 | AC27: 1.3
C28: 666513 | D28: TISS,PORCINE,LIVER WITH GALLBLADDER | E28: =VLOOKUP($C28,'Yields-Labor-Cube'!$A$24:$P$48,3,FALSE) -> 1 | F28: =VLOOKUP($C28,'Yields-Labor-Cube'!$A$24:$P$48,4,FALSE) -> 0.5 | G28: =VLOOKUP($C28,'Yields-Labor-Cube'!$A$24:$P$48,15,FALSE) -> 0.85 | H28: =VLOOKUP($C28,ModelsDemand_ToTissue!$D$42:$H$78,5,0) -> 182 | I28: =VLOOKUP(C28,SHAllocations!E21:V48,13,FALSE) -> 0.7 | J28: =SHAllocations!$H$8 -> 12 | K28: =ROUND(H28/J28*I28,0) -> 11 | L28: 1 | M28: =ROUND(K28*L28,0) -> 11 | N28: =E28*K28/(Q28*60) -> 0.19298246 | O28: =F28*K28 -> 5.5 | P28: =VLOOKUP(Martins!C28,'Yields-Labor-Cube'!$A$23:$I$47,8,FALSE) -> 0.9 | Q28: =VLOOKUP($C28,'Yields-Labor-Cube'!$A$24:$O$47,12,FALSE) -> 0.95 | S28: =C28 -> 666513 | T28: =K28 -> 11 | U28: =M28 -> 11 | V28: =N28 -> 0.19298246 | W28: =O28 -> 5.5 | Y28: 666513 | Z28: 11 | AA28: 11 | AB28: 0.19298246 | AC28: 5.5
C29: 666516 | D29: TISS,PORCINE,OMENTUM | E29: =VLOOKUP($C29,'Yields-Labor-Cube'!$A$24:$P$48,3,FALSE) -> 1 | F29: =VLOOKUP($C29,'Yields-Labor-Cube'!$A$24:$P$48,4,FALSE) -> 0.1 | G29: =VLOOKUP($C29,'Yields-Labor-Cube'!$A$24:$P$48,15,FALSE) -> 0.8 | H29: =VLOOKUP($C29,ModelsDemand_ToTissue!$D$42:$H$78,5,0) -> 303 | I29: =VLOOKUP(C29,SHAllocations!E22:V49,13,FALSE) -> 0.5 | J29: =SHAllocations!$H$8 -> 12 | K29: =ROUND(H29/J29*I29,0) -> 13 | L29: 1 | M29: =ROUND(K29*L29,0) -> 13 | N29: =E29*K29/(Q29*60) -> 0.22807018 | O29: =F29*K29 -> 1.3 | P29: =VLOOKUP(Martins!C29,'Yields-Labor-Cube'!$A$23:$I$47,8,FALSE) -> 0.9 | Q29: =VLOOKUP($C29,'Yields-Labor-Cube'!$A$24:$O$47,12,FALSE) -> 0.95 | S29: =C29 -> 666516 | T29: =K29 -> 13 | U29: =M29 -> 13 | V29: =N29 -> 0.22807018 | W29: =O29 -> 1.3 | Y29: 666517 | Z29: 8 | AA29: 8 | AB29: 0.14035088 | AC29: 1.6
C30: 666517 | D30: TISS,PORCINE,PANCREAS | E30: =VLOOKUP($C30,'Yields-Labor-Cube'!$A$24:$P$48,3,FALSE) -> 1 | F30: =VLOOKUP($C30,'Yields-Labor-Cube'!$A$24:$P$48,4,FALSE) -> 0.2 | G30: =VLOOKUP($C30,'Yields-Labor-Cube'!$A$24:$P$48,15,FALSE) -> 0.8 | H30: =VLOOKUP($C30,ModelsDemand_ToTissue!$D$42:$H$78,5,0) -> 303 | I30: =VLOOKUP(C30,SHAllocations!E23:V50,13,FALSE) -> 0.31 | J30: =SHAllocations!$H$8 -> 12 | K30: =ROUND(H30/J30*I30,0) -> 8 | L30: 1 | M30: =ROUND(K30*L30,0) -> 8 | N30: =E30*K30/(Q30*60) -> 0.14035088 | O30: =F30*K30 -> 1.6 | P30: =VLOOKUP(Martins!C30,'Yields-Labor-Cube'!$A$23:$I$47,8,FALSE) -> 0.9 | Q30: =VLOOKUP($C30,'Yields-Labor-Cube'!$A$24:$O$47,12,FALSE) -> 0.95 | S30: =C30 -> 666517 | T30: =K30 -> 8 | U30: =M30 -> 8 | V30: =N30 -> 0.14035088 | W30: =O30 -> 1.6 | Y30: 666510 | Z30: 1 | AA30: 1 | AB30: 0.070175439 | AC30: 0.3
C31: 666518 | D31: TISS,PORCINE,FEM,PELVIC BLOCK,INTACT,SM | E31: =VLOOKUP($C31,'Yields-Labor-Cube'!$A$24:$P$48,3,FALSE) -> 3 | F31: =VLOOKUP($C31,'Yields-Labor-Cube'!$A$24:$P$48,4,FALSE) -> 1 | G31: =VLOOKUP($C31,'Yields-Labor-Cube'!$A$24:$P$48,15,FALSE) -> 0.85 | H31: =VLOOKUP($C31,ModelsDemand_ToTissue!$D$42:$H$78,5,0) -> 0 | I31: =VLOOKUP(C31,SHAllocations!E24:V51,13,FALSE) -> 0 | J31: =SHAllocations!$H$8 -> 12 | K31: =ROUND(H31/J31*I31,0) -> 0 | L31: 1 | M31: =ROUND(K31*L31,0) -> 0 | N31: =E31*K31/(Q31*60) -> 0 | O31: =F31*K31 -> 0 | P31: =VLOOKUP(Martins!C31,'Yields-Labor-Cube'!$A$23:$I$47,8,FALSE) -> 0.45 | Q31: =VLOOKUP($C31,'Yields-Labor-Cube'!$A$24:$O$47,12,FALSE) -> 0.25 | S31: =C31 -> 666518 | T31: =K31 -> 0 | U31: =M31 -> 0 | V31: =N31 -> 0 | W31: =O31 -> 0 | Y31: 666531 | Z31: 1 | AA31: 1 | AB31: 0.01754386 | AC31: 0.2
C32: 666519 | D32: TISS,PORCINE,SPLEEN | E32: =VLOOKUP($C32,'Yields-Labor-Cube'!$A$24:$P$48,3,FALSE) -> 1 | F32: =VLOOKUP($C32,'Yields-Labor-Cube'!$A$24:$P$48,4,FALSE) -> 0.5 | G32: =VLOOKUP($C32,'Yields-Labor-Cube'!$A$24:$P$48,15,FALSE) -> 0.95 | H32: =VLOOKUP($C32,ModelsDemand_ToTissue!$D$42:$H$78,5,0) -> 303 | I32: =VLOOKUP(C32,SHAllocations!E25:V52,13,FALSE) -> 0.5 | J32: =SHAllocations!$H$8 -> 12 | K32: =ROUND(H32/J32*I32,0) -> 13 | L32: 1 | M32: =ROUND(K32*L32,0) -> 13 | N32: =E32*K32/(Q32*60) -> 0.22807018 | O32: =F32*K32 -> 6.5 | P32: =VLOOKUP(Martins!C32,'Yields-Labor-Cube'!$A$23:$I$47,8,FALSE) -> 0.9 | Q32: =VLOOKUP($C32,'Yields-Labor-Cube'!$A$24:$O$47,12,FALSE) -> 0.95 | S32: =C32 -> 666519 | T32: =K32 -> 13 | U32: =M32 -> 13 | V32: =N32 -> 0.22807018 | W32: =O32 -> 6.5 | Y32: 666536 | Z32: 1 | AA32: 1 | AB32: 0.087719298 | AC32: 2
... C42: 666545 | D42: TISS, Rectum | E42: =VLOOKUP($C42,'Yields-Labor-Cube'!$A$24:$P$48,3,FALSE) -> 3 | F42: =VLOOKUP($C42,'Yields-Labor-Cube'!$A$24:$P$48,4,FALSE) -> 0.1 | G42: =VLOOKUP($C42,'Yields-Labor-Cube'!$A$24:$P$48,15,FALSE) -> 0.95 | H42: =VLOOKUP($C42,ModelsDemand_ToTissue!$D$42:$H$78,5,0) -> 158.5 | I42: =VLOOKUP(C42,SHAllocations!E35:V62,13,FALSE) -> 1 | J42: =SHAllocations!$H$8 -> 12 | K42: =ROUND(H42/J42*I42,0) -> 13 | L42: 1 | M42: =ROUND(K42*L42,0) -> 13 | N42: =E42*K42/(Q42*60) -> 0.68421053 | O42: =F42*K42 -> 1.3 | P42: =VLOOKUP(Martins!C42,'Yields-Labor-Cube'!$A$23:$I$47,8,FALSE) -> 0.95 | Q42: =VLOOKUP($C42,'Yields-Labor-Cube'!$A$24:$O$47,12,FALSE) -> 0.95 | S42: =C42 -> 666545 | T42: =K42 -> 13 | U42: =M42 -> 13 | V42: =N42 -> 0.68421053 | W42: =O42 -> 1.3 | Y42: 666520 | Z42: 0 | AA42: 0 | AB42: 0 | AC42: 0
M44: =SUM(M20:M40) -> 144 | N44: =SUM(N20:N40) -> 4.8003096 | O44: =SUM(O20:O40) -> 71.35
L45: Fixed Labor:
L46: Pigs/week | M46: =D7 -> 140
L47: Labor cap | N47: ='Old2'!F81*5 -> 23.625
K48: Manning | L48: Freezers | O48: 160
L49: Trips | O49: 1
L50: Freezer cube t | O50: =O48*O49 -> 160
L51: Total: | M51: =M44/M46 -> 1.0285714 | N51: =N45/N47 -> 0 | O51: =O44/O50 -> 0.4459375
L53: Labor Availability | M53: Daily Available Hours | N53: Incluidying d&d Uptime % | O53: Quality Yield % | P53: Headcount
O54: Already yielded by type
L56: =(M56-1)*N56*O56*P56 -> 6.75 | M56: 10 | N56: 0.75 | O56: 1 | P56: =O62 -> 1
L57: =(M57-1)*N57*O57*P57 -> 6 | M57: 9 | N57: 0.75 | O57: 1 | P57: =O61 -> 1
L58: =(M58-1)*N58*O58*P58 -> 5.25 | M58: 8 | N58: 0.75 | O58: 1 | P58: =O62 -> 1
J60: M | K60: T | L60: W | M60: Th | N60: F
I61: Nahunta | J61: 1 | L61: 1 | M61: 1 | N61: 1 | O61: =SUM(J61:N61)/COUNT(J61:N61) -> 1
I62: Custom | J62: 1 | K62: 1 | M62: 1 | O62: =SUM(J62:N62)/COUNT(J62:N62) -> 1
I63: Martin | J63: 1 | K63: 3 | L63: 2 | M63: 1 | N63: 2 | O63: =SUM(J63:N63)/COUNT(J63:N63) -> 1.8
I64: Total | J64: =SUM(J61:J63) -> 3 | K64: =SUM(K61:K63) -> 4 | L64: =SUM(L61:L63) -> 3 | M64: =SUM(M61:M63) -> 3 | N64: =SUM(N61:N63) -> 3 | O64: =SUM(J64:N64)/COUNT(J64:N64) -> 3.2
K66: Total: | L66: =L68*L67 -> 80
J67: Pelvics | K67: Per shelf | L67: 20
K68: Shelf | L68: 4
J69: Days: | K69: #Coolers | L69: Cap | M69: Total
I70: Nahunta | J70: 4 | K70: 3 | L70: =$V$9 -> 0 | M70: =K70*L70 -> 0
I71: Martin | J71: 5 | K71: 3 | L71: =$V$9 -> 0 | M71: =K71*L71 -> 0
I72: Custom | J72: 2 | K72: 1 | L72: =$V$9 -> 0 | M72: =K72*L72 -> 0

Sheet Parks
C1: Parks
E3: SH Yield
E4: 0.9
D5: Porks/Week | E5: SH Yield | F5: Harvesting Yield | G5: Freeze Thaw Yield
C6: T-max | D6: 700 | E6: =D7/D6 -> 0.35714286 | F6: 1 | G6: 0.85
C7: Actual capacity (max recorded) | D7: 250
C8: Intuitive Load | E8: (Sum all pork equivalent parts from below)
C9: Other Demand
C10: Labor utilization
C11: Freezer Utilization
D15: Constraint | E15: Labor | F15: Freezer Space | G15: Trips | H15: Pigs | I15: Space
H18: Quarter | J18: Quarter | K18: Weekly
E19: Labor (Mins) | F19: Freezer Volume | G19: Quality Yield Freeze/Thaw | H19: Q BP Tissues | I19: Allocation | J19: Weeks | K19: Tissues | L19: Pigs | M19: Pigs Consumed | N19: Labor Consumed | O19: Cube/Week consumed | P19: Spec yield | Q19: Harvesting Yield | S19: Code | T19: Weekly | U19: WkPigs | V19: WkLabor | W19: WkCube | Y19: Ordered and sorted by Weekly
C20: 666501 | D20: TISS,PORCINE,AORTA SEGMENTS | E20: =VLOOKUP($C20,'Yields-Labor-Cube'!$A$24:$P$48,3,FALSE) -> 1 | F20: =VLOOKUP($C20,'Yields-Labor-Cube'!$A$24:$P$48,4,FALSE) -> 0.05 | G20: =VLOOKUP($C20,'Yields-Labor-Cube'!$A$24:$P$48,15,FALSE) -> 0.95 | H20: =VLOOKUP($C20,ModelsDemand_ToTissue!$D$42:$H$78,5,0) -> 3131 | I20: =VLOOKUP(C20,SHAllocations!E13:V40,16,FALSE) -> 0 | J20: =SHAllocations!$H$8 -> 12 | K20: =ROUND(H20/J20*I20,0) -> 0 | L20: 1 | M20: =ROUND(K20*L20,0) -> 0 | N20: =E20*K20/(Q20*60) -> 0 | O20: =F20*K20 -> 0 | P20: =VLOOKUP(C20,'Yields-Labor-Cube'!$A$23:$I$47,9,FALSE) -> 0.99 | Q20: =VLOOKUP($C20,'Yields-Labor-Cube'!$A$24:$O$47,13,FALSE) -> 0.95 | S20: =C20 -> 666501 | T20: =K20 -> 0 | U20: =M20 -> 0 | V20: =N20 -> 0 | W20: =O20 -> 0 | Y20: {=_xlfn.SORTBY(S20:W42,T20:T42,-1)} -> 666541 | Z20: 14 | AA20: 14 | AB20: 0.7 | AC20: 14
C21: 666502 | D21: TISS,PORCINE,BARIATRIC BLOCK | E21: =VLOOKUP($C21,'Yields-Labor-Cube'!$A$24:$P$48,3,FALSE) -> 3.5 | F21: =VLOOKUP($C21,'Yields-Labor-Cube'!$A$24:$P$48,4,FALSE) -> 1.5 | G21: =VLOOKUP($C21,'Yields-Labor-Cube'!$A$24:$P$48,15,FALSE) -> 0.9 | H21: =VLOOKUP($C21,ModelsDemand_ToTissue!$D$42:$H$78,5,0) -> 1980 | I21: =VLOOKUP(C21,SHAllocations!E14:V41,16,FALSE) -> 0.06 | J21: =SHAllocations!$H$8 -> 12 | K21: =ROUND(H21/J21*I21,0) -> 10 | L21: 1 | M21: =ROUND(K21*L21,0) -> 10 | N21: =E21*K21/60 -> 0.58333333 | O21: =F21*K21 -> 15 | P21: =VLOOKUP(C21,'Yields-Labor-Cube'!$A$23:$I$47,9,FALSE) -> 0.7 | Q21: =VLOOKUP($C21,'Yields-Labor-Cube'!$A$24:$O$47,13,FALSE) -> 0.95 | S21: =C21 -> 666502 | T21: =K21 -> 10 | U21: =M21 -> 10 | V21: =N21 -> 0.58333333 | W21: =O21 -> 15 | Y21: 666502 | Z21: 10 | AA21: 10 | AB21: 0.58333333 | AC21: 15
C22: 666505 | D22: TISS,PORCINE,LIVER | E22: =VLOOKUP($C22,'Yields-Labor-Cube'!$A$24:$P$48,3,FALSE) -> 1 | F22: =VLOOKUP($C22,'Yields-Labor-Cube'!$A$24:$P$48,4,FALSE) -> 0.2 | G22: =VLOOKUP($C22,'Yields-Labor-Cube'!$A$24:$P$48,15,FALSE) -> 0.95 | H22: =VLOOKUP($C22,ModelsDemand_ToTissue!$D$42:$H$78,5,0) -> 303 | I22: =VLOOKUP(C22,SHAllocations!E15:V42,16,FALSE) -> 0 | J22: =SHAllocations!$H$8 -> 12 | K22: =ROUND(H22/J22*I22,0) -> 0 | L22: 0.5 | M22: =ROUND(K22*L22,0) -> 0 | N22: =E22*K22/60 -> 0 | O22: =F22*K22 -> 0 | P22: =VLOOKUP(C22,'Yields-Labor-Cube'!$A$23:$I$47,9,FALSE) -> 0.7 | Q22: =VLOOKUP($C22,'Yields-Labor-Cube'!$A$24:$O$47,13,FALSE) -> 0.95 | S22: =C22 -> 666505 | T22: =K22 -> 0 | U22: =M22 -> 0 | V22: =N22 -> 0 | W22: =O22 -> 0 | Y22: 666509 | Z22: 2 | AA22: 1 | AB22: 0.13333333 | AC22: 1
C23: 666506 | D23: TISS,PORCINE,PELVIC BLOCK | E23: =VLOOKUP($C23,'Yields-Labor-Cube'!$A$24:$P$48,3,FALSE) -> 3 | F23: =VLOOKUP($C23,'Yields-Labor-Cube'!$A$24:$P$48,4,FALSE) -> 1 | G23: =VLOOKUP($C23,'Yields-Labor-Cube'!$A$24:$P$48,15,FALSE) -> 0.85 | H23: =VLOOKUP($C23,ModelsDemand_ToTissue!$D$42:$H$78,5,0) -> 626 | I23: =VLOOKUP(C23,SHAllocations!E16:V43,16,FALSE) -> 0 | J23: =SHAllocations!$H$8 -> 12 | K23: =ROUND(H23/J23*I23,0) -> 0 | L23: 1 | M23: =ROUND(K23*L23,0) -> 0 | N23: =E23*K23/60 -> 0 | O23: =F23*K23 -> 0 | P23: =VLOOKUP(C23,'Yields-Labor-Cube'!$A$23:$I$47,9,FALSE) -> 0.35 | Q23: =VLOOKUP($C23,'Yields-Labor-Cube'!$A$24:$O$47,13,FALSE) -> 0.2 | S23: =C23 -> 666506 | T23: =K23 -> 0 | U23: =M23 -> 0 | V23: =N23 -> 0 | W23: =O23 -> 0 | Y23: 666521 | Z23: 2 | AA23: 2 | AB23: 0.15 | AC23: 3.6
C24: 666507 | D24: TISS,PORCINE,FULL THOR AND BARI BLOCK | E24: =VLOOKUP($C24,'Yields-Labor-Cube'!$A$24:$P$48,3,FALSE) -> 5 | F24: =VLOOKUP($C24,'Yields-Labor-Cube'!$A$24:$P$48,4,FALSE) -> 1.8 | G24: =VLOOKUP($C24,'Yields-Labor-Cube'!$A$24:$P$48,15,FALSE) -> 0.9 | H24: =VLOOKUP($C24,ModelsDemand_ToTissue!$D$42:$H$78,5,0) -> 99 | I24: =VLOOKUP(C24,SHAllocations!E17:V44,16,FALSE) -> 0 | J24: =SHAllocations!$H$8 -> 12 | K24: =ROUND(H24/J24*I24,0) -> 0 | L24: 1 | M24: =ROUND(K24*L24,0) -> 0 | N24: =E24*K24/60 -> 0 | O24: =F24*K24 -> 0 | P24: =VLOOKUP(C24,'Yields-Labor-Cube'!$A$23:$I$47,9,FALSE) -> 0.7 | Q24: =VLOOKUP($C24,'Yields-Labor-Cube'!$A$24:$O$47,13,FALSE) -> 0.95 | S24: =C24 -> 666507 | T24: =K24 -> 0 | U24: =M24 -> 0 | V24: =N24 -> 0 | W24: =O24 -> 0 | Y24: 666501 | Z24: 0 | AA24: 0 | AB24: 0 | AC24: 0
C25: 666509 | D25: TISS,PORCINE,JEJUNUM,6FT | E25: =VLOOKUP($C25,'Yields-Labor-Cube'!$A$24:$P$48,3,FALSE) -> 4 | F25: =VLOOKUP($C25,'Yields-Labor-Cube'!$A$24:$P$48,4,FALSE) -> 0.5 | G25: =VLOOKUP($C25,'Yields-Labor-Cube'!$A$24:$P$48,15,FALSE) -> 0.85 | H25: =VLOOKUP($C25,ModelsDemand_ToTissue!$D$42:$H$78,5,0) -> 402 | I25: =VLOOKUP(C25,SHAllocations!E18:V45,16,FALSE) -> 0.05 | J25: =SHAllocations!$H$8 -> 12 | K25: =ROUND(H25/J25*I25,0) -> 2 | L25: 0.5 | M25: =ROUND(K25*L25,0) -> 1 | N25: =E25*K25/60 -> 0.13333333 | O25: =F25*K25 -> 1 | P25: =VLOOKUP(C25,'Yields-Labor-Cube'!$A$23:$I$47,9,FALSE) -> 0.7 | Q25: =VLOOKUP($C25,'Yields-Labor-Cube'!$A$24:$O$47,13,FALSE) -> 0.95 | S25: =C25 -> 666509 | T25: =K25 -> 2 | U25: =M25 -> 1 | V25: =N25 -> 0.13333333 | W25: =O25 -> 1 | Y25: 666505 | Z25: 0 | AA25: 0 | AB25: 0 | AC25: 0
C26: 666510 | D26: TISS,PORCINE,JEJUNUM (3FT) | E26: =VLOOKUP($C26,'Yields-Labor-Cube'!$A$24:$P$48,3,FALSE) -> 4 | F26: =VLOOKUP($C26,'Yields-Labor-Cube'!$A$24:$P$48,4,FALSE) -> 0.3 | G26: =VLOOKUP($C26,'Yields-Labor-Cube'!$A$24:$P$48,15,FALSE) -> 0.85 | H26: =VLOOKUP($C26,ModelsDemand_ToTissue!$D$42:$H$78,5,0) -> 88 | I26: =VLOOKUP(C26,SHAllocations!E19:V46,16,FALSE) -> 0 | J26: =SHAllocations!$H$8 -> 12 | K26: =ROUND(H26/J26*I26,0) -> 0 | L26: 0.5 | M26: =ROUND(K26*L26,0) -> 0 | N26: =E26*K26/60 -> 0 | O26: =F26*K26 -> 0 | P26: =VLOOKUP(C26,'Yields-Labor-Cube'!$A$23:$I$47,9,FALSE) -> 0.7 | Q26: =VLOOKUP($C26,'Yields-Labor-Cube'!$A$24:$O$47,13,FALSE) -> 0.95 | S26: =C26 -> 666510 | T26: =K26 -> 0 | U26: =M26 -> 0 | V26: =N26 -> 0 | W26: =O26 -> 0 | Y26: 666506 | Z26: 0 | AA26: 0 | AB26: 0 | AC26: 0
C27: 666511 | D27: TISS,PORCINE,KIDNEY BLOCK | E27: =VLOOKUP($C27,'Yields-Labor-Cube'!$A$24:$P$48,3,FALSE) -> 1 | F27: =VLOOKUP($C27,'Yields-Labor-Cube'!$A$24:$P$48,4,FALSE) -> 0.5 | G27: =VLOOKUP($C27,'Yields-Labor-Cube'!$A$24:$P$48,15,FALSE) -> 0.8 | H27: =VLOOKUP($C27,ModelsDemand_ToTissue!$D$42:$H$78,5,0) -> 45 | I27: =VLOOKUP(C27,SHAllocations!E20:V47,16,FALSE) -> 0 | J27: =SHAllocations!$H$8 -> 12 | K27: =ROUND(H27/J27*I27,0) -> 0 | L27: 0.5 | M27: =ROUND(K27*L27,0) -> 0 | N27: =E27*K27/60 -> 0 | O27: =F27*K27 -> 0 | P27: =VLOOKUP(C27,'Yields-Labor-Cube'!$A$23:$I$47,9,FALSE) -> 0.7 | Q27: =VLOOKUP($C27,'Yields-Labor-Cube'!$A$24:$O$47,13,FALSE) -> 0.95 | S27: =C27 -> 666511 | T27: =K27 -> 0 | U27: =M27 -> 0 | V27: =N27 -> 0 | W27: =O27 -> 0 | Y27: 666507 | Z27: 0 | AA27: 0 | AB27: 0 | AC27: 0
C28: 666513 | D28: TISS,PORCINE,LIVER WITH GALLBLADDER | E28: =VLOOKUP($C28,'Yields-Labor-Cube'!$A$24:$P$48,3,FALSE) -> 1 | F28: =VLOOKUP($C28,'Yields-Labor-Cube'!$A$24:$P$48,4,FALSE) -> 0.5 | G28: =VLOOKUP($C28,'Yields-Labor-Cube'!$A$24:$P$48,15,FALSE) -> 0.85 | H28: =VLOOKUP($C28,ModelsDemand_ToTissue!$D$42:$H$78,5,0) -> 182 | I28: =VLOOKUP(C28,SHAllocations!E21:V48,16,FALSE) -> 0 | J28: =SHAllocations!$H$8 -> 12 | K28: =ROUND(H28/J28*I28,0) -> 0 | L28: 1 | M28: =ROUND(K28*L28,0) -> 0 | N28: =E28*K28/60 -> 0 | O28: =F28*K28 -> 0 | P28: =VLOOKUP(C28,'Yields-Labor-Cube'!$A$23:$I$47,9,FALSE) -> 0.7 | Q28: =VLOOKUP($C28,'Yields-Labor-Cube'!$A$24:$O$47,13,FALSE) -> 0.95 | S28: =C28 -> 666513 | T28: =K28 -> 0 | U28: =M28 -> 0 | V28: =N28 -> 0 | W28: =O28 -> 0 | Y28: 666510 | Z28: 0 | AA28: 0 | AB28: 0 | AC28: 0
C29: 666516 | D29: TISS,PORCINE,OMENTUM | E29: =VLOOKUP($C29,'Yields-Labor-Cube'!$A$24:$P$48,3,FALSE) -> 1 | F29: =VLOOKUP($C29,'Yields-Labor-Cube'!$A$24:$P$48,4,FALSE) -> 0.1 | G29: =VLOOKUP($C29,'Yields-Labor-Cube'!$A$24:$P$48,15,FALSE) -> 0.8 | H29: =VLOOKUP($C29,ModelsDemand_ToTissue!$D$42:$H$78,5,0) -> 303 | I29: =VLOOKUP(C29,SHAllocations!E22:V49,16,FALSE) -> 0 | J29: =SHAllocations!$H$8 -> 12 | K29: =ROUND(H29/J29*I29,0) -> 0 | L29: 1 | M29: =ROUND(K29*L29,0) -> 0 | N29: =E29*K29/60 -> 0 | O29: =F29*K29 -> 0 | P29: =VLOOKUP(C29,'Yields-Labor-Cube'!$A$23:$I$47,9,FALSE) -> 0.7 | Q29: =VLOOKUP($C29,'Yields-Labor-Cube'!$A$24:$O$47,13,FALSE) -> 0.95 | S29: =C29 -> 666516 | T29: =K29 -> 0 | U29: =M29 -> 0 | V29: =N29 -> 0 | W29: =O29 -> 0 | Y29: 666511 | Z29: 0 | AA29: 0 | AB29: 0 | AC29: 0
C30: 666517 | D30: TISS,PORCINE,PANCREAS | E30: =VLOOKUP($C30,'Yields-Labor-Cube'!$A$24:$P$48,3,FALSE) -> 1 | F30: =VLOOKUP($C30,'Yields-Labor-Cube'!$A$24:$P$48,4,FALSE) -> 0.2 | G30: =VLOOKUP($C30,'Yields-Labor-Cube'!$A$24:$P$48,15,FALSE) -> 0.8 | H30: =VLOOKUP($C30,ModelsDemand_ToTissue!$D$42:$H$78,5,0) -> 303 | I30: =VLOOKUP(C30,SHAllocations!E23:V50,16,FALSE) -> 0 | J30: =SHAllocations!$H$8 -> 12 | K30: =ROUND(H30/J30*I30,0) -> 0 | L30: 1 | M30: =ROUND(K30*L30,0) -> 0 | N30: =E30*K30/60 -> 0 | O30: =F30*K30 -> 0 | P30: =VLOOKUP(C30,'Yields-Labor-Cube'!$A$23:$I$47,9,FALSE) -> 0.7 | Q30: =VLOOKUP($C30,'Yields-Labor-Cube'!$A$24:$O$47,13,FALSE) -> 0.95 | S30: =C30 -> 666517 | T30: =K30 -> 0 | U30: =M30 -> 0 | V30: =N30 -> 0 | W30: =O30 -> 0 | Y30: 666513 | Z30: 0 | AA30: 0 | AB30: 0 | AC30: 0
C31: 666518 | D31: TISS,PORCINE,FEM,PELVIC BLOCK,INTACT,SM | E31: =VLOOKUP($C31,'Yields-Labor-Cube'!$A$24:$P$48,3,FALSE) -> 3 | F31: =VLOOKUP($C31,'Yields-Labor-Cube'!$A$24:$P$48,4,FALSE) -> 1 | G31: =VLOOKUP($C31,'Yields-Labor-Cube'!$A$24:$P$48,15,FALSE) -> 0.85 | H31: =VLOOKUP($C31,ModelsDemand_ToTissue!$D$42:$H$78,5,0) -> 0 | I31: =VLOOKUP(C31,SHAllocations!E24:V51,16,FALSE) -> 0 | J31: =SHAllocations!$H$8 -> 12 | K31: =ROUND(H31/J31*I31,0) -> 0 | L31: 1 | M31: =ROUND(K31*L31,0) -> 0 | N31: =E31*K31/60 -> 0 | O31: =F31*K31 -> 0 | P31: =VLOOKUP(C31,'Yields-Labor-Cube'!$A$23:$I$47,9,FALSE) -> 0.35 | Q31: =VLOOKUP($C31,'Yields-Labor-Cube'!$A$24:$O$47,13,FALSE) -> 0.2 | S31: =C31 -> 666518 | T31: =K31 -> 0 | U31: =M31 -> 0 | V31: =N31 -> 0 | W31: =O31 -> 0 | Y31: 666516 | Z31: 0 | AA31: 0 | AB31: 0 | AC31: 0
C32: 666519 | D32: TISS,PORCINE,SPLEEN | E32: =VLOOKUP($C32,'Yields-Labor-Cube'!$A$24:$P$48,3,FALSE) -> 1 | F32: =VLOOKUP($C32,'Yields-Labor-Cube'!$A$24:$P$48,4,FALSE) -> 0.5 | G32: =VLOOKUP($C32,'Yields-Labor-Cube'!$A$24:$P$48,15,FALSE) -> 0.95 | H32: =VLOOKUP($C32,ModelsDemand_ToTissue!$D$42:$H$78,5,0) -> 303 | I32: =VLOOKUP(C32,SHAllocations!E25:V52,16,FALSE) -> 0 | J32: =SHAllocations!$H$8 -> 12 | K32: =ROUND(H32/J32*I32,0) -> 0 | L32: 1 | M32: =ROUND(K32*L32,0) -> 0 | N32: =E32*K32/60 -> 0 | O32: =F32*K32 -> 0 | P32: =VLOOKUP(C32,'Yields-Labor-Cube'!$A$23:$I$47,9,FALSE) -> 0.7 | Q32: =VLOOKUP($C32,'Yields-Labor-Cube'!$A$24:$O$47,13,FALSE) -> 0.95 | S32: =C32 -> 666519 | T32: =K32 -> 0 | U32: =M32 -> 0 | V32: =N32 -> 0 | W32: =O32 -> 0 | Y32: 666517 | Z32: 0 | AA32: 0 | AB32: 0 | AC32: 0
... C42: 666545 | D42: TISS, Rectum | E42: =VLOOKUP($C42,'Yields-Labor-Cube'!$A$24:$P$48,3,FALSE) -> 3 | F42: =VLOOKUP($C42,'Yields-Labor-Cube'!$A$24:$P$48,4,FALSE) -> 0.1 | G42: =VLOOKUP($C42,'Yields-Labor-Cube'!$A$24:$P$48,15,FALSE) -> 0.95 | H42: =VLOOKUP($C42,ModelsDemand_ToTissue!$D$42:$H$78,5,0) -> 158.5 | I42: =VLOOKUP(C42,SHAllocations!E35:V62,16,FALSE) -> 0 | J42: =SHAllocations!$H$8 -> 12 | K42: =ROUND(H42/J42*I42,0) -> 0 | L42: 1 | M42: =ROUND(K42*L42,0) -> 0 | N42: =E42*K42/60 -> 0 | O42: =F42*K42 -> 0 | P42: =VLOOKUP(C42,'Yields-Labor-Cube'!$A$23:$I$47,9,FALSE) -> 0.7 | Q42: =VLOOKUP($C42,'Yields-Labor-Cube'!$A$24:$O$47,13,FALSE) -> 0.95 | S42: =C42 -> 666545 | T42: =K42 -> 0 | U42: =M42 -> 0 | V42: =N42 -> 0 | W42: =O42 -> 0 | Y42: 666545 | Z42: 0 | AA42: 0 | AB42: 0 | AC42: 0
M44: =SUM(M20:M40) -> 27 | N44: =SUM(N20:N40) -> 1.5666667 | O44: =SUM(O20:O40) -> 33.6
L45: Fixed Labor:
L46: Pigs/week | M46: =D7 -> 250
L47: Labor cap | N47: ='Old2'!F81*5 -> 23.625
K48: Manning | L48: Freezers | O48: =K72*L66 -> 160
L49: Trips | O49: 1
L50: Freezer cube t | O50: =O48*O49 -> 160
L51: Total: | M51: =M44/M46 -> 0.108 | N51: =N45/N47 -> 0 | O51: =O44/O50 -> 0.21
L53: Labor Availability | M53: Daily Available Hours | N53: Incluidying d&d Uptime % | O53: Quality Yield % | P53: Headcount
O54: Already yielded by type
L56: =(M56-1)*N56*O56*P56 -> 6.75 | M56: 10 | N56: 0.75 | O56: =$F$6 -> 1 | P56: =O62 -> 1
L57: =(M57-1)*N57*O57*P57 -> 6 | M57: 9 | N57: 0.75 | O57: =$F$6 -> 1 | P57: =O61 -> 1
L58: =(M58)*N58*O58*P58 -> 6 | M58: 8 | N58: 0.75 | O58: =$F$6 -> 1 | P58: =O62 -> 1
J60: M | K60: T | L60: W | M60: Th | N60: F
I61: Nahunta | J61: 1 | L61: 1 | M61: 1 | N61: 1 | O61: =SUM(J61:N61)/COUNT(J61:N61) -> 1
I62: Custom | J62: 1 | M62: 1 | O62: =SUM(J62:N62)/COUNT(J62:N62) -> 1
I63: Martin | J63: 1 | K63: 3 | L63: 2 | M63: 1 | N63: 2 | O63: =SUM(J63:N63)/COUNT(J63:N63) -> 1.8
I64: Total | J64: =SUM(J61:J63) -> 3 | K64: =SUM(K61:K63) -> 3 | L64: =SUM(L61:L63) -> 3 | M64: =SUM(M61:M63) -> 3 | N64: =SUM(N61:N63) -> 3 | O64: =SUM(J64:N64)/COUNT(J64:N64) -> 3
K66: Total: | L66: =L68*L67 -> 80
J67: Pelvics | K67: Per shelf | L67: 20
K68: Shelf | L68: 4
J69: Days: | K69: #Coolers | L69: Cap | M69: Total
I70: Nahunta | J70: 4 | K70: 3 | L70: =$V$9 -> 0 | M70: =K70*L70 -> 0
I71: Martin | J71: 5 | K71: 3 | L71: =$V$9 -> 0 | M71: =K71*L71 -> 0
I72: Parks | J72: 2 | K72: 2 | L72: =$V$9 -> 0 | M72: =K72*L72 -> 0

Sheet Rule
I4: IF(VLOOKUP(C10,'[Tissue Forecasting Tool.xlsx]tissue'!$B$6:$V$44,7,FALSE)>0,VLOOKUP(C10,'[Tissue Forecasting Tool.xlsx]tissue'!$B$6:$V$44,7,FALSE),"")
E7: 666035 | H7: 666037-01 | I7: 666038 | J7: 666045 | K7: 666052 | L7: 666041 | M7: 666040 | N7: 666044 | O7: 666054 | Q7: 666053 | R7: 666081 | S7: 666049 | T7: 666050 | U7: 666051 | V7: 666043-01 | W7: 666042 | X7: 666069 | Y7: 666068 | Z7: 666079 | AA7: 666082
E8: =IFERROR(VLOOKUP(E$9,$I$48:$K$65,3,FALSE),"Missing") -> Bariatric Foregut Complex Model | F8: =IFERROR(VLOOKUP(F$9,$I$48:$K$65,3,FALSE),"Missing") -> Bariartric Standard Model | G8: =IFERROR(VLOOKUP(G$9,$I$48:$K$65,3,FALSE),"Missing") -> Missing | H8: =IFERROR(VLOOKUP(H$9,$I$48:$K$65,3,FALSE),"Missing") -> Colorectal Model | I8: =IFERROR(VLOOKUP(I$9,$I$48:$K$65,3,FALSE),"Missing") -> Esophagectomy Model | J8: =IFERROR(VLOOKUP(J$9,$I$48:$K$65,3,FALSE),"Missing") -> Gallbladder Model | K8: =IFERROR(VLOOKUP(K$9,$I$48:$K$65,3,FALSE),"Missing") -> GYN Standard Model | L8: =IFERROR(VLOOKUP(L$9,$I$48:$K$65,3,FALSE),"Missing") -> INGUINAL HERNIA LEFT | ... Q8: =IFERROR(VLOOKUP(Q$9,$I$48:$K$65,3,FALSE),"Missing") -> Prostate Model | R8: CARDIAC - SUPINE CHEST | S8: =IFERROR(VLOOKUP(S$9,$I$48:$K$65,3,FALSE),"Missing") -> Small Bowel Model | T8: =IFERROR(VLOOKUP(T$9,$I$48:$K$65,3,FALSE),"Missing") -> Thoracic Standard Model | U8: =IFERROR(VLOOKUP(U$9,$I$48:$K$65,3,FALSE),"Missing") -> Thoracic Thymectomy Model | V8: =IFERROR(VLOOKUP(V$9,$I$48:$K$65,3,FALSE),"Missing") -> Ventral Hernia Complex Model | W8: =IFERROR(VLOOKUP(W$9,$I$48:$K$65,3,FALSE),"Missing") -> Ventral Hernia Standard Model | X8: Dv Tech | Y8: Cardiac - MVr | Z8: Cardiac - CABG | AA8: Cardiac - Mammary Artery
E9: BFX | F9: BFS | G9: CAR | H9: COL | I9: ESO | J9: GBT | K9: GYN | L9: IHL | M9: IHR | N9: KBT | O9: NEP | P9: PBT | Q9: PRO | R9: SKL | S9: SMB | T9: THS | U9: THT | V9: VHX | W9: VHS | X9: DvTECH | Y9: MVr | Z9: CABG | AA9: Mamm
C10: 666501 | D10: TISS,PORCINE,AORTA SEGMENTS | H10: 3 | K10: 2 | P10: 1 | X10: 1
C11: 666502 | D11: TISS,PORCINE,BARIATRIC BLOCK | P11: 1 | X11: 1
C12: 666505 | D12: TISS,PORCINE,LIVER | H12: 1
C13: 666506 | D13: TISS,PORCINE,PELVIC BLOCK | H13: 2 | O13: 2 | P13: 1
C14: 666507 | D14: TISS,PORCINE,FULL THOR AND BARI BLOCK | E14: 1
C15: 666509 | D15: TISS,PORCINE,JEJUNUM,W/LYMPH NODES (6FT) | E15: 1 | H15: 1
C16: 666510 | D16: TISS,PORCINE,JEJUNUM (3FT) | S16: 1
C17: 666511 | D17: TISS,PORCINE,KIDNEY BLOCK | N17: 1 | O17: 1
C18: 666513 | D18: TISS,PORCINE,LIVER WITH GALLBLADDER | J18: 1
C19: 666516 | D19: TISS,PORCINE,OMENTUM | H19: 1
C20: 666517 | D20: TISSUE, PORCINE, PANCREAS | H20: 1
C21: 666518 | D21: TISS,PORCINE,FEM,PELVIC BLOCK,INTACT,SM | K21: 0
C22: 666519 | D22: TISSUE, PORCINE, SPLEEN | H22: 1
C23: 666521 | D23: TISS,PORCINE,THORACIC BLOCK | I23: 1 | T23: 1 | U23: 1
C24: 666522 | D24: TISS,PORCINE,URETER | H24: 5 | I24: 1 | K24: 4 | Q24: 3
C25: 666523 | D25: TISSUE, PORCINE, VENA CAVA | L25: 1
C26: 666530 | D26: TISS,PORCINE,STOMACH
C27: 666531 | D27: TISS,PORCINE,DIAPHRAGM | Q27: 1
C28: 666540 | D28: Male Pelvic | X28: 0
C29: 666541 | D29: Female Pelvic | K29: 1 | Q29: 1 | X29: 1
C30: 666504 | D30: TISS,PORCINE,BELLY,LARGE | E30: 1 | I30: 1 | K30: 1 | L30: 0.5 | N30: 0.5 | O30: 1 | P30: 0.25 | Q30: 1 | V30: 0.5 | W30: 1
C31: 666512 | D31: TISS,PORCINE,LEAF FAT | E31: 1.5 | H31: 3 | I31: 1 | K31: 4 | L31: 1 | O31: 1 | P31: 1.5 | Q31: 2 | V31: 2 | W31: 1 | X31: 1
C32: 666534 | D32: TISS,PORCINE,BELLY,LARGE
C33: 666536 | D33: TISS,PORCINE,THORACIC BLOCK, LARGE | Y33: 1
C34: 666520 | D34: TISS, LOIN | O34: 0.5
C35: 666545 | D35: TISS, Rectum | K35: 1 | V35: 0.5
C37: 666357 | D37: S/A,TISS,BELLY,LARGE,PLANED | H37: 1 | K37: 1 | P37: 1 | Q37: 1 | X37: 1
C38: 666356 | D38: S/A,TISS,BELLY,PLANED,3/4IN | E38: 0.2 | H38: 2 | I38: 0.5 | K38: 2 | N38: 0.5 | P38: 2 | Q38: 2
C39: 666371 | D39: S/A,TISS,BELLY,LARGE,MUSCLE SHELF | H39: 1 | P39: 1
C40: 666360 | D40: S/A,TISS,LEAF FAT MEMBRANE | V40: 1
C41: 666363 | D41: S/A,TISS,LEAF FAT MEMBRANE,DYED | E41: 2 | K41: 3 | P41: 2 | Q41: 1.5 | V41: 1 | W41: 1
C42: 666372 | D42: S/A,TISS,BELLY,PLANED,SKINLESS,1/2IN | Q42: 1 | W42: 0.5
C43: 666362 | D43: S/A,TISS,LEAF FAT FAT,DYED | E43: 1 | H43: 2 | I43: 1 | Q43: 1
C44: 666361 | D44: S/A,TISS,SKIN | Q44: 1 | V44: 1
C45: 666433 | D45: S/A. TISS, LEAF FAT, INTACT, DYED | X45: 0.75
C46: 666435 | D46: S/A. TISS, LEAF FAT, NON-INTACT, DYED | X46: 0.75
E48: BFX Bariatric Foregut Complex | I48: =LEFT(E48,3) -> BFX | J48: =_xlfn.TEXTAFTER(E48, " ", 1) -> Bariatric Foregut Complex | K48: Bariatric Foregut Complex Model
E49: COL Colorectal | I49: =LEFT(E49,3) -> COL | J49: =_xlfn.TEXTAFTER(E49, " ", 1) -> Colorectal | K49: Colorectal Model
E50: ESO Esophagectomy | I50: =LEFT(E50,3) -> ESO | J50: =_xlfn.TEXTAFTER(E50, " ", 1) -> Esophagectomy | K50: Esophagectomy Model
E51: GBT Gallbladder | I51: =LEFT(E51,3) -> GBT | J51: =_xlfn.TEXTAFTER(E51, " ", 1) -> Gallbladder | K51: Gallbladder Model
E52: GYN GYN | I52: =LEFT(E52,3) -> GYN | J52: =_xlfn.TEXTAFTER(E52, " ", 1) -> GYN | K52: GYN Standard Model
E53: IHL Inguinal Hernia Left | I53: =LEFT(E53,3) -> IHL | J53: =_xlfn.TEXTAFTER(E53, " ", 1) -> Inguinal Hernia Left | K53: INGUINAL HERNIA LEFT
E54: IHR Inguinal Hernia Right | I54: =LEFT(E54,3) -> IHR | J54: =_xlfn.TEXTAFTER(E54, " ", 1) -> Inguinal Hernia Right | K54: INGUINAL HERNIA RIGHT
E55: KBT Kidney Model | I55: =LEFT(E55,3) -> KBT | J55: =_xlfn.TEXTAFTER(E55, " ", 1) -> Kidney Model | K55: Kidney Model
E56: NEP Nephrectomy | I56: =LEFT(E56,3) -> NEP | J56: =_xlfn.TEXTAFTER(E56, " ", 1) -> Nephrectomy | K56: Nephrectomy Model
E57: PBT Pelvic Basic Training/DvTech | I57: =LEFT(E57,3) -> PBT | J57: =_xlfn.TEXTAFTER(E57, " ", 1) -> Pelvic Basic Training/DvTech | K57: Pelvic Model
E58: PRO Prostate | I58: =LEFT(E58,3) -> PRO | J58: =_xlfn.TEXTAFTER(E58, " ", 1) -> Prostate | K58: Prostate Model
E59: SMB Small Bowel | I59: =LEFT(E59,3) -> SMB | J59: =_xlfn.TEXTAFTER(E59, " ", 1) -> Small Bowel | K59: Small Bowel Model
... E63: VHS Ventral Hernia Standard | I63: =LEFT(E63,3) -> VHS | J63: =_xlfn.TEXTAFTER(E63, " ", 1) -> Ventral Hernia Standard | K63: Ventral Hernia Standard Model
I64: BFS | J64: Bariartric Standard Model | K64: Bariartric Standard Model
I65: ION | J65: ION | K65: ION
E67: Bariatric Foregut Complex Model
E68: Bariatric Standard Model
E69: Colorectal Model
E70: Esophagectomy Model
E71: Gallbladder Model
E72: GYN Standard Model
E73: INGUINAL HERNIA LEFT
E74: INGUINAL HERNIA RIGHT
E75: ION
E76: Kidney Model
E77: Nephrectomy Model
E78: Pelvic Model
... E84: Ventral Hernia Standard Model

Sheet ModelsDemand_ToTissue
I2: Global
A3: PN | B3: APHIS | D3: Model | F3: Q2'25 BP | G3: Q3'25 BP | H3: Q4'25 BP | I3: Q1'26 BP | J3: Q2'26 BP | K3: Q3'26 BP | L3: Q4'26 BP | M3: Q1'27 BP | N3: Q2'27 BP | O3: Q3'27 BP | P3: Q4'27 BP | Q3: Q_Test
A4: 666035 | B4: YES | C4: 666035 | D4: Bariatric Foregut Complex Model | F4: 130 | G4: 180 | H4: 185 | I4: 230 | J4: 90 | K4: 90 | L4: 85 | M4: 95 | N4: 95 | O4: 90 | P4: 99
A5: 666036 | B5: YES | C5: 666079 | D5: Cardiac - CABG | F5: 0 | G5: 0 | H5: 0 | I5: 0 | J5: 0 | K5: 0 | L5: 30 | M5: 35 | N5: 30 | O5: 12 | P5: 13
A6: 666037 | B6: YES | C6: 666037-01 | D6: Colorectal Model | F6: 267 | G6: 295 | H6: 300 | I6: 340 | J6: 285 | K6: 305 | L6: 260 | M6: 265 | N6: 270 | O6: 275 | P6: 303
A7: 666038 | B7: YES | C7: 666038 | D7: Esophagectomy Model | F7: 3 | G7: 2 | H7: 2 | I7: 6 | J7: 4 | K7: 4 | L7: 10 | M7: 10 | N7: 10 | O7: 12 | P7: 13
A8: 666045 | B8: YES | C8: 666045 | D8: Gallbladder Model | F8: 315 | G8: 305 | H8: 380 | I8: 130 | J8: 130 | K8: 125 | L8: 170 | M8: 160 | N8: 150 | O8: 165 | P8: 182
A9: 666052 | B9: YES | C9: 666052 | D9: GYN Standard Model | F9: 80 | G9: 75 | H9: 100 | I9: 105 | J9: 115 | K9: 118 | L9: 110 | M9: 110 | N9: 110 | O9: 110 | P9: 121
A10: 666041 | B10: YES | C10: 666041 | D10: INGUINAL HERNIA LEFT | F10: 180 | G10: 265 | H10: 225 | I10: 215 | J10: 100 | K10: 180 | L10: 175 | M10: 195 | N10: 195 | O10: 195 | P10: 215
A11: 666040 | B11: YES | C11: 666040 | D11: INGUINAL HERNIA RIGHT | F11: 165 | G11: 265 | H11: 215 | I11: 215 | J11: 80 | K11: 140 | L11: 160 | M11: 180 | N11: 190 | O11: 195 | P11: 215
B12: YES | D12: ION | F12: 0 | G12: 0 | H12: 0 | I12: 0 | J12: 0 | K12: 0 | P12: 0
C13: 666069 | D13: Dv tech | I13: 1400 | J13: 1875 | K13: 2065 | L13: 1800 | M13: 1825 | N13: 1875 | O13: 1800 | P13: 1980
C14: 666082 | D14: Cardiac - Mammary Artery | I14: 16 | L14: 30 | M14: 35 | N14: 30 | O14: 12 | P14: 13
A15: 666044 | B15: YES | C15: 666044 | D15: Kidney Model | F15: 52 | G15: 40 | H15: 50 | I15: 30 | J15: 16 | K15: 20 | L15: 22 | M15: 30 | N15: 28 | O15: 32 | P15: 35
A16: 666054 | B16: YES | C16: 666054 | D16: Nephrectomy Model | F16: 0 | G16: 0 | H16: 15 | I16: 7 | J16: 10 | K16: 6 | L16: 5 | M16: 7 | N16: 8 | O16: 9 | P16: 10
A17: 666046-01 | B17: YES | C17: 666081 | D17: CARDIAC - SUPINE CHEST | F17: 1300 | G17: 1515 | H17: 1675 | I17: 500 | O17: 16 | P17: 18
A18: 666053 | B18: YES | C18: 666053 | D18: Prostate Model | F18: 40 | G18: 30 | H18: 38 | I18: 36 | J18: 30 | K18: 32 | L18: 34 | M18: 34 | N18: 40 | O18: 38 | P18: 42
A19: 666049 | B19: YES | C19: 666049 | D19: Small Bowel Model | F19: 25 | G19: 38 | H19: 39 | I19: 55 | J19: 140 | K19: 75 | L19: 105 | M19: 92 | N19: 80 | O19: 80 | P19: 88
A20: 666050 | B20: YES | C20: 666050 | D20: Thoracic Standard Model | F20: 70 | G20: 65 | H20: 70 | I20: 125 | J20: 105 | K20: 115 | L20: 115 | M20: 150 | N20: 150 | O20: 160 | P20: 176
A21: 666051 | B21: YES | C21: 666051 | D21: Thoracic Thymectomy Model | F21: 65 | G21: 65 | H21: 70 | I21: 75 | J21: 60 | K21: 75 | L21: 72 | M21: 72 | N21: 90 | O21: 83 | P21: 91
A22: 666043 | B22: YES | C22: 666043-01 | D22: Ventral Hernia Complex Model | F22: 26 | G22: 30 | H22: 42 | I22: 35 | J22: 26 | K22: 32 | L22: 68 | M22: 70 | N22: 70 | O22: 68 | P22: 75
C23: 666068 | D23: Cardiac - MVr | J23: 8 | K23: 8 | L23: 50 | M23: 30 | N23: 45 | O23: 25 | P23: 28
A24: 666042 | B24: YES | C24: 666042 | D24: Ventral Hernia Standard Model | F24: 320 | G24: 435 | H24: 345 | I24: 365 | J24: 160 | K24: 200 | L24: 100 | M24: 220 | N24: 250 | O24: 230 | P24: 253
D26: HC
D27: Q2'26 BP
D28: Q3'26 BP
D29: Q4'26 BP
D30: Q1'27 BP
D31: Q2'27 BP
D32: Q3'27 BP
D33: Q4'27 BP
D34: Q_Test
H36: =SUM(H42:H63) -> 17530
K37: Quarter: | L37: Q4'27 BP
K39: 666035 | M39: 666081 | N39: 666037-01 | O39: 666038 | P39: 666045 | Q39: 666052 | R39: 666041 | S39: 666040 | T39: 666044 | U39: 666054 | W39: 666053 | Y39: 666049 | Z39: 666050 | AA39: 666051 | AB39: 666043-01 | AC39: 666042 | AD39: 666069 | AE39: 666068 | AF39: 666079 | AG39: 666082
H40: Total Needed: | K40: Bariatric Foregut Complex Model | L40: Bariatric Standard Model | M40: CARDIAC - SUPINE CHEST | N40: Colorectal Model | O40: Esophagectomy Model | P40: Gallbladder Model | Q40: GYN Standard Model | R40: INGUINAL HERNIA LEFT | S40: INGUINAL HERNIA RIGHT | T40: Kidney Model | U40: Nephrectomy Model | V40: Pelvic Model | W40: Prostate Model | X40: Missing | Y40: Small Bowel Model | Z40: Thoracic Standard Model | AA40: Thoracic Thymectomy Model | AB40: Ventral Hernia Complex Model | AC40: Ventral Hernia Standard Model | AD40: Dv tech | AE40: Cardiac - MVr | AF40: Cardiac - CABG | AG40: Cardiac - Mammary Artery
K41: BFX | L41: BFS | M41: CAR | N41: COL | O41: ESO | P41: GBT | Q41: GYN | R41: IHL | S41: IHR | T41: KBT | U41: NEP | V41: PBT | W41: PRO | X41: SKL | Y41: SMB | Z41: THS | AA41: THT | AB41: VHX | AC41: VHS | AD41: Dvtech | AE41: MVr | AF41: CABG | AG41: Mamm
D42: 666501 | E42: TISS,PORCINE,AORTA SEGMENTS | H42: =SUM(K42:AE42) -> 3131 | K42: =IFERROR(INDEX($C$3:$AJ$24,MATCH(K$39,$C$3:$C$24,0),MATCH($L$37,$C$3:$AJ$3,0))*INDEX(Rule!$C$7:$AA$46,MATCH($D42,Rule!$C$7:$C$46,0),MATCH(K$39,Rule!$C$7:$AA$7,0)),"") -> 0 | L42: =IFERROR(INDEX($C$3:$AJ$24,MATCH(L$39,$C$3:$C$24,0),MATCH($L$37,$C$3:$AJ$3,0))*INDEX(Rule!$C$7:$AA$46,MATCH($D42,Rule!$C$7:$C$46,0),MATCH(L$39,Rule!$C$7:$AA$7,0)),"") | M42: =IFERROR(INDEX($C$3:$AJ$24,MATCH(M$39,$C$3:$C$24,0),MATCH($L$37,$C$3:$AJ$3,0))*INDEX(Rule!$C$7:$AA$46,MATCH($D42,Rule!$C$7:$C$46,0),MATCH(M$39,Rule!$C$7:$AA$7,0)),"") | N42: =IFERROR(INDEX($C$3:$AJ$24,MATCH(N$39,$C$3:$C$24,0),MATCH($L$37,$C$3:$AJ$3,0))*INDEX(Rule!$C$7:$AA$46,MATCH($D42,Rule!$C$7:$C$46,0),MATCH(N$39,Rule!$C$7:$AA$7,0)),"") -> 909 | O42: =IFERROR(INDEX($C$3:$AJ$24,MATCH(O$39,$C$3:$C$24,0),MATCH($L$37,$C$3:$AJ$3,0))*INDEX(Rule!$C$7:$AA$46,MATCH($D42,Rule!$C$7:$C$46,0),MATCH(O$39,Rule!$C$7:$AA$7,0)),"") | P42: =IFERROR(INDEX($C$3:$AJ$24,MATCH(P$39,$C$3:$C$24,0),MATCH($L$37,$C$3:$AJ$3,0))*INDEX(Rule!$C$7:$AA$46,MATCH($D42,Rule!$C$7:$C$46,0),MATCH(P$39,Rule!$C$7:$AA$7,0)),"") | Q42: =IFERROR(INDEX($C$3:$AJ$24,MATCH(Q$39,$C$3:$C$24,0),MATCH($L$37,$C$3:$AJ$3,0))*INDEX(Rule!$C$7:$AA$46,MATCH($D42,Rule!$C$7:$C$46,0),MATCH(Q$39,Rule!$C$7:$AA$7,0)),"") -> 242 | R42: =IFERROR(INDEX($C$3:$AJ$24,MATCH(R$39,$C$3:$C$24,0),MATCH($L$37,$C$3:$AJ$3,0))*INDEX(Rule!$C$7:$AA$46,MATCH($D42,Rule!$C$7:$C$46,0),MATCH(R$39,Rule!$C$7:$AA$7,0)),"") | ... AG42: =IFERROR(INDEX($C$3:$AJ$24,MATCH(AG$39,$C$3:$C$24,0),MATCH($L$37,$C$3:$AJ$3,0))*INDEX(Rule!$C$7:$AA$46,MATCH($D42,Rule!$C$7:$C$46,0),MATCH(AG$39,Rule!$C$7:$AA$7,0)),"") -> 0
D43: 666502 | E43: TISS,PORCINE,BARIATRIC BLOCK | H43: =SUM(K43:AE43) -> 1980 | K43: =IFERROR(INDEX($C$3:$AJ$24,MATCH(K$39,$C$3:$C$24,0),MATCH($L$37,$C$3:$AJ$3,0))*INDEX(Rule!$C$7:$AA$46,MATCH($D43,Rule!$C$7:$C$46,0),MATCH(K$39,Rule!$C$7:$AA$7,0)),"") -> 0 | L43: =IFERROR(INDEX($C$3:$AJ$24,MATCH(L$39,$C$3:$C$24,0),MATCH($L$37,$C$3:$AJ$3,0))*INDEX(Rule!$C$7:$AA$46,MATCH($D43,Rule!$C$7:$C$46,0),MATCH(L$39,Rule!$C$7:$AA$7,0)),"") | M43: =IFERROR(INDEX($C$3:$AJ$24,MATCH(M$39,$C$3:$C$24,0),MATCH($L$37,$C$3:$AJ$3,0))*INDEX(Rule!$C$7:$AA$46,MATCH($D43,Rule!$C$7:$C$46,0),MATCH(M$39,Rule!$C$7:$AA$7,0)),"") | N43: =IFERROR(INDEX($C$3:$AJ$24,MATCH(N$39,$C$3:$C$24,0),MATCH($L$37,$C$3:$AJ$3,0))*INDEX(Rule!$C$7:$AA$46,MATCH($D43,Rule!$C$7:$C$46,0),MATCH(N$39,Rule!$C$7:$AA$7,0)),"") -> 0 | O43: =IFERROR(INDEX($C$3:$AJ$24,MATCH(O$39,$C$3:$C$24,0),MATCH($L$37,$C$3:$AJ$3,0))*INDEX(Rule!$C$7:$AA$46,MATCH($D43,Rule!$C$7:$C$46,0),MATCH(O$39,Rule!$C$7:$AA$7,0)),"") | P43: =IFERROR(INDEX($C$3:$AJ$24,MATCH(P$39,$C$3:$C$24,0),MATCH($L$37,$C$3:$AJ$3,0))*INDEX(Rule!$C$7:$AA$46,MATCH($D43,Rule!$C$7:$C$46,0),MATCH(P$39,Rule!$C$7:$AA$7,0)),"") | Q43: =IFERROR(INDEX($C$3:$AJ$24,MATCH(Q$39,$C$3:$C$24,0),MATCH($L$37,$C$3:$AJ$3,0))*INDEX(Rule!$C$7:$AA$46,MATCH($D43,Rule!$C$7:$C$46,0),MATCH(Q$39,Rule!$C$7:$AA$7,0)),"") | R43: =IFERROR(INDEX($C$3:$AJ$24,MATCH(R$39,$C$3:$C$24,0),MATCH($L$37,$C$3:$AJ$3,0))*INDEX(Rule!$C$7:$AA$46,MATCH($D43,Rule!$C$7:$C$46,0),MATCH(R$39,Rule!$C$7:$AA$7,0)),"") | ... AG43: =IFERROR(INDEX($C$3:$AJ$24,MATCH(AG$39,$C$3:$C$24,0),MATCH($L$37,$C$3:$AJ$3,0))*INDEX(Rule!$C$7:$AA$46,MATCH($D43,Rule!$C$7:$C$46,0),MATCH(AG$39,Rule!$C$7:$AA$7,0)),"") -> 0
D44: 666505 | E44: TISS,PORCINE,LIVER | H44: =SUM(K44:AE44) -> 303 | K44: =IFERROR(INDEX($C$3:$AJ$24,MATCH(K$39,$C$3:$C$24,0),MATCH($L$37,$C$3:$AJ$3,0))*INDEX(Rule!$C$7:$AA$46,MATCH($D44,Rule!$C$7:$C$46,0),MATCH(K$39,Rule!$C$7:$AA$7,0)),"") -> 0 | L44: =IFERROR(INDEX($C$3:$AJ$24,MATCH(L$39,$C$3:$C$24,0),MATCH($L$37,$C$3:$AJ$3,0))*INDEX(Rule!$C$7:$AA$46,MATCH($D44,Rule!$C$7:$C$46,0),MATCH(L$39,Rule!$C$7:$AA$7,0)),"") | M44: =IFERROR(INDEX($C$3:$AJ$24,MATCH(M$39,$C$3:$C$24,0),MATCH($L$37,$C$3:$AJ$3,0))*INDEX(Rule!$C$7:$AA$46,MATCH($D44,Rule!$C$7:$C$46,0),MATCH(M$39,Rule!$C$7:$AA$7,0)),"") | N44: =IFERROR(INDEX($C$3:$AJ$24,MATCH(N$39,$C$3:$C$24,0),MATCH($L$37,$C$3:$AJ$3,0))*INDEX(Rule!$C$7:$AA$46,MATCH($D44,Rule!$C$7:$C$46,0),MATCH(N$39,Rule!$C$7:$AA$7,0)),"") -> 303 | O44: =IFERROR(INDEX($C$3:$AJ$24,MATCH(O$39,$C$3:$C$24,0),MATCH($L$37,$C$3:$AJ$3,0))*INDEX(Rule!$C$7:$AA$46,MATCH($D44,Rule!$C$7:$C$46,0),MATCH(O$39,Rule!$C$7:$AA$7,0)),"") | P44: =IFERROR(INDEX($C$3:$AJ$24,MATCH(P$39,$C$3:$C$24,0),MATCH($L$37,$C$3:$AJ$3,0))*INDEX(Rule!$C$7:$AA$46,MATCH($D44,Rule!$C$7:$C$46,0),MATCH(P$39,Rule!$C$7:$AA$7,0)),"") | Q44: =IFERROR(INDEX($C$3:$AJ$24,MATCH(Q$39,$C$3:$C$24,0),MATCH($L$37,$C$3:$AJ$3,0))*INDEX(Rule!$C$7:$AA$46,MATCH($D44,Rule!$C$7:$C$46,0),MATCH(Q$39,Rule!$C$7:$AA$7,0)),"") | R44: =IFERROR(INDEX($C$3:$AJ$24,MATCH(R$39,$C$3:$C$24,0),MATCH($L$37,$C$3:$AJ$3,0))*INDEX(Rule!$C$7:$AA$46,MATCH($D44,Rule!$C$7:$C$46,0),MATCH(R$39,Rule!$C$7:$AA$7,0)),"") | ... AG44: =IFERROR(INDEX($C$3:$AJ$24,MATCH(AG$39,$C$3:$C$24,0),MATCH($L$37,$C$3:$AJ$3,0))*INDEX(Rule!$C$7:$AA$46,MATCH($D44,Rule!$C$7:$C$46,0),MATCH(AG$39,Rule!$C$7:$AA$7,0)),"") -> 0
D45: 666506 | E45: TISS,PORCINE,PELVIC BLOCK | H45: =SUM(K45:AE45) -> 626 | K45: =IFERROR(INDEX($C$3:$AJ$24,MATCH(K$39,$C$3:$C$24,0),MATCH($L$37,$C$3:$AJ$3,0))*INDEX(Rule!$C$7:$AA$46,MATCH($D45,Rule!$C$7:$C$46,0),MATCH(K$39,Rule!$C$7:$AA$7,0)),"") -> 0 | L45: =IFERROR(INDEX($C$3:$AJ$24,MATCH(L$39,$C$3:$C$24,0),MATCH($L$37,$C$3:$AJ$3,0))*INDEX(Rule!$C$7:$AA$46,MATCH($D45,Rule!$C$7:$C$46,0),MATCH(L$39,Rule!$C$7:$AA$7,0)),"") | M45: =IFERROR(INDEX($C$3:$AJ$24,MATCH(M$39,$C$3:$C$24,0),MATCH($L$37,$C$3:$AJ$3,0))*INDEX(Rule!$C$7:$AA$46,MATCH($D45,Rule!$C$7:$C$46,0),MATCH(M$39,Rule!$C$7:$AA$7,0)),"") | N45: =IFERROR(INDEX($C$3:$AJ$24,MATCH(N$39,$C$3:$C$24,0),MATCH($L$37,$C$3:$AJ$3,0))*INDEX(Rule!$C$7:$AA$46,MATCH($D45,Rule!$C$7:$C$46,0),MATCH(N$39,Rule!$C$7:$AA$7,0)),"") -> 606 | O45: =IFERROR(INDEX($C$3:$AJ$24,MATCH(O$39,$C$3:$C$24,0),MATCH($L$37,$C$3:$AJ$3,0))*INDEX(Rule!$C$7:$AA$46,MATCH($D45,Rule!$C$7:$C$46,0),MATCH(O$39,Rule!$C$7:$AA$7,0)),"") | P45: =IFERROR(INDEX($C$3:$AJ$24,MATCH(P$39,$C$3:$C$24,0),MATCH($L$37,$C$3:$AJ$3,0))*INDEX(Rule!$C$7:$AA$46,MATCH($D45,Rule!$C$7:$C$46,0),MATCH(P$39,Rule!$C$7:$AA$7,0)),"") | Q45: =IFERROR(INDEX($C$3:$AJ$24,MATCH(Q$39,$C$3:$C$24,0),MATCH($L$37,$C$3:$AJ$3,0))*INDEX(Rule!$C$7:$AA$46,MATCH($D45,Rule!$C$7:$C$46,0),MATCH(Q$39,Rule!$C$7:$AA$7,0)),"") | R45: =IFERROR(INDEX($C$3:$AJ$24,MATCH(R$39,$C$3:$C$24,0),MATCH($L$37,$C$3:$AJ$3,0))*INDEX(Rule!$C$7:$AA$46,MATCH($D45,Rule!$C$7:$C$46,0),MATCH(R$39,Rule!$C$7:$AA$7,0)),"") | ... AG45: =IFERROR(INDEX($C$3:$AJ$24,MATCH(AG$39,$C$3:$C$24,0),MATCH($L$37,$C$3:$AJ$3,0))*INDEX(Rule!$C$7:$AA$46,MATCH($D45,Rule!$C$7:$C$46,0),MATCH(AG$39,Rule!$C$7:$AA$7,0)),"") -> 0
D46: 666507 | E46: TISS,PORCINE,FULL THOR AND BARI BLOCK | H46: =SUM(K46:AE46) -> 99 | K46: =IFERROR(INDEX($C$3:$AJ$24,MATCH(K$39,$C$3:$C$24,0),MATCH($L$37,$C$3:$AJ$3,0))*INDEX(Rule!$C$7:$AA$46,MATCH($D46,Rule!$C$7:$C$46,0),MATCH(K$39,Rule!$C$7:$AA$7,0)),"") -> 99 | L46: =IFERROR(INDEX($C$3:$AJ$24,MATCH(L$39,$C$3:$C$24,0),MATCH($L$37,$C$3:$AJ$3,0))*INDEX(Rule!$C$7:$AA$46,MATCH($D46,Rule!$C$7:$C$46,0),MATCH(L$39,Rule!$C$7:$AA$7,0)),"") | M46: =IFERROR(INDEX($C$3:$AJ$24,MATCH(M$39,$C$3:$C$24,0),MATCH($L$37,$C$3:$AJ$3,0))*INDEX(Rule!$C$7:$AA$46,MATCH($D46,Rule!$C$7:$C$46,0),MATCH(M$39,Rule!$C$7:$AA$7,0)),"") | N46: =IFERROR(INDEX($C$3:$AJ$24,MATCH(N$39,$C$3:$C$24,0),MATCH($L$37,$C$3:$AJ$3,0))*INDEX(Rule!$C$7:$AA$46,MATCH($D46,Rule!$C$7:$C$46,0),MATCH(N$39,Rule!$C$7:$AA$7,0)),"") -> 0 | O46: =IFERROR(INDEX($C$3:$AJ$24,MATCH(O$39,$C$3:$C$24,0),MATCH($L$37,$C$3:$AJ$3,0))*INDEX(Rule!$C$7:$AA$46,MATCH($D46,Rule!$C$7:$C$46,0),MATCH(O$39,Rule!$C$7:$AA$7,0)),"") | P46: =IFERROR(INDEX($C$3:$AJ$24,MATCH(P$39,$C$3:$C$24,0),MATCH($L$37,$C$3:$AJ$3,0))*INDEX(Rule!$C$7:$AA$46,MATCH($D46,Rule!$C$7:$C$46,0),MATCH(P$39,Rule!$C$7:$AA$7,0)),"") | Q46: =IFERROR(INDEX($C$3:$AJ$24,MATCH(Q$39,$C$3:$C$24,0),MATCH($L$37,$C$3:$AJ$3,0))*INDEX(Rule!$C$7:$AA$46,MATCH($D46,Rule!$C$7:$C$46,0),MATCH(Q$39,Rule!$C$7:$AA$7,0)),"") | R46: =IFERROR(INDEX($C$3:$AJ$24,MATCH(R$39,$C$3:$C$24,0),MATCH($L$37,$C$3:$AJ$3,0))*INDEX(Rule!$C$7:$AA$46,MATCH($D46,Rule!$C$7:$C$46,0),MATCH(R$39,Rule!$C$7:$AA$7,0)),"") | ... AG46: =IFERROR(INDEX($C$3:$AJ$24,MATCH(AG$39,$C$3:$C$24,0),MATCH($L$37,$C$3:$AJ$3,0))*INDEX(Rule!$C$7:$AA$46,MATCH($D46,Rule!$C$7:$C$46,0),MATCH(AG$39,Rule!$C$7:$AA$7,0)),"") -> 0
D47: 666509 | E47: TISS,PORCINE,JEJUNUM,W/LYMPH NODES (6FT) | H47: =SUM(K47:AE47) -> 402 | K47: =IFERROR(INDEX($C$3:$AJ$24,MATCH(K$39,$C$3:$C$24,0),MATCH($L$37,$C$3:$AJ$3,0))*INDEX(Rule!$C$7:$AA$46,MATCH($D47,Rule!$C$7:$C$46,0),MATCH(K$39,Rule!$C$7:$AA$7,0)),"") -> 99 | L47: =IFERROR(INDEX($C$3:$AJ$24,MATCH(L$39,$C$3:$C$24,0),MATCH($L$37,$C$3:$AJ$3,0))*INDEX(Rule!$C$7:$AA$46,MATCH($D47,Rule!$C$7:$C$46,0),MATCH(L$39,Rule!$C$7:$AA$7,0)),"") | M47: =IFERROR(INDEX($C$3:$AJ$24,MATCH(M$39,$C$3:$C$24,0),MATCH($L$37,$C$3:$AJ$3,0))*INDEX(Rule!$C$7:$AA$46,MATCH($D47,Rule!$C$7:$C$46,0),MATCH(M$39,Rule!$C$7:$AA$7,0)),"") | N47: =IFERROR(INDEX($C$3:$AJ$24,MATCH(N$39,$C$3:$C$24,0),MATCH($L$37,$C$3:$AJ$3,0))*INDEX(Rule!$C$7:$AA$46,MATCH($D47,Rule!$C$7:$C$46,0),MATCH(N$39,Rule!$C$7:$AA$7,0)),"") -> 303 | O47: =IFERROR(INDEX($C$3:$AJ$24,MATCH(O$39,$C$3:$C$24,0),MATCH($L$37,$C$3:$AJ$3,0))*INDEX(Rule!$C$7:$AA$46,MATCH($D47,Rule!$C$7:$C$46,0),MATCH(O$39,Rule!$C$7:$AA$7,0)),"") | P47: =IFERROR(INDEX($C$3:$AJ$24,MATCH(P$39,$C$3:$C$24,0),MATCH($L$37,$C$3:$AJ$3,0))*INDEX(Rule!$C$7:$AA$46,MATCH($D47,Rule!$C$7:$C$46,0),MATCH(P$39,Rule!$C$7:$AA$7,0)),"") | Q47: =IFERROR(INDEX($C$3:$AJ$24,MATCH(Q$39,$C$3:$C$24,0),MATCH($L$37,$C$3:$AJ$3,0))*INDEX(Rule!$C$7:$AA$46,MATCH($D47,Rule!$C$7:$C$46,0),MATCH(Q$39,Rule!$C$7:$AA$7,0)),"") | R47: =IFERROR(INDEX($C$3:$AJ$24,MATCH(R$39,$C$3:$C$24,0),MATCH($L$37,$C$3:$AJ$3,0))*INDEX(Rule!$C$7:$AA$46,MATCH($D47,Rule!$C$7:$C$46,0),MATCH(R$39,Rule!$C$7:$AA$7,0)),"") | ... AG47: =IFERROR(INDEX($C$3:$AJ$24,MATCH(AG$39,$C$3:$C$24,0),MATCH($L$37,$C$3:$AJ$3,0))*INDEX(Rule!$C$7:$AA$46,MATCH($D47,Rule!$C$7:$C$46,0),MATCH(AG$39,Rule!$C$7:$AA$7,0)),"") -> 0
D48: 666510 | E48: TISS,PORCINE,JEJUNUM,W/LYMPH NODES (3FT) | H48: =SUM(K48:AE48) -> 88 | K48: =IFERROR(INDEX($C$3:$AJ$24,MATCH(K$39,$C$3:$C$24,0),MATCH($L$37,$C$3:$AJ$3,0))*INDEX(Rule!$C$7:$AA$46,MATCH($D48,Rule!$C$7:$C$46,0),MATCH(K$39,Rule!$C$7:$AA$7,0)),"") -> 0 | L48: =IFERROR(INDEX($C$3:$AJ$24,MATCH(L$39,$C$3:$C$24,0),MATCH($L$37,$C$3:$AJ$3,0))*INDEX(Rule!$C$7:$AA$46,MATCH($D48,Rule!$C$7:$C$46,0),MATCH(L$39,Rule!$C$7:$AA$7,0)),"") | M48: =IFERROR(INDEX($C$3:$AJ$24,MATCH(M$39,$C$3:$C$24,0),MATCH($L$37,$C$3:$AJ$3,0))*INDEX(Rule!$C$7:$AA$46,MATCH($D48,Rule!$C$7:$C$46,0),MATCH(M$39,Rule!$C$7:$AA$7,0)),"") | N48: =IFERROR(INDEX($C$3:$AJ$24,MATCH(N$39,$C$3:$C$24,0),MATCH($L$37,$C$3:$AJ$3,0))*INDEX(Rule!$C$7:$AA$46,MATCH($D48,Rule!$C$7:$C$46,0),MATCH(N$39,Rule!$C$7:$AA$7,0)),"") -> 0 | O48: =IFERROR(INDEX($C$3:$AJ$24,MATCH(O$39,$C$3:$C$24,0),MATCH($L$37,$C$3:$AJ$3,0))*INDEX(Rule!$C$7:$AA$46,MATCH($D48,Rule!$C$7:$C$46,0),MATCH(O$39,Rule!$C$7:$AA$7,0)),"") | P48: =IFERROR(INDEX($C$3:$AJ$24,MATCH(P$39,$C$3:$C$24,0),MATCH($L$37,$C$3:$AJ$3,0))*INDEX(Rule!$C$7:$AA$46,MATCH($D48,Rule!$C$7:$C$46,0),MATCH(P$39,Rule!$C$7:$AA$7,0)),"") | Q48: =IFERROR(INDEX($C$3:$AJ$24,MATCH(Q$39,$C$3:$C$24,0),MATCH($L$37,$C$3:$AJ$3,0))*INDEX(Rule!$C$7:$AA$46,MATCH($D48,Rule!$C$7:$C$46,0),MATCH(Q$39,Rule!$C$7:$AA$7,0)),"") | R48: =IFERROR(INDEX($C$3:$AJ$24,MATCH(R$39,$C$3:$C$24,0),MATCH($L$37,$C$3:$AJ$3,0))*INDEX(Rule!$C$7:$AA$46,MATCH($D48,Rule!$C$7:$C$46,0),MATCH(R$39,Rule!$C$7:$AA$7,0)),"") | ... AG48: =IFERROR(INDEX($C$3:$AJ$24,MATCH(AG$39,$C$3:$C$24,0),MATCH($L$37,$C$3:$AJ$3,0))*INDEX(Rule!$C$7:$AA$46,MATCH($D48,Rule!$C$7:$C$46,0),MATCH(AG$39,Rule!$C$7:$AA$7,0)),"") -> 0
D49: 666511 | E49: TISS,PORCINE,KIDNEY BLOCK | H49: =SUM(K49:AE49) -> 45 | K49: =IFERROR(INDEX($C$3:$AJ$24,MATCH(K$39,$C$3:$C$24,0),MATCH($L$37,$C$3:$AJ$3,0))*INDEX(Rule!$C$7:$AA$46,MATCH($D49,Rule!$C$7:$C$46,0),MATCH(K$39,Rule!$C$7:$AA$7,0)),"") -> 0 | L49: =IFERROR(INDEX($C$3:$AJ$24,MATCH(L$39,$C$3:$C$24,0),MATCH($L$37,$C$3:$AJ$3,0))*INDEX(Rule!$C$7:$AA$46,MATCH($D49,Rule!$C$7:$C$46,0),MATCH(L$39,Rule!$C$7:$AA$7,0)),"") | M49: =IFERROR(INDEX($C$3:$AJ$24,MATCH(M$39,$C$3:$C$24,0),MATCH($L$37,$C$3:$AJ$3,0))*INDEX(Rule!$C$7:$AA$46,MATCH($D49,Rule!$C$7:$C$46,0),MATCH(M$39,Rule!$C$7:$AA$7,0)),"") | N49: =IFERROR(INDEX($C$3:$AJ$24,MATCH(N$39,$C$3:$C$24,0),MATCH($L$37,$C$3:$AJ$3,0))*INDEX(Rule!$C$7:$AA$46,MATCH($D49,Rule!$C$7:$C$46,0),MATCH(N$39,Rule!$C$7:$AA$7,0)),"") -> 0 | O49: =IFERROR(INDEX($C$3:$AJ$24,MATCH(O$39,$C$3:$C$24,0),MATCH($L$37,$C$3:$AJ$3,0))*INDEX(Rule!$C$7:$AA$46,MATCH($D49,Rule!$C$7:$C$46,0),MATCH(O$39,Rule!$C$7:$AA$7,0)),"") | P49: =IFERROR(INDEX($C$3:$AJ$24,MATCH(P$39,$C$3:$C$24,0),MATCH($L$37,$C$3:$AJ$3,0))*INDEX(Rule!$C$7:$AA$46,MATCH($D49,Rule!$C$7:$C$46,0),MATCH(P$39,Rule!$C$7:$AA$7,0)),"") | Q49: =IFERROR(INDEX($C$3:$AJ$24,MATCH(Q$39,$C$3:$C$24,0),MATCH($L$37,$C$3:$AJ$3,0))*INDEX(Rule!$C$7:$AA$46,MATCH($D49,Rule!$C$7:$C$46,0),MATCH(Q$39,Rule!$C$7:$AA$7,0)),"") | R49: =IFERROR(INDEX($C$3:$AJ$24,MATCH(R$39,$C$3:$C$24,0),MATCH($L$37,$C$3:$AJ$3,0))*INDEX(Rule!$C$7:$AA$46,MATCH($D49,Rule!$C$7:$C$46,0),MATCH(R$39,Rule!$C$7:$AA$7,0)),"") | ... AG49: =IFERROR(INDEX($C$3:$AJ$24,MATCH(AG$39,$C$3:$C$24,0),MATCH($L$37,$C$3:$AJ$3,0))*INDEX(Rule!$C$7:$AA$46,MATCH($D49,Rule!$C$7:$C$46,0),MATCH(AG$39,Rule!$C$7:$AA$7,0)),"") -> 0
D50: 666513 | E50: TISS,PORCINE,LIVER WITH GALLBLADDER | H50: =SUM(K50:AE50) -> 182 | K50: =IFERROR(INDEX($C$3:$AJ$24,MATCH(K$39,$C$3:$C$24,0),MATCH($L$37,$C$3:$AJ$3,0))*INDEX(Rule!$C$7:$AA$46,MATCH($D50,Rule!$C$7:$C$46,0),MATCH(K$39,Rule!$C$7:$AA$7,0)),"") -> 0 | L50: =IFERROR(INDEX($C$3:$AJ$24,MATCH(L$39,$C$3:$C$24,0),MATCH($L$37,$C$3:$AJ$3,0))*INDEX(Rule!$C$7:$AA$46,MATCH($D50,Rule!$C$7:$C$46,0),MATCH(L$39,Rule!$C$7:$AA$7,0)),"") | M50: =IFERROR(INDEX($C$3:$AJ$24,MATCH(M$39,$C$3:$C$24,0),MATCH($L$37,$C$3:$AJ$3,0))*INDEX(Rule!$C$7:$AA$46,MATCH($D50,Rule!$C$7:$C$46,0),MATCH(M$39,Rule!$C$7:$AA$7,0)),"") | N50: =IFERROR(INDEX($C$3:$AJ$24,MATCH(N$39,$C$3:$C$24,0),MATCH($L$37,$C$3:$AJ$3,0))*INDEX(Rule!$C$7:$AA$46,MATCH($D50,Rule!$C$7:$C$46,0),MATCH(N$39,Rule!$C$7:$AA$7,0)),"") -> 0 | O50: =IFERROR(INDEX($C$3:$AJ$24,MATCH(O$39,$C$3:$C$24,0),MATCH($L$37,$C$3:$AJ$3,0))*INDEX(Rule!$C$7:$AA$46,MATCH($D50,Rule!$C$7:$C$46,0),MATCH(O$39,Rule!$C$7:$AA$7,0)),"") | P50: =IFERROR(INDEX($C$3:$AJ$24,MATCH(P$39,$C$3:$C$24,0),MATCH($L$37,$C$3:$AJ$3,0))*INDEX(Rule!$C$7:$AA$46,MATCH($D50,Rule!$C$7:$C$46,0),MATCH(P$39,Rule!$C$7:$AA$7,0)),"") -> 182 | Q50: =IFERROR(INDEX($C$3:$AJ$24,MATCH(Q$39,$C$3:$C$24,0),MATCH($L$37,$C$3:$AJ$3,0))*INDEX(Rule!$C$7:$AA$46,MATCH($D50,Rule!$C$7:$C$46,0),MATCH(Q$39,Rule!$C$7:$AA$7,0)),"") | R50: =IFERROR(INDEX($C$3:$AJ$24,MATCH(R$39,$C$3:$C$24,0),MATCH($L$37,$C$3:$AJ$3,0))*INDEX(Rule!$C$7:$AA$46,MATCH($D50,Rule!$C$7:$C$46,0),MATCH(R$39,Rule!$C$7:$AA$7,0)),"") | ... AG50: =IFERROR(INDEX($C$3:$AJ$24,MATCH(AG$39,$C$3:$C$24,0),MATCH($L$37,$C$3:$AJ$3,0))*INDEX(Rule!$C$7:$AA$46,MATCH($D50,Rule!$C$7:$C$46,0),MATCH(AG$39,Rule!$C$7:$AA$7,0)),"") -> 0
D51: 666516 | E51: TISS,PORCINE,OMENTUM | H51: =SUM(K51:AE51) -> 303 | K51: =IFERROR(INDEX($C$3:$AJ$24,MATCH(K$39,$C$3:$C$24,0),MATCH($L$37,$C$3:$AJ$3,0))*INDEX(Rule!$C$7:$AA$46,MATCH($D51,Rule!$C$7:$C$46,0),MATCH(K$39,Rule!$C$7:$AA$7,0)),"") -> 0 | L51: =IFERROR(INDEX($C$3:$AJ$24,MATCH(L$39,$C$3:$C$24,0),MATCH($L$37,$C$3:$AJ$3,0))*INDEX(Rule!$C$7:$AA$46,MATCH($D51,Rule!$C$7:$C$46,0),MATCH(L$39,Rule!$C$7:$AA$7,0)),"") | M51: =IFERROR(INDEX($C$3:$AJ$24,MATCH(M$39,$C$3:$C$24,0),MATCH($L$37,$C$3:$AJ$3,0))*INDEX(Rule!$C$7:$AA$46,MATCH($D51,Rule!$C$7:$C$46,0),MATCH(M$39,Rule!$C$7:$AA$7,0)),"") | N51: =IFERROR(INDEX($C$3:$AJ$24,MATCH(N$39,$C$3:$C$24,0),MATCH($L$37,$C$3:$AJ$3,0))*INDEX(Rule!$C$7:$AA$46,MATCH($D51,Rule!$C$7:$C$46,0),MATCH(N$39,Rule!$C$7:$AA$7,0)),"") -> 303 | O51: =IFERROR(INDEX($C$3:$AJ$24,MATCH(O$39,$C$3:$C$24,0),MATCH($L$37,$C$3:$AJ$3,0))*INDEX(Rule!$C$7:$AA$46,MATCH($D51,Rule!$C$7:$C$46,0),MATCH(O$39,Rule!$C$7:$AA$7,0)),"") | P51: =IFERROR(INDEX($C$3:$AJ$24,MATCH(P$39,$C$3:$C$24,0),MATCH($L$37,$C$3:$AJ$3,0))*INDEX(Rule!$C$7:$AA$46,MATCH($D51,Rule!$C$7:$C$46,0),MATCH(P$39,Rule!$C$7:$AA$7,0)),"") | Q51: =IFERROR(INDEX($C$3:$AJ$24,MATCH(Q$39,$C$3:$C$24,0),MATCH($L$37,$C$3:$AJ$3,0))*INDEX(Rule!$C$7:$AA$46,MATCH($D51,Rule!$C$7:$C$46,0),MATCH(Q$39,Rule!$C$7:$AA$7,0)),"") | R51: =IFERROR(INDEX($C$3:$AJ$24,MATCH(R$39,$C$3:$C$24,0),MATCH($L$37,$C$3:$AJ$3,0))*INDEX(Rule!$C$7:$AA$46,MATCH($D51,Rule!$C$7:$C$46,0),MATCH(R$39,Rule!$C$7:$AA$7,0)),"") | ... AG51: =IFERROR(INDEX($C$3:$AJ$24,MATCH(AG$39,$C$3:$C$24,0),MATCH($L$37,$C$3:$AJ$3,0))*INDEX(Rule!$C$7:$AA$46,MATCH($D51,Rule!$C$7:$C$46,0),MATCH(AG$39,Rule!$C$7:$AA$7,0)),"") -> 0
D52: 666517 | E52: TISSUE, PORCINE, PANCREAS | H52: =SUM(K52:AE52) -> 303 | K52: =IFERROR(INDEX($C$3:$AJ$24,MATCH(K$39,$C$3:$C$24,0),MATCH($L$37,$C$3:$AJ$3,0))*INDEX(Rule!$C$7:$AA$46,MATCH($D52,Rule!$C$7:$C$46,0),MATCH(K$39,Rule!$C$7:$AA$7,0)),"") -> 0 | L52: =IFERROR(INDEX($C$3:$AJ$24,MATCH(L$39,$C$3:$C$24,0),MATCH($L$37,$C$3:$AJ$3,0))*INDEX(Rule!$C$7:$AA$46,MATCH($D52,Rule!$C$7:$C$46,0),MATCH(L$39,Rule!$C$7:$AA$7,0)),"") | M52: =IFERROR(INDEX($C$3:$AJ$24,MATCH(M$39,$C$3:$C$24,0),MATCH($L$37,$C$3:$AJ$3,0))*INDEX(Rule!$C$7:$AA$46,MATCH($D52,Rule!$C$7:$C$46,0),MATCH(M$39,Rule!$C$7:$AA$7,0)),"") | N52: =IFERROR(INDEX($C$3:$AJ$24,MATCH(N$39,$C$3:$C$24,0),MATCH($L$37,$C$3:$AJ$3,0))*INDEX(Rule!$C$7:$AA$46,MATCH($D52,Rule!$C$7:$C$46,0),MATCH(N$39,Rule!$C$7:$AA$7,0)),"") -> 303 | O52: =IFERROR(INDEX($C$3:$AJ$24,MATCH(O$39,$C$3:$C$24,0),MATCH($L$37,$C$3:$AJ$3,0))*INDEX(Rule!$C$7:$AA$46,MATCH($D52,Rule!$C$7:$C$46,0),MATCH(O$39,Rule!$C$7:$AA$7,0)),"") | P52: =IFERROR(INDEX($C$3:$AJ$24,MATCH(P$39,$C$3:$C$24,0),MATCH($L$37,$C$3:$AJ$3,0))*INDEX(Rule!$C$7:$AA$46,MATCH($D52,Rule!$C$7:$C$46,0),MATCH(P$39,Rule!$C$7:$AA$7,0)),"") | Q52: =IFERROR(INDEX($C$3:$AJ$24,MATCH(Q$39,$C$3:$C$24,0),MATCH($L$37,$C$3:$AJ$3,0))*INDEX(Rule!$C$7:$AA$46,MATCH($D52,Rule!$C$7:$C$46,0),MATCH(Q$39,Rule!$C$7:$AA$7,0)),"") | R52: =IFERROR(INDEX($C$3:$AJ$24,MATCH(R$39,$C$3:$C$24,0),MATCH($L$37,$C$3:$AJ$3,0))*INDEX(Rule!$C$7:$AA$46,MATCH($D52,Rule!$C$7:$C$46,0),MATCH(R$39,Rule!$C$7:$AA$7,0)),"") | ... AG52: =IFERROR(INDEX($C$3:$AJ$24,MATCH(AG$39,$C$3:$C$24,0),MATCH($L$37,$C$3:$AJ$3,0))*INDEX(Rule!$C$7:$AA$46,MATCH($D52,Rule!$C$7:$C$46,0),MATCH(AG$39,Rule!$C$7:$AA$7,0)),"") -> 0
D53: 666518 | E53: TISS,PORCINE,FEM,PELVIC BLOCK,INTACT,SM | H53: =SUM(K53:AE53) -> 0 | K53: =IFERROR(INDEX($C$3:$AJ$24,MATCH(K$39,$C$3:$C$24,0),MATCH($L$37,$C$3:$AJ$3,0))*INDEX(Rule!$C$7:$AA$46,MATCH($D53,Rule!$C$7:$C$46,0),MATCH(K$39,Rule!$C$7:$AA$7,0)),"") -> 0 | L53: =IFERROR(INDEX($C$3:$AJ$24,MATCH(L$39,$C$3:$C$24,0),MATCH($L$37,$C$3:$AJ$3,0))*INDEX(Rule!$C$7:$AA$46,MATCH($D53,Rule!$C$7:$C$46,0),MATCH(L$39,Rule!$C$7:$AA$7,0)),"") | M53: =IFERROR(INDEX($C$3:$AJ$24,MATCH(M$39,$C$3:$C$24,0),MATCH($L$37,$C$3:$AJ$3,0))*INDEX(Rule!$C$7:$AA$46,MATCH($D53,Rule!$C$7:$C$46,0),MATCH(M$39,Rule!$C$7:$AA$7,0)),"") | N53: =IFERROR(INDEX($C$3:$AJ$24,MATCH(N$39,$C$3:$C$24,0),MATCH($L$37,$C$3:$AJ$3,0))*INDEX(Rule!$C$7:$AA$46,MATCH($D53,Rule!$C$7:$C$46,0),MATCH(N$39,Rule!$C$7:$AA$7,0)),"") -> 0 | O53: =IFERROR(INDEX($C$3:$AJ$24,MATCH(O$39,$C$3:$C$24,0),MATCH($L$37,$C$3:$AJ$3,0))*INDEX(Rule!$C$7:$AA$46,MATCH($D53,Rule!$C$7:$C$46,0),MATCH(O$39,Rule!$C$7:$AA$7,0)),"") | P53: =IFERROR(INDEX($C$3:$AJ$24,MATCH(P$39,$C$3:$C$24,0),MATCH($L$37,$C$3:$AJ$3,0))*INDEX(Rule!$C$7:$AA$46,MATCH($D53,Rule!$C$7:$C$46,0),MATCH(P$39,Rule!$C$7:$AA$7,0)),"") | Q53: =IFERROR(INDEX($C$3:$AJ$24,MATCH(Q$39,$C$3:$C$24,0),MATCH($L$37,$C$3:$AJ$3,0))*INDEX(Rule!$C$7:$AA$46,MATCH($D53,Rule!$C$7:$C$46,0),MATCH(Q$39,Rule!$C$7:$AA$7,0)),"") -> 0 | R53: =IFERROR(INDEX($C$3:$AJ$24,MATCH(R$39,$C$3:$C$24,0),MATCH($L$37,$C$3:$AJ$3,0))*INDEX(Rule!$C$7:$AA$46,MATCH($D53,Rule!$C$7:$C$46,0),MATCH(R$39,Rule!$C$7:$AA$7,0)),"") | ... AG53: =IFERROR(INDEX($C$3:$AJ$24,MATCH(AG$39,$C$3:$C$24,0),MATCH($L$37,$C$3:$AJ$3,0))*INDEX(Rule!$C$7:$AA$46,MATCH($D53,Rule!$C$7:$C$46,0),MATCH(AG$39,Rule!$C$7:$AA$7,0)),"") -> 0
... D66: 666520 | E66: Loin | H66: =SUM(K66:AE66) -> 5 | K66: =IFERROR(INDEX($C$3:$AJ$24,MATCH(K$39,$C$3:$C$24,0),MATCH($L$37,$C$3:$AJ$3,0))*INDEX(Rule!$C$7:$AA$46,MATCH($D66,Rule!$C$7:$C$46,0),MATCH(K$39,Rule!$C$7:$AA$7,0)),"") -> 0 | L66: =IFERROR(INDEX($C$3:$AJ$24,MATCH(L$39,$C$3:$C$24,0),MATCH($L$37,$C$3:$AJ$3,0))*INDEX(Rule!$C$7:$AA$46,MATCH($D66,Rule!$C$7:$C$46,0),MATCH(L$39,Rule!$C$7:$AA$7,0)),"") | M66: =IFERROR(INDEX($C$3:$AJ$24,MATCH(M$39,$C$3:$C$24,0),MATCH($L$37,$C$3:$AJ$3,0))*INDEX(Rule!$C$7:$AA$46,MATCH($D66,Rule!$C$7:$C$46,0),MATCH(M$39,Rule!$C$7:$AA$7,0)),"") -> 0 | N66: =IFERROR(INDEX($C$3:$AJ$24,MATCH(N$39,$C$3:$C$24,0),MATCH($L$37,$C$3:$AJ$3,0))*INDEX(Rule!$C$7:$AA$46,MATCH($D66,Rule!$C$7:$C$46,0),MATCH(N$39,Rule!$C$7:$AA$7,0)),"") -> 0 | O66: =IFERROR(INDEX($C$3:$AJ$24,MATCH(O$39,$C$3:$C$24,0),MATCH($L$37,$C$3:$AJ$3,0))*INDEX(Rule!$C$7:$AA$46,MATCH($D66,Rule!$C$7:$C$46,0),MATCH(O$39,Rule!$C$7:$AA$7,0)),"") -> 0 | P66: =IFERROR(INDEX($C$3:$AJ$24,MATCH(P$39,$C$3:$C$24,0),MATCH($L$37,$C$3:$AJ$3,0))*INDEX(Rule!$C$7:$AA$46,MATCH($D66,Rule!$C$7:$C$46,0),MATCH(P$39,Rule!$C$7:$AA$7,0)),"") -> 0 | Q66: =IFERROR(INDEX($C$3:$AJ$24,MATCH(Q$39,$C$3:$C$24,0),MATCH($L$37,$C$3:$AJ$3,0))*INDEX(Rule!$C$7:$AA$46,MATCH($D66,Rule!$C$7:$C$46,0),MATCH(Q$39,Rule!$C$7:$AA$7,0)),"") -> 0 | R66: =IFERROR(INDEX($C$3:$AJ$24,MATCH(R$39,$C$3:$C$24,0),MATCH($L$37,$C$3:$AJ$3,0))*INDEX(Rule!$C$7:$AA$46,MATCH($D66,Rule!$C$7:$C$46,0),MATCH(R$39,Rule!$C$7:$AA$7,0)),"") -> 0 | ... AG66: =IFERROR(INDEX($C$3:$AJ$24,MATCH(AG$39,$C$3:$C$24,0),MATCH($L$37,$C$3:$AJ$3,0))*INDEX(Rule!$C$7:$AA$46,MATCH($D66,Rule!$C$7:$C$46,0),MATCH(AG$39,Rule!$C$7:$AA$7,0)),"") -> 0
N67: =IFERROR(INDEX($D$3:$AF$24,MATCH(N$40,$D$3:$D$24,0),MATCH($L$37,$D$3:$AF$3,0))*INDEX(Rule!$C$8:$W$46,MATCH(ModelsDemand_ToTissue!$D67,Rule!$C$8:$C$46,0),MATCH(ModelsDemand_ToTissue!N$40,Rule!$C$8:$W$8,0)),"") | O67: =IFERROR(INDEX($D$3:$AF$24,MATCH(O$40,$D$3:$D$24,0),MATCH($L$37,$D$3:$AF$3,0))*INDEX(Rule!$C$8:$W$46,MATCH(ModelsDemand_ToTissue!$D67,Rule!$C$8:$C$46,0),MATCH(ModelsDemand_ToTissue!O$40,Rule!$C$8:$W$8,0)),"") | P67: =IFERROR(INDEX($D$3:$AF$24,MATCH(P$40,$D$3:$D$24,0),MATCH($L$37,$D$3:$AF$3,0))*INDEX(Rule!$C$8:$W$46,MATCH(ModelsDemand_ToTissue!$D67,Rule!$C$8:$C$46,0),MATCH(ModelsDemand_ToTissue!P$40,Rule!$C$8:$W$8,0)),"") | Q67: =IFERROR(INDEX($D$3:$AF$24,MATCH(Q$40,$D$3:$D$24,0),MATCH($L$37,$D$3:$AF$3,0))*INDEX(Rule!$C$8:$W$46,MATCH(ModelsDemand_ToTissue!$D67,Rule!$C$8:$C$46,0),MATCH(ModelsDemand_ToTissue!Q$40,Rule!$C$8:$W$8,0)),"") | R67: =IFERROR(INDEX($D$3:$AF$24,MATCH(R$40,$D$3:$D$24,0),MATCH($L$37,$D$3:$AF$3,0))*INDEX(Rule!$C$8:$W$46,MATCH(ModelsDemand_ToTissue!$D67,Rule!$C$8:$C$46,0),MATCH(ModelsDemand_ToTissue!R$40,Rule!$C$8:$W$8,0)),"") | S67: =IFERROR(INDEX($D$3:$AF$24,MATCH(S$40,$D$3:$D$24,0),MATCH($L$37,$D$3:$AF$3,0))*INDEX(Rule!$C$8:$W$46,MATCH(ModelsDemand_ToTissue!$D67,Rule!$C$8:$C$46,0),MATCH(ModelsDemand_ToTissue!S$40,Rule!$C$8:$W$8,0)),"") | T67: =IFERROR(INDEX($D$3:$AF$24,MATCH(T$40,$D$3:$D$24,0),MATCH($L$37,$D$3:$AF$3,0))*INDEX(Rule!$C$8:$W$46,MATCH(ModelsDemand_ToTissue!$D67,Rule!$C$8:$C$46,0),MATCH(ModelsDemand_ToTissue!T$40,Rule!$C$8:$W$8,0)),"") | U67: =IFERROR(INDEX($D$3:$AF$24,MATCH(U$40,$D$3:$D$24,0),MATCH($L$37,$D$3:$AF$3,0))*INDEX(Rule!$C$8:$W$46,MATCH(ModelsDemand_ToTissue!$D67,Rule!$C$8:$C$46,0),MATCH(ModelsDemand_ToTissue!U$40,Rule!$C$8:$W$8,0)),"") | ... AC67: =IFERROR(INDEX($D$3:$AF$24,MATCH(AC$40,$D$3:$D$24,0),MATCH($L$37,$D$3:$AF$3,0))*INDEX(Rule!$C$8:$W$46,MATCH(ModelsDemand_ToTissue!$D67,Rule!$C$8:$C$46,0),MATCH(ModelsDemand_ToTissue!AC$40,Rule!$C$8:$W$8,0)),"") | AD67: =IFERROR(INDEX($D$3:$AF$24,MATCH(AD$40,$D$3:$D$24,0),MATCH($L$37,$D$3:$AF$3,0))*INDEX(Rule!$C$8:$X$46,MATCH(ModelsDemand_ToTissue!$D67,Rule!$C$8:$C$46,0),MATCH(ModelsDemand_ToTissue!AD$40,Rule!$C$8:$X$8,0)),"") | AE67: =IFERROR(INDEX($D$3:$AF$24,MATCH(AE$40,$D$3:$D$24,0),MATCH($L$37,$D$3:$AF$3,0))*INDEX(Rule!$C$8:$AA$48,MATCH(ModelsDemand_ToTissue!$D67,Rule!$C$8:$C$48,0),MATCH(ModelsDemand_ToTissue!AE$40,Rule!$C$8:$AA$8,0)),"")
D68: 666357 | E68: S/A,TISS,BELLY,LARGE,PLANED | H68: =SUM(K68:AE68) -> 2446 | K68: =IFERROR(INDEX($C$3:$AJ$24,MATCH(K$39,$C$3:$C$24,0),MATCH($L$37,$C$3:$AJ$3,0))*INDEX(Rule!$C$7:$AA$46,MATCH($D68,Rule!$C$7:$C$46,0),MATCH(K$39,Rule!$C$7:$AA$7,0)),"") -> 0 | L68: =IFERROR(INDEX($C$3:$AJ$24,MATCH(L$39,$C$3:$C$24,0),MATCH($L$37,$C$3:$AJ$3,0))*INDEX(Rule!$C$7:$AA$46,MATCH($D68,Rule!$C$7:$C$46,0),MATCH(L$39,Rule!$C$7:$AA$7,0)),"") | M68: =IFERROR(INDEX($C$3:$AJ$24,MATCH(M$39,$C$3:$C$24,0),MATCH($L$37,$C$3:$AJ$3,0))*INDEX(Rule!$C$7:$AA$46,MATCH($D68,Rule!$C$7:$C$46,0),MATCH(M$39,Rule!$C$7:$AA$7,0)),"") | N68: =IFERROR(INDEX($C$3:$AJ$24,MATCH(N$39,$C$3:$C$24,0),MATCH($L$37,$C$3:$AJ$3,0))*INDEX(Rule!$C$7:$AA$46,MATCH($D68,Rule!$C$7:$C$46,0),MATCH(N$39,Rule!$C$7:$AA$7,0)),"") -> 303 | O68: =IFERROR(INDEX($C$3:$AJ$24,MATCH(O$39,$C$3:$C$24,0),MATCH($L$37,$C$3:$AJ$3,0))*INDEX(Rule!$C$7:$AA$46,MATCH($D68,Rule!$C$7:$C$46,0),MATCH(O$39,Rule!$C$7:$AA$7,0)),"") | P68: =IFERROR(INDEX($C$3:$AJ$24,MATCH(P$39,$C$3:$C$24,0),MATCH($L$37,$C$3:$AJ$3,0))*INDEX(Rule!$C$7:$AA$46,MATCH($D68,Rule!$C$7:$C$46,0),MATCH(P$39,Rule!$C$7:$AA$7,0)),"") | Q68: =IFERROR(INDEX($C$3:$AJ$24,MATCH(Q$39,$C$3:$C$24,0),MATCH($L$37,$C$3:$AJ$3,0))*INDEX(Rule!$C$7:$AA$46,MATCH($D68,Rule!$C$7:$C$46,0),MATCH(Q$39,Rule!$C$7:$AA$7,0)),"") -> 121 | R68: =IFERROR(INDEX($C$3:$AJ$24,MATCH(R$39,$C$3:$C$24,0),MATCH($L$37,$C$3:$AJ$3,0))*INDEX(Rule!$C$7:$AA$46,MATCH($D68,Rule!$C$7:$C$46,0),MATCH(R$39,Rule!$C$7:$AA$7,0)),"") | ... AG68: =IFERROR(INDEX($C$3:$AJ$24,MATCH(AG$39,$C$3:$C$24,0),MATCH($L$37,$C$3:$AJ$3,0))*INDEX(Rule!$C$7:$AA$46,MATCH($D68,Rule!$C$7:$C$46,0),MATCH(AG$39,Rule!$C$7:$AA$7,0)),"") -> 0
D69: 666356 | E69: S/A,TISS,BELLY,PLANED,3/4IN | H69: =SUM(K69:AE69) -> 975.8 | K69: =IFERROR(INDEX($C$3:$AJ$24,MATCH(K$39,$C$3:$C$24,0),MATCH($L$37,$C$3:$AJ$3,0))*INDEX(Rule!$C$7:$AA$46,MATCH($D69,Rule!$C$7:$C$46,0),MATCH(K$39,Rule!$C$7:$AA$7,0)),"") -> 19.8 | L69: =IFERROR(INDEX($C$3:$AJ$24,MATCH(L$39,$C$3:$C$24,0),MATCH($L$37,$C$3:$AJ$3,0))*INDEX(Rule!$C$7:$AA$46,MATCH($D69,Rule!$C$7:$C$46,0),MATCH(L$39,Rule!$C$7:$AA$7,0)),"") | M69: =IFERROR(INDEX($C$3:$AJ$24,MATCH(M$39,$C$3:$C$24,0),MATCH($L$37,$C$3:$AJ$3,0))*INDEX(Rule!$C$7:$AA$46,MATCH($D69,Rule!$C$7:$C$46,0),MATCH(M$39,Rule!$C$7:$AA$7,0)),"") | N69: =IFERROR(INDEX($C$3:$AJ$24,MATCH(N$39,$C$3:$C$24,0),MATCH($L$37,$C$3:$AJ$3,0))*INDEX(Rule!$C$7:$AA$46,MATCH($D69,Rule!$C$7:$C$46,0),MATCH(N$39,Rule!$C$7:$AA$7,0)),"") -> 606 | O69: =IFERROR(INDEX($C$3:$AJ$24,MATCH(O$39,$C$3:$C$24,0),MATCH($L$37,$C$3:$AJ$3,0))*INDEX(Rule!$C$7:$AA$46,MATCH($D69,Rule!$C$7:$C$46,0),MATCH(O$39,Rule!$C$7:$AA$7,0)),"") -> 6.5 | P69: =IFERROR(INDEX($C$3:$AJ$24,MATCH(P$39,$C$3:$C$24,0),MATCH($L$37,$C$3:$AJ$3,0))*INDEX(Rule!$C$7:$AA$46,MATCH($D69,Rule!$C$7:$C$46,0),MATCH(P$39,Rule!$C$7:$AA$7,0)),"") | Q69: =IFERROR(INDEX($C$3:$AJ$24,MATCH(Q$39,$C$3:$C$24,0),MATCH($L$37,$C$3:$AJ$3,0))*INDEX(Rule!$C$7:$AA$46,MATCH($D69,Rule!$C$7:$C$46,0),MATCH(Q$39,Rule!$C$7:$AA$7,0)),"") -> 242 | R69: =IFERROR(INDEX($C$3:$AJ$24,MATCH(R$39,$C$3:$C$24,0),MATCH($L$37,$C$3:$AJ$3,0))*INDEX(Rule!$C$7:$AA$46,MATCH($D69,Rule!$C$7:$C$46,0),MATCH(R$39,Rule!$C$7:$AA$7,0)),"") | ... AG69: =IFERROR(INDEX($C$3:$AJ$24,MATCH(AG$39,$C$3:$C$24,0),MATCH($L$37,$C$3:$AJ$3,0))*INDEX(Rule!$C$7:$AA$46,MATCH($D69,Rule!$C$7:$C$46,0),MATCH(AG$39,Rule!$C$7:$AA$7,0)),"") -> 0
D70: 666371 | E70: S/A,TISS,BELLY,LARGE,MUSCLE SHELF | H70: =SUM(K70:AE70) -> 303 | K70: =IFERROR(INDEX($C$3:$AJ$24,MATCH(K$39,$C$3:$C$24,0),MATCH($L$37,$C$3:$AJ$3,0))*INDEX(Rule!$C$7:$AA$46,MATCH($D70,Rule!$C$7:$C$46,0),MATCH(K$39,Rule!$C$7:$AA$7,0)),"") -> 0 | L70: =IFERROR(INDEX($C$3:$AJ$24,MATCH(L$39,$C$3:$C$24,0),MATCH($L$37,$C$3:$AJ$3,0))*INDEX(Rule!$C$7:$AA$46,MATCH($D70,Rule!$C$7:$C$46,0),MATCH(L$39,Rule!$C$7:$AA$7,0)),"") | M70: =IFERROR(INDEX($C$3:$AJ$24,MATCH(M$39,$C$3:$C$24,0),MATCH($L$37,$C$3:$AJ$3,0))*INDEX(Rule!$C$7:$AA$46,MATCH($D70,Rule!$C$7:$C$46,0),MATCH(M$39,Rule!$C$7:$AA$7,0)),"") | N70: =IFERROR(INDEX($C$3:$AJ$24,MATCH(N$39,$C$3:$C$24,0),MATCH($L$37,$C$3:$AJ$3,0))*INDEX(Rule!$C$7:$AA$46,MATCH($D70,Rule!$C$7:$C$46,0),MATCH(N$39,Rule!$C$7:$AA$7,0)),"") -> 303 | O70: =IFERROR(INDEX($C$3:$AJ$24,MATCH(O$39,$C$3:$C$24,0),MATCH($L$37,$C$3:$AJ$3,0))*INDEX(Rule!$C$7:$AA$46,MATCH($D70,Rule!$C$7:$C$46,0),MATCH(O$39,Rule!$C$7:$AA$7,0)),"") | P70: =IFERROR(INDEX($C$3:$AJ$24,MATCH(P$39,$C$3:$C$24,0),MATCH($L$37,$C$3:$AJ$3,0))*INDEX(Rule!$C$7:$AA$46,MATCH($D70,Rule!$C$7:$C$46,0),MATCH(P$39,Rule!$C$7:$AA$7,0)),"") | Q70: =IFERROR(INDEX($C$3:$AJ$24,MATCH(Q$39,$C$3:$C$24,0),MATCH($L$37,$C$3:$AJ$3,0))*INDEX(Rule!$C$7:$AA$46,MATCH($D70,Rule!$C$7:$C$46,0),MATCH(Q$39,Rule!$C$7:$AA$7,0)),"") | R70: =IFERROR(INDEX($C$3:$AJ$24,MATCH(R$39,$C$3:$C$24,0),MATCH($L$37,$C$3:$AJ$3,0))*INDEX(Rule!$C$7:$AA$46,MATCH($D70,Rule!$C$7:$C$46,0),MATCH(R$39,Rule!$C$7:$AA$7,0)),"") | ... AG70: =IFERROR(INDEX($C$3:$AJ$24,MATCH(AG$39,$C$3:$C$24,0),MATCH($L$37,$C$3:$AJ$3,0))*INDEX(Rule!$C$7:$AA$46,MATCH($D70,Rule!$C$7:$C$46,0),MATCH(AG$39,Rule!$C$7:$AA$7,0)),"") -> 0
D71: 666360 | E71: S/A,TISS,LEAF FAT MEMBRANE | H71: =SUM(K71:AE71) -> 75 | K71: =IFERROR(INDEX($C$3:$AJ$24,MATCH(K$39,$C$3:$C$24,0),MATCH($L$37,$C$3:$AJ$3,0))*INDEX(Rule!$C$7:$AA$46,MATCH($D71,Rule!$C$7:$C$46,0),MATCH(K$39,Rule!$C$7:$AA$7,0)),"") -> 0 | L71: =IFERROR(INDEX($C$3:$AJ$24,MATCH(L$39,$C$3:$C$24,0),MATCH($L$37,$C$3:$AJ$3,0))*INDEX(Rule!$C$7:$AA$46,MATCH($D71,Rule!$C$7:$C$46,0),MATCH(L$39,Rule!$C$7:$AA$7,0)),"") | M71: =IFERROR(INDEX($C$3:$AJ$24,MATCH(M$39,$C$3:$C$24,0),MATCH($L$37,$C$3:$AJ$3,0))*INDEX(Rule!$C$7:$AA$46,MATCH($D71,Rule!$C$7:$C$46,0),MATCH(M$39,Rule!$C$7:$AA$7,0)),"") | N71: =IFERROR(INDEX($C$3:$AJ$24,MATCH(N$39,$C$3:$C$24,0),MATCH($L$37,$C$3:$AJ$3,0))*INDEX(Rule!$C$7:$AA$46,MATCH($D71,Rule!$C$7:$C$46,0),MATCH(N$39,Rule!$C$7:$AA$7,0)),"") -> 0 | O71: =IFERROR(INDEX($C$3:$AJ$24,MATCH(O$39,$C$3:$C$24,0),MATCH($L$37,$C$3:$AJ$3,0))*INDEX(Rule!$C$7:$AA$46,MATCH($D71,Rule!$C$7:$C$46,0),MATCH(O$39,Rule!$C$7:$AA$7,0)),"") | P71: =IFERROR(INDEX($C$3:$AJ$24,MATCH(P$39,$C$3:$C$24,0),MATCH($L$37,$C$3:$AJ$3,0))*INDEX(Rule!$C$7:$AA$46,MATCH($D71,Rule!$C$7:$C$46,0),MATCH(P$39,Rule!$C$7:$AA$7,0)),"") | Q71: =IFERROR(INDEX($C$3:$AJ$24,MATCH(Q$39,$C$3:$C$24,0),MATCH($L$37,$C$3:$AJ$3,0))*INDEX(Rule!$C$7:$AA$46,MATCH($D71,Rule!$C$7:$C$46,0),MATCH(Q$39,Rule!$C$7:$AA$7,0)),"") | R71: =IFERROR(INDEX($C$3:$AJ$24,MATCH(R$39,$C$3:$C$24,0),MATCH($L$37,$C$3:$AJ$3,0))*INDEX(Rule!$C$7:$AA$46,MATCH($D71,Rule!$C$7:$C$46,0),MATCH(R$39,Rule!$C$7:$AA$7,0)),"") | ... AG71: =IFERROR(INDEX($C$3:$AJ$24,MATCH(AG$39,$C$3:$C$24,0),MATCH($L$37,$C$3:$AJ$3,0))*INDEX(Rule!$C$7:$AA$46,MATCH($D71,Rule!$C$7:$C$46,0),MATCH(AG$39,Rule!$C$7:$AA$7,0)),"") -> 0
D72: 666363 | E72: S/A,TISS,LEAF FAT MEMBRANE,DYED | H72: =SUM(K72:AE72) -> 952 | K72: =IFERROR(INDEX($C$3:$AJ$24,MATCH(K$39,$C$3:$C$24,0),MATCH($L$37,$C$3:$AJ$3,0))*INDEX(Rule!$C$7:$AA$46,MATCH($D72,Rule!$C$7:$C$46,0),MATCH(K$39,Rule!$C$7:$AA$7,0)),"") -> 198 | L72: =IFERROR(INDEX($C$3:$AJ$24,MATCH(L$39,$C$3:$C$24,0),MATCH($L$37,$C$3:$AJ$3,0))*INDEX(Rule!$C$7:$AA$46,MATCH($D72,Rule!$C$7:$C$46,0),MATCH(L$39,Rule!$C$7:$AA$7,0)),"") | M72: =IFERROR(INDEX($C$3:$AJ$24,MATCH(M$39,$C$3:$C$24,0),MATCH($L$37,$C$3:$AJ$3,0))*INDEX(Rule!$C$7:$AA$46,MATCH($D72,Rule!$C$7:$C$46,0),MATCH(M$39,Rule!$C$7:$AA$7,0)),"") | N72: =IFERROR(INDEX($C$3:$AJ$24,MATCH(N$39,$C$3:$C$24,0),MATCH($L$37,$C$3:$AJ$3,0))*INDEX(Rule!$C$7:$AA$46,MATCH($D72,Rule!$C$7:$C$46,0),MATCH(N$39,Rule!$C$7:$AA$7,0)),"") -> 0 | O72: =IFERROR(INDEX($C$3:$AJ$24,MATCH(O$39,$C$3:$C$24,0),MATCH($L$37,$C$3:$AJ$3,0))*INDEX(Rule!$C$7:$AA$46,MATCH($D72,Rule!$C$7:$C$46,0),MATCH(O$39,Rule!$C$7:$AA$7,0)),"") | P72: =IFERROR(INDEX($C$3:$AJ$24,MATCH(P$39,$C$3:$C$24,0),MATCH($L$37,$C$3:$AJ$3,0))*INDEX(Rule!$C$7:$AA$46,MATCH($D72,Rule!$C$7:$C$46,0),MATCH(P$39,Rule!$C$7:$AA$7,0)),"") | Q72: =IFERROR(INDEX($C$3:$AJ$24,MATCH(Q$39,$C$3:$C$24,0),MATCH($L$37,$C$3:$AJ$3,0))*INDEX(Rule!$C$7:$AA$46,MATCH($D72,Rule!$C$7:$C$46,0),MATCH(Q$39,Rule!$C$7:$AA$7,0)),"") -> 363 | R72: =IFERROR(INDEX($C$3:$AJ$24,MATCH(R$39,$C$3:$C$24,0),MATCH($L$37,$C$3:$AJ$3,0))*INDEX(Rule!$C$7:$AA$46,MATCH($D72,Rule!$C$7:$C$46,0),MATCH(R$39,Rule!$C$7:$AA$7,0)),"") | ... AG72: =IFERROR(INDEX($C$3:$AJ$24,MATCH(AG$39,$C$3:$C$24,0),MATCH($L$37,$C$3:$AJ$3,0))*INDEX(Rule!$C$7:$AA$46,MATCH($D72,Rule!$C$7:$C$46,0),MATCH(AG$39,Rule!$C$7:$AA$7,0)),"") -> 0
D73: 666372 | E73: S/A,TISS,BELLY,PLANED,SKINLESS,1/2IN | H73: =SUM(K73:AE73) -> 168.5 | K73: =IFERROR(INDEX($C$3:$AJ$24,MATCH(K$39,$C$3:$C$24,0),MATCH($L$37,$C$3:$AJ$3,0))*INDEX(Rule!$C$7:$AA$46,MATCH($D73,Rule!$C$7:$C$46,0),MATCH(K$39,Rule!$C$7:$AA$7,0)),"") -> 0 | L73: =IFERROR(INDEX($C$3:$AJ$24,MATCH(L$39,$C$3:$C$24,0),MATCH($L$37,$C$3:$AJ$3,0))*INDEX(Rule!$C$7:$AA$46,MATCH($D73,Rule!$C$7:$C$46,0),MATCH(L$39,Rule!$C$7:$AA$7,0)),"") | M73: =IFERROR(INDEX($C$3:$AJ$24,MATCH(M$39,$C$3:$C$24,0),MATCH($L$37,$C$3:$AJ$3,0))*INDEX(Rule!$C$7:$AA$46,MATCH($D73,Rule!$C$7:$C$46,0),MATCH(M$39,Rule!$C$7:$AA$7,0)),"") | N73: =IFERROR(INDEX($C$3:$AJ$24,MATCH(N$39,$C$3:$C$24,0),MATCH($L$37,$C$3:$AJ$3,0))*INDEX(Rule!$C$7:$AA$46,MATCH($D73,Rule!$C$7:$C$46,0),MATCH(N$39,Rule!$C$7:$AA$7,0)),"") -> 0 | O73: =IFERROR(INDEX($C$3:$AJ$24,MATCH(O$39,$C$3:$C$24,0),MATCH($L$37,$C$3:$AJ$3,0))*INDEX(Rule!$C$7:$AA$46,MATCH($D73,Rule!$C$7:$C$46,0),MATCH(O$39,Rule!$C$7:$AA$7,0)),"") | P73: =IFERROR(INDEX($C$3:$AJ$24,MATCH(P$39,$C$3:$C$24,0),MATCH($L$37,$C$3:$AJ$3,0))*INDEX(Rule!$C$7:$AA$46,MATCH($D73,Rule!$C$7:$C$46,0),MATCH(P$39,Rule!$C$7:$AA$7,0)),"") | Q73: =IFERROR(INDEX($C$3:$AJ$24,MATCH(Q$39,$C$3:$C$24,0),MATCH($L$37,$C$3:$AJ$3,0))*INDEX(Rule!$C$7:$AA$46,MATCH($D73,Rule!$C$7:$C$46,0),MATCH(Q$39,Rule!$C$7:$AA$7,0)),"") | R73: =IFERROR(INDEX($C$3:$AJ$24,MATCH(R$39,$C$3:$C$24,0),MATCH($L$37,$C$3:$AJ$3,0))*INDEX(Rule!$C$7:$AA$46,MATCH($D73,Rule!$C$7:$C$46,0),MATCH(R$39,Rule!$C$7:$AA$7,0)),"") | ... AG73: =IFERROR(INDEX($C$3:$AJ$24,MATCH(AG$39,$C$3:$C$24,0),MATCH($L$37,$C$3:$AJ$3,0))*INDEX(Rule!$C$7:$AA$46,MATCH($D73,Rule!$C$7:$C$46,0),MATCH(AG$39,Rule!$C$7:$AA$7,0)),"") -> 0
D74: 666362 | E74: S/A,TISS,LEAF FAT FAT,DYED | H74: =SUM(K74:AE74) -> 760 | K74: =IFERROR(INDEX($C$3:$AJ$24,MATCH(K$39,$C$3:$C$24,0),MATCH($L$37,$C$3:$AJ$3,0))*INDEX(Rule!$C$7:$AA$46,MATCH($D74,Rule!$C$7:$C$46,0),MATCH(K$39,Rule!$C$7:$AA$7,0)),"") -> 99 | L74: =IFERROR(INDEX($C$3:$AJ$24,MATCH(L$39,$C$3:$C$24,0),MATCH($L$37,$C$3:$AJ$3,0))*INDEX(Rule!$C$7:$AA$46,MATCH($D74,Rule!$C$7:$C$46,0),MATCH(L$39,Rule!$C$7:$AA$7,0)),"") | M74: =IFERROR(INDEX($C$3:$AJ$24,MATCH(M$39,$C$3:$C$24,0),MATCH($L$37,$C$3:$AJ$3,0))*INDEX(Rule!$C$7:$AA$46,MATCH($D74,Rule!$C$7:$C$46,0),MATCH(M$39,Rule!$C$7:$AA$7,0)),"") | N74: =IFERROR(INDEX($C$3:$AJ$24,MATCH(N$39,$C$3:$C$24,0),MATCH($L$37,$C$3:$AJ$3,0))*INDEX(Rule!$C$7:$AA$46,MATCH($D74,Rule!$C$7:$C$46,0),MATCH(N$39,Rule!$C$7:$AA$7,0)),"") -> 606 | O74: =IFERROR(INDEX($C$3:$AJ$24,MATCH(O$39,$C$3:$C$24,0),MATCH($L$37,$C$3:$AJ$3,0))*INDEX(Rule!$C$7:$AA$46,MATCH($D74,Rule!$C$7:$C$46,0),MATCH(O$39,Rule!$C$7:$AA$7,0)),"") -> 13 | P74: =IFERROR(INDEX($C$3:$AJ$24,MATCH(P$39,$C$3:$C$24,0),MATCH($L$37,$C$3:$AJ$3,0))*INDEX(Rule!$C$7:$AA$46,MATCH($D74,Rule!$C$7:$C$46,0),MATCH(P$39,Rule!$C$7:$AA$7,0)),"") | Q74: =IFERROR(INDEX($C$3:$AJ$24,MATCH(Q$39,$C$3:$C$24,0),MATCH($L$37,$C$3:$AJ$3,0))*INDEX(Rule!$C$7:$AA$46,MATCH($D74,Rule!$C$7:$C$46,0),MATCH(Q$39,Rule!$C$7:$AA$7,0)),"") | R74: =IFERROR(INDEX($C$3:$AJ$24,MATCH(R$39,$C$3:$C$24,0),MATCH($L$37,$C$3:$AJ$3,0))*INDEX(Rule!$C$7:$AA$46,MATCH($D74,Rule!$C$7:$C$46,0),MATCH(R$39,Rule!$C$7:$AA$7,0)),"") | ... AG74: =IFERROR(INDEX($C$3:$AJ$24,MATCH(AG$39,$C$3:$C$24,0),MATCH($L$37,$C$3:$AJ$3,0))*INDEX(Rule!$C$7:$AA$46,MATCH($D74,Rule!$C$7:$C$46,0),MATCH(AG$39,Rule!$C$7:$AA$7,0)),"") -> 0
D75: 666361 | E75: S/A,TISS,SKIN | H75: =SUM(K75:AE75) -> 117 | K75: =IFERROR(INDEX($C$3:$AJ$24,MATCH(K$39,$C$3:$C$24,0),MATCH($L$37,$C$3:$AJ$3,0))*INDEX(Rule!$C$7:$AA$46,MATCH($D75,Rule!$C$7:$C$46,0),MATCH(K$39,Rule!$C$7:$AA$7,0)),"") -> 0 | L75: =IFERROR(INDEX($C$3:$AJ$24,MATCH(L$39,$C$3:$C$24,0),MATCH($L$37,$C$3:$AJ$3,0))*INDEX(Rule!$C$7:$AA$46,MATCH($D75,Rule!$C$7:$C$46,0),MATCH(L$39,Rule!$C$7:$AA$7,0)),"") | M75: =IFERROR(INDEX($C$3:$AJ$24,MATCH(M$39,$C$3:$C$24,0),MATCH($L$37,$C$3:$AJ$3,0))*INDEX(Rule!$C$7:$AA$46,MATCH($D75,Rule!$C$7:$C$46,0),MATCH(M$39,Rule!$C$7:$AA$7,0)),"") -> 0 | N75: =IFERROR(INDEX($C$3:$AJ$24,MATCH(N$39,$C$3:$C$24,0),MATCH($L$37,$C$3:$AJ$3,0))*INDEX(Rule!$C$7:$AA$46,MATCH($D75,Rule!$C$7:$C$46,0),MATCH(N$39,Rule!$C$7:$AA$7,0)),"") -> 0 | O75: =IFERROR(INDEX($C$3:$AJ$24,MATCH(O$39,$C$3:$C$24,0),MATCH($L$37,$C$3:$AJ$3,0))*INDEX(Rule!$C$7:$AA$46,MATCH($D75,Rule!$C$7:$C$46,0),MATCH(O$39,Rule!$C$7:$AA$7,0)),"") | P75: =IFERROR(INDEX($C$3:$AJ$24,MATCH(P$39,$C$3:$C$24,0),MATCH($L$37,$C$3:$AJ$3,0))*INDEX(Rule!$C$7:$AA$46,MATCH($D75,Rule!$C$7:$C$46,0),MATCH(P$39,Rule!$C$7:$AA$7,0)),"") | Q75: =IFERROR(INDEX($C$3:$AJ$24,MATCH(Q$39,$C$3:$C$24,0),MATCH($L$37,$C$3:$AJ$3,0))*INDEX(Rule!$C$7:$AA$46,MATCH($D75,Rule!$C$7:$C$46,0),MATCH(Q$39,Rule!$C$7:$AA$7,0)),"") | R75: =IFERROR(INDEX($C$3:$AJ$24,MATCH(R$39,$C$3:$C$24,0),MATCH($L$37,$C$3:$AJ$3,0))*INDEX(Rule!$C$7:$AA$46,MATCH($D75,Rule!$C$7:$C$46,0),MATCH(R$39,Rule!$C$7:$AA$7,0)),"") | ... AG75: =IFERROR(INDEX($C$3:$AJ$24,MATCH(AG$39,$C$3:$C$24,0),MATCH($L$37,$C$3:$AJ$3,0))*INDEX(Rule!$C$7:$AA$46,MATCH($D75,Rule!$C$7:$C$46,0),MATCH(AG$39,Rule!$C$7:$AA$7,0)),"") -> 0
D76: 666433 | E76: S/A. TISS, LEAF FAT, INTACT, DYED | H76: =SUM(K76:AE76) -> 1485 | K76: =IFERROR(INDEX($C$3:$AJ$24,MATCH(K$39,$C$3:$C$24,0),MATCH($L$37,$C$3:$AJ$3,0))*INDEX(Rule!$C$7:$AA$46,MATCH($D76,Rule!$C$7:$C$46,0),MATCH(K$39,Rule!$C$7:$AA$7,0)),"") -> 0 | L76: =IFERROR(INDEX($C$3:$AJ$24,MATCH(L$39,$C$3:$C$24,0),MATCH($L$37,$C$3:$AJ$3,0))*INDEX(Rule!$C$7:$AA$46,MATCH($D76,Rule!$C$7:$C$46,0),MATCH(L$39,Rule!$C$7:$AA$7,0)),"") | M76: =IFERROR(INDEX($C$3:$AJ$24,MATCH(M$39,$C$3:$C$24,0),MATCH($L$37,$C$3:$AJ$3,0))*INDEX(Rule!$C$7:$AA$46,MATCH($D76,Rule!$C$7:$C$46,0),MATCH(M$39,Rule!$C$7:$AA$7,0)),"") -> 0 | N76: =IFERROR(INDEX($C$3:$AJ$24,MATCH(N$39,$C$3:$C$24,0),MATCH($L$37,$C$3:$AJ$3,0))*INDEX(Rule!$C$7:$AA$46,MATCH($D76,Rule!$C$7:$C$46,0),MATCH(N$39,Rule!$C$7:$AA$7,0)),"") -> 0 | O76: =IFERROR(INDEX($C$3:$AJ$24,MATCH(O$39,$C$3:$C$24,0),MATCH($L$37,$C$3:$AJ$3,0))*INDEX(Rule!$C$7:$AA$46,MATCH($D76,Rule!$C$7:$C$46,0),MATCH(O$39,Rule!$C$7:$AA$7,0)),"") -> 0 | P76: =IFERROR(INDEX($C$3:$AJ$24,MATCH(P$39,$C$3:$C$24,0),MATCH($L$37,$C$3:$AJ$3,0))*INDEX(Rule!$C$7:$AA$46,MATCH($D76,Rule!$C$7:$C$46,0),MATCH(P$39,Rule!$C$7:$AA$7,0)),"") -> 0 | Q76: =IFERROR(INDEX($C$3:$AJ$24,MATCH(Q$39,$C$3:$C$24,0),MATCH($L$37,$C$3:$AJ$3,0))*INDEX(Rule!$C$7:$AA$46,MATCH($D76,Rule!$C$7:$C$46,0),MATCH(Q$39,Rule!$C$7:$AA$7,0)),"") -> 0 | R76: =IFERROR(INDEX($C$3:$AJ$24,MATCH(R$39,$C$3:$C$24,0),MATCH($L$37,$C$3:$AJ$3,0))*INDEX(Rule!$C$7:$AA$46,MATCH($D76,Rule!$C$7:$C$46,0),MATCH(R$39,Rule!$C$7:$AA$7,0)),"") -> 0 | ... AG76: =IFERROR(INDEX($C$3:$AJ$24,MATCH(AG$39,$C$3:$C$24,0),MATCH($L$37,$C$3:$AJ$3,0))*INDEX(Rule!$C$7:$AA$46,MATCH($D76,Rule!$C$7:$C$46,0),MATCH(AG$39,Rule!$C$7:$AA$7,0)),"") -> 0
D77: 666435 | E77: S/A. TISS, LEAF FAT, NON-INTACT, DYED | H77: =SUM(K77:AE77) -> 1485 | K77: =IFERROR(INDEX($C$3:$AJ$24,MATCH(K$39,$C$3:$C$24,0),MATCH($L$37,$C$3:$AJ$3,0))*INDEX(Rule!$C$7:$AA$46,MATCH($D77,Rule!$C$7:$C$46,0),MATCH(K$39,Rule!$C$7:$AA$7,0)),"") -> 0 | L77: =IFERROR(INDEX($C$3:$AJ$24,MATCH(L$39,$C$3:$C$24,0),MATCH($L$37,$C$3:$AJ$3,0))*INDEX(Rule!$C$7:$AA$46,MATCH($D77,Rule!$C$7:$C$46,0),MATCH(L$39,Rule!$C$7:$AA$7,0)),"") | M77: =IFERROR(INDEX($C$3:$AJ$24,MATCH(M$39,$C$3:$C$24,0),MATCH($L$37,$C$3:$AJ$3,0))*INDEX(Rule!$C$7:$AA$46,MATCH($D77,Rule!$C$7:$C$46,0),MATCH(M$39,Rule!$C$7:$AA$7,0)),"") -> 0 | N77: =IFERROR(INDEX($C$3:$AJ$24,MATCH(N$39,$C$3:$C$24,0),MATCH($L$37,$C$3:$AJ$3,0))*INDEX(Rule!$C$7:$AA$46,MATCH($D77,Rule!$C$7:$C$46,0),MATCH(N$39,Rule!$C$7:$AA$7,0)),"") -> 0 | O77: =IFERROR(INDEX($C$3:$AJ$24,MATCH(O$39,$C$3:$C$24,0),MATCH($L$37,$C$3:$AJ$3,0))*INDEX(Rule!$C$7:$AA$46,MATCH($D77,Rule!$C$7:$C$46,0),MATCH(O$39,Rule!$C$7:$AA$7,0)),"") -> 0 | P77: =IFERROR(INDEX($C$3:$AJ$24,MATCH(P$39,$C$3:$C$24,0),MATCH($L$37,$C$3:$AJ$3,0))*INDEX(Rule!$C$7:$AA$46,MATCH($D77,Rule!$C$7:$C$46,0),MATCH(P$39,Rule!$C$7:$AA$7,0)),"") -> 0 | Q77: =IFERROR(INDEX($C$3:$AJ$24,MATCH(Q$39,$C$3:$C$24,0),MATCH($L$37,$C$3:$AJ$3,0))*INDEX(Rule!$C$7:$AA$46,MATCH($D77,Rule!$C$7:$C$46,0),MATCH(Q$39,Rule!$C$7:$AA$7,0)),"") -> 0 | R77: =IFERROR(INDEX($C$3:$AJ$24,MATCH(R$39,$C$3:$C$24,0),MATCH($L$37,$C$3:$AJ$3,0))*INDEX(Rule!$C$7:$AA$46,MATCH($D77,Rule!$C$7:$C$46,0),MATCH(R$39,Rule!$C$7:$AA$7,0)),"") -> 0 | ... AG77: =IFERROR(INDEX($C$3:$AJ$24,MATCH(AG$39,$C$3:$C$24,0),MATCH($L$37,$C$3:$AJ$3,0))*INDEX(Rule!$C$7:$AA$46,MATCH($D77,Rule!$C$7:$C$46,0),MATCH(AG$39,Rule!$C$7:$AA$7,0)),"") -> 0

Sheet Notes
E7: Ready available material to not miss production
E8: Price optimization
E13: Meeting 4/ 17/ 26
E15: 1) | F15: Check Rules
E16: 2) | F16: Check Volume
E17: 3) | F17: Explain harvesting yields by SH and its importance
E18: 4) | F18: Check labor allocations and schedules
E19: 5) | F19: Discuss Capacity and constraints

Sheet Old
A1: MTB: Master Tissue Block
D3: MTB Inspection (Martins) | G3: Max Day: | H3: 180.89504
D4: Location / Station | E4: Receiving table | G4: Avg+1dev | H4: 310
D5: # Associates | E5: 1
D6: Throughput (Yielded) MTB/Min | E6: 0.9
D7: Ops Stoppages Uptime | E7: 0.75
D8: Hours / day | E8: 8 | G8: weekly Max attained: | I8: 954
D9: Total | E9: =E5*E6*E7*E8*60 -> 324 | F9: Day | G9: Average weekly: | I9: 539.86047
D11: Yellow Totes | E11: 2 | F11: Back and forth WIP
D12: Assumption is it doesn't disrupt throughput
D13: Steps per piece:
C14: 25 - 50% | D14: Harvest
C15: 35 -60% | D15: Wash, Clean, Inspect | E15: 0
C16: 0.15 | D16: Package, Label and store
D18: Intuitive Harvesting | E18: Current | F18: Potentially
D19: Location / Station
D20: Working tables / Drain:
D21: # Techs | E21: 1
B22: Obs | D22: Throughput (per piece)/min | E22: Minutes | F22: Quality Yield Freeze/Thaw | G22: VolumeX*/ measured in full size bags | H22: *1 Pelvic, Fem Block intact 518
B23: It's part of an overall process: Such as pelvic harvesting | C23: 666501 | D23: TISS,PORCINE,AORTA SEGMENTS | E23: =VLOOKUP(Old!$C$23,'Yields-Labor-Cube'!$A$24:$D$47,4,FALSE) -> 0.05 | F23: =VLOOKUP(Old!$C23,'Yields-Labor-Cube'!$A$24:$R$47,15,FALSE) -> 0.95 | G23: =VLOOKUP(Old!$C23,'Yields-Labor-Cube'!$A$24:$R$47,4,FALSE) -> 0.05 | H23: =E23*'Old2'!F76/'Old2'!F81 -> 0.084656085
C24: 666502 | D24: TISS,PORCINE,BARIATRIC BLOCK | E24: =VLOOKUP(Old!C24,'Yields-Labor-Cube'!$A$24:$D$47,4,FALSE) -> 1.5 | F24: =VLOOKUP(Old!$C24,'Yields-Labor-Cube'!$A$24:$R$47,15,FALSE) -> 0.9 | G24: =VLOOKUP(Old!$C24,'Yields-Labor-Cube'!$A$24:$R$47,4,FALSE) -> 1.5
C25: 666505 | D25: TISS,PORCINE,LIVER | E25: =VLOOKUP(Old!C25,'Yields-Labor-Cube'!$A$24:$D$47,4,FALSE) -> 0.2 | F25: =VLOOKUP(Old!$C25,'Yields-Labor-Cube'!$A$24:$R$47,15,FALSE) -> 0.95 | G25: =VLOOKUP(Old!$C25,'Yields-Labor-Cube'!$A$24:$R$47,4,FALSE) -> 0.2
C26: 666506 | D26: TISS,PORCINE,PELVIC BLOCK | E26: =VLOOKUP(Old!C26,'Yields-Labor-Cube'!$A$24:$D$47,4,FALSE) -> 1 | F26: =VLOOKUP(Old!$C26,'Yields-Labor-Cube'!$A$24:$R$47,15,FALSE) -> 0.85 | G26: =VLOOKUP(Old!$C26,'Yields-Labor-Cube'!$A$24:$R$47,4,FALSE) -> 1
C27: 666507 | D27: TISS,PORCINE,FULL THOR AND BARI BLOCK | E27: =VLOOKUP(Old!C27,'Yields-Labor-Cube'!$A$24:$D$47,4,FALSE) -> 1.8 | F27: =VLOOKUP(Old!$C27,'Yields-Labor-Cube'!$A$24:$R$47,15,FALSE) -> 0.9 | G27: =VLOOKUP(Old!$C27,'Yields-Labor-Cube'!$A$24:$R$47,4,FALSE) -> 1.8
B28: Varies a lot by experience | C28: 666509 | D28: TISS,PORCINE,JEJUNUM,W/LYMPH NODES (6FT) | E28: =VLOOKUP(Old!C28,'Yields-Labor-Cube'!$A$24:$D$47,4,FALSE) -> 0.5 | F28: =VLOOKUP(Old!$C28,'Yields-Labor-Cube'!$A$24:$R$47,15,FALSE) -> 0.85 | G28: =VLOOKUP(Old!$C28,'Yields-Labor-Cube'!$A$24:$R$47,4,FALSE) -> 0.5
C29: 666510 | D29: TISS,PORCINE,JEJUNUM,W/LYMPH NODES (2FT) | E29: =VLOOKUP(Old!C29,'Yields-Labor-Cube'!$A$24:$D$47,4,FALSE) -> 0.3 | F29: =VLOOKUP(Old!$C29,'Yields-Labor-Cube'!$A$24:$R$47,15,FALSE) -> 0.85 | G29: =VLOOKUP(Old!$C29,'Yields-Labor-Cube'!$A$24:$R$47,4,FALSE) -> 0.3
C30: 666511 | D30: TISS,PORCINE,KIDNEY BLOCK | E30: =VLOOKUP(Old!C30,'Yields-Labor-Cube'!$A$24:$D$47,4,FALSE) -> 0.5 | F30: =VLOOKUP(Old!$C30,'Yields-Labor-Cube'!$A$24:$R$47,15,FALSE) -> 0.8 | G30: =VLOOKUP(Old!$C30,'Yields-Labor-Cube'!$A$24:$R$47,4,FALSE) -> 0.5
C31: 666513 | D31: TISS,PORCINE,LIVER WITH GALLBLADDER | E31: =VLOOKUP(Old!C31,'Yields-Labor-Cube'!$A$24:$D$47,4,FALSE) -> 0.5 | F31: =VLOOKUP(Old!$C31,'Yields-Labor-Cube'!$A$24:$R$47,15,FALSE) -> 0.85 | G31: =VLOOKUP(Old!$C31,'Yields-Labor-Cube'!$A$24:$R$47,4,FALSE) -> 0.5
C32: 666516 | D32: TISS,PORCINE,OMENTUM | E32: =VLOOKUP(Old!C32,'Yields-Labor-Cube'!$A$24:$D$47,4,FALSE) -> 0.1 | F32: =VLOOKUP(Old!$C32,'Yields-Labor-Cube'!$A$24:$R$47,15,FALSE) -> 0.8 | G32: =VLOOKUP(Old!$C32,'Yields-Labor-Cube'!$A$24:$R$47,4,FALSE) -> 0.1
C33: 666517 | D33: TISSUE, PORCINE, PANCREAS | E33: =VLOOKUP(Old!C33,'Yields-Labor-Cube'!$A$24:$D$47,4,FALSE) -> 0.2 | F33: =VLOOKUP(Old!$C33,'Yields-Labor-Cube'!$A$24:$R$47,15,FALSE) -> 0.8 | G33: =VLOOKUP(Old!$C33,'Yields-Labor-Cube'!$A$24:$R$47,4,FALSE) -> 0.2
C34: 666518 | D34: TISS,PORCINE,FEM,PELVIC BLOCK,INTACT,SM | E34: =VLOOKUP(Old!C34,'Yields-Labor-Cube'!$A$24:$D$47,4,FALSE) -> 1 | F34: =VLOOKUP(Old!$C34,'Yields-Labor-Cube'!$A$24:$R$47,15,FALSE) -> 0.85 | G34: =VLOOKUP(Old!$C34,'Yields-Labor-Cube'!$A$24:$R$47,4,FALSE) -> 1
C35: 666519 | D35: TISSUE, PORCINE, SPLEEN | E35: =VLOOKUP(Old!C35,'Yields-Labor-Cube'!$A$24:$D$47,4,FALSE) -> 0.5 | F35: =VLOOKUP(Old!$C35,'Yields-Labor-Cube'!$A$24:$R$47,15,FALSE) -> 0.95 | G35: =VLOOKUP(Old!$C35,'Yields-Labor-Cube'!$A$24:$R$47,4,FALSE) -> 0.5
C36: 666521 | D36: TISS,PORCINE,THORACIC BLOCK | E36: =VLOOKUP(Old!C36,'Yields-Labor-Cube'!$A$24:$D$47,4,FALSE) -> 1.8 | F36: =VLOOKUP(Old!$C36,'Yields-Labor-Cube'!$A$24:$R$47,15,FALSE) -> 0.9 | G36: =VLOOKUP(Old!$C36,'Yields-Labor-Cube'!$A$24:$R$47,4,FALSE) -> 1.8
B37: Also part of an overall process: MTB | C37: 666522 | D37: TISS,PORCINE,URETER | E37: =VLOOKUP(Old!C37,'Yields-Labor-Cube'!$A$24:$D$47,4,FALSE) -> 0.1 | F37: =VLOOKUP(Old!$C37,'Yields-Labor-Cube'!$A$24:$R$47,15,FALSE) -> 0.8 | G37: =VLOOKUP(Old!$C37,'Yields-Labor-Cube'!$A$24:$R$47,4,FALSE) -> 0.1
B38: It's part of an overall process: Such as pelvic harvesting | C38: 666523 | D38: TISSUE, PORCINE, VENA CAVA | E38: =VLOOKUP(Old!C38,'Yields-Labor-Cube'!$A$24:$D$47,4,FALSE) -> 0.05 | F38: =VLOOKUP(Old!$C38,'Yields-Labor-Cube'!$A$24:$R$47,15,FALSE) -> 0.95 | G38: =VLOOKUP(Old!$C38,'Yields-Labor-Cube'!$A$24:$R$47,4,FALSE) -> 0.05
C39: 666530 | D39: TISS,PORCINE,STOMACH | E39: =VLOOKUP(Old!C39,'Yields-Labor-Cube'!$A$24:$D$47,4,FALSE) -> 0.5 | F39: =VLOOKUP(Old!$C39,'Yields-Labor-Cube'!$A$24:$R$47,15,FALSE) -> 0.9 | G39: =VLOOKUP(Old!$C39,'Yields-Labor-Cube'!$A$24:$R$47,4,FALSE) -> 0.5
C40: 666531 | D40: TISS,PORCINE,DIAPHRAGM | E40: =VLOOKUP(Old!C40,'Yields-Labor-Cube'!$A$24:$D$47,4,FALSE) -> 0.2 | F40: =VLOOKUP(Old!$C40,'Yields-Labor-Cube'!$A$24:$R$47,15,FALSE) -> 0.85 | G40: =VLOOKUP(Old!$C40,'Yields-Labor-Cube'!$A$24:$R$47,4,FALSE) -> 0.2
C41: 666540 | D41: Male Pelvic | E41: =VLOOKUP(Old!C41,'Yields-Labor-Cube'!$A$24:$D$47,4,FALSE) -> 1 | F41: =VLOOKUP(Old!$C41,'Yields-Labor-Cube'!$A$24:$R$47,15,FALSE) -> 0.85 | G41: =VLOOKUP(Old!$C41,'Yields-Labor-Cube'!$A$24:$R$47,4,FALSE) -> 1
C42: 666541 | D42: Female Pelvic | E42: =VLOOKUP(Old!C42,'Yields-Labor-Cube'!$A$24:$D$47,4,FALSE) -> 1 | F42: =VLOOKUP(Old!$C42,'Yields-Labor-Cube'!$A$24:$R$47,15,FALSE) -> 0.85 | G42: =VLOOKUP(Old!$C42,'Yields-Labor-Cube'!$A$24:$R$47,4,FALSE) -> 1
C43: 666536 | D43: TISS,PORCINE,THORACIC BLOCK, LARGE | E43: =VLOOKUP(Old!C43,'Yields-Labor-Cube'!$A$24:$D$47,4,FALSE) -> 2 | F43: =VLOOKUP(Old!$C43,'Yields-Labor-Cube'!$A$24:$R$47,15,FALSE) -> 0.9 | G43: =VLOOKUP(Old!$C43,'Yields-Labor-Cube'!$A$24:$R$47,4,FALSE) -> 2
D44: **Estimates, not all measured
D46: *its not just volume what's scored, but also whether or not it can go on top, lower value if it can be stacked and has low volume like aortas
B48: Martins
C74: Coolers
C75: Cooler Capacity
B76: Per cooler | C76: 3
B77: Shelves/Levels | C77: 4
B78: Units per shelve | C78: 20 | D78: +5 would be pushing quality
B79: Cooler Cap: | C79: =C76*C77*C78 -> 240 | D79: =C76*C77*(C78+10) -> 360
B81: 2 trips week
B84: Coolers | C84: per shelf more
A85: Nahunta | B85: 3 | C85: 10
A86: Martin | B86: 3 | C86: 10
A87: Custom | B87: 1 | C87: 10
I96: Nahunta:
H137: Customs
H138: 1 freezer

Sheet Old2
E1: Labor | H1: Cooler | K1: MTB Supply
D2: Q1'26 BP | E2: Martins: Almost at capacity, could move some bariatrics to Customs | H2: Martins: At capacity, would need one more trip a week. Customs: Would need one more trip if we moved bariatrics to Customs | K2: TBD
D3: Q2'26 BP | E3: Martin: Either move Bariatrics to Customs or add 1 person | H3: Martin: 1 more trip. Custom: 1 more cooler or trip | K3: TBD
D4: Q3'26 BP | E4: Nahunta: Could potentially move 1 person to help at martins, demand goes down through year | K4: TBD
D5: Q4'26 BP | K5: TBD
A7: Weeks | B7: 12 | C7: Full days without holidays* | AA7: Possible
AA8: Wednesday | AC8: 1 to Nahunta or Martins
U9: Total: | V9: =V11*V10 -> 80 | AA9: Fridays | AC9: 1 to Nahunta or Martins
A10: 1 | B10: =A10+1 -> 2 | C10: =B10+1 -> 3 | D10: =C10+1 -> 4 | E10: =D10+1 -> 5 | F10: =E10+1 -> 6 | G10: =F10+1 -> 7 | H10: =G10+1 -> 8 | I10: =H10+1 -> 9 | ... P10: =O10+1 -> 16 | T10: Pelvics | U10: Per shelf | V10: 20 | X10: Manning:
E11: Nahunta | I11: Custom Quality | M11: Martin's | U11: Shelf | V11: 4 | Y11: M | Z11: T | AA11: W | AB11: Th | AC11: F
A12: part no. | B12: Tissue type | C12: Weekly Goal | D12: Total Quantity | E12: Nahunta % | F12: Nahunta | G12: Daily | H12: # of Pigs Need per Day | I12: CQP% | J12: CQP | K12: Daily | L12: # of Pigs Need per Day | M12: Martin's % | N12: Martin's | O12: Daily | P12: # of Pigs Need per Day | T12: Days: | U12: #Coolers | V12: Cap | W12: Total | X12: Nahunta | Y12: 1 | AA12: 1 | AB12: 1 | AC12: 1 | AD12: =SUM(Y12:AC12)/COUNT(Y12:AC12) -> 1
A13: 666501 | B13: TISS,PORCINE,AORTA SEGMENTS | C13: =VLOOKUP(A13,ModelsDemand_ToTissue!$D$42:$H$78,5,FALSE)/$B$7 -> 260.91667 | D13: =C13*2 -> 521.83333 | E13: 0.09 | F13: =ROUND(D13*E13,0) -> 47 | G13: =ROUNDUP(F13/7,0) -> 7 | H13: 18 | I13: 0.08 | J13: =ROUND(D13*I13,0) -> 42 | K13: =ROUNDUP(J13/5,0) -> 9 | M13: 0.83 | N13: =ROUND(D13*M13,0) -> 433 | O13: =ROUNDUP(N13/9,0) -> 49 | P13: 185 | S13: Nahunta | T13: 4 | U13: 3 | V13: =$V$9 -> 80 | W13: =U13*V13 -> 240 | X13: Custom | Y13: 1 | AB13: 1 | AD13: =SUM(Y13:AC13)/COUNT(Y13:AC13) -> 1
A14: 666502 | B14: TISS,PORCINE,BARIATRIC BLOCK | C14: =VLOOKUP(A14,ModelsDemand_ToTissue!$D$42:$H$78,5,FALSE)/$B$7 -> 165 | D14: =C14*2 -> 330 | E14: 0 | F14: =ROUND(D14*E14,0) -> 0 | I14: 0.21 | J14: =ROUND(D14*I14,0) -> 69 | M14: 0.79 | N14: =ROUND(D14*M14,0) -> 261 | S14: Martin | T14: 5 | U14: 3 | V14: =$V$9 -> 80 | W14: =U14*V14 -> 240 | X14: Martin | Y14: 1 | Z14: 3 | AA14: 2 | AB14: 1 | AC14: 2 | AD14: =SUM(Y14:AC14)/COUNT(Y14:AC14) -> 1.8
A15: 666505 | B15: TISS,PORCINE,LIVER | C15: =VLOOKUP(A15,ModelsDemand_ToTissue!$D$42:$H$78,5,FALSE)/$B$7 -> 25.25 | D15: =C15*2 -> 50.5 | E15: 0.32 | F15: =ROUND(D15*E15,0) -> 16 | G15: =ROUNDUP(F15/7,0) -> 3 | I15: 0.68 | J15: =ROUND(D15*I15,0) -> 34 | K15: =ROUNDUP(J15/5,0) -> 7 | M15: 0 | N15: =ROUND(D15*M15,0) -> 0 | O15: =ROUNDUP(N15/9,0) -> 0 | S15: Custom | T15: 2 | U15: 1 | V15: =$V$9 -> 80 | W15: =U15*V15 -> 80 | X15: Total | Y15: =SUM(Y12:Y14) -> 3 | Z15: =SUM(Z12:Z14) -> 3 | AA15: =SUM(AA12:AA14) -> 3 | AB15: =SUM(AB12:AB14) -> 3 | AC15: =SUM(AC12:AC14) -> 3 | AD15: =SUM(Y15:AC15)/COUNT(Y15:AC15) -> 3
A16: 666506 | B16: TISS,PORCINE,PELVIC BLOCK | C16: =VLOOKUP(A16,ModelsDemand_ToTissue!$D$42:$H$78,5,FALSE)/$B$7 -> 52.166667 | D16: =C16*2 -> 104.33333 | E16: 0 | F16: =ROUND(D16*E16,0) -> 0 | G16: =ROUNDUP(F16/7,0) -> 0 | I16: 0 | J16: =ROUND(D16*I16,0) -> 0 | K16: =ROUNDUP(J16/5,0) -> 0 | M16: 1 | N16: =ROUND(D16*M16,0) -> 104 | O16: =ROUNDUP(N16/9,0) -> 12 | P16: 5
A17: 666507 | B17: TISS,PORCINE,FULL THOR AND BARI BLOCK | C17: =VLOOKUP(A17,ModelsDemand_ToTissue!$D$42:$H$78,5,FALSE)/$B$7 -> 8.25 | D17: =C17*2 -> 16.5 | E17: 1 | F17: =ROUND(D17*E17,0) -> 17 | G17: =ROUNDUP(F17/7,0) -> 3 | H17: 9 | I17: 0 | J17: =ROUND(D17*I17,0) -> 0 | K17: =ROUNDUP(J17/5,0) -> 0 | M17: 0 | N17: =ROUND(D17*M17,0) -> 0 | O17: =ROUNDUP(N17/9,0) -> 0 | S17: Freezer:
A18: 666509 | B18: TISS,PORCINE,JEJUNUM,6FT | C18: =VLOOKUP(A18,ModelsDemand_ToTissue!$D$42:$H$78,5,FALSE)/$B$7 -> 33.5 | D18: =C18*2 -> 67 | E18: 1 | F18: =ROUND(D18*E18,0) -> 67 | G18: =ROUNDUP(F18/7,0) -> 10 | I18: 0 | J18: =ROUND(D18*I18,0) -> 0 | K18: =ROUNDUP(J18/5,0) -> 0 | M18: 0 | N18: =ROUND(D18*M18,0) -> 0 | O18: =ROUNDUP(N18/9,0) -> 0
A19: 666510 | B19: TISS,PORCINE,JEJUNUM (2FT) | C19: =VLOOKUP(A19,ModelsDemand_ToTissue!$D$42:$H$78,5,FALSE)/$B$7 -> 7.3333333 | D19: =C19*2 -> 14.666667 | E19: 0.9 | F19: =ROUND(D19*E19,0) -> 13 | G19: =ROUNDUP(F19/7,0) -> 2 | H19: 7 | I19: 0.1 | J19: =ROUND(D19*I19,0) -> 1 | K19: =ROUNDUP(J19/5,0) -> 1 | M19: 0 | N19: =ROUND(D19*M19,0) -> 0 | O19: =ROUNDUP(N19/9,0) -> 0
A20: 666511 | B20: TISS,PORCINE,KIDNEY BLOCK | C20: =VLOOKUP(A20,ModelsDemand_ToTissue!$D$42:$H$78,5,FALSE)/$B$7 -> 3.75 | D20: =C20*2 -> 7.5 | E20: 1 | F20: =ROUND(D20*E20,0) -> 8 | G20: =ROUNDUP(F20/7,0) -> 2 | I20: 0 | J20: =ROUND(D20*I20,0) -> 0 | K20: =ROUNDUP(J20/5,0) -> 0 | M20: 0 | N20: =ROUND(D20*M20,0) -> 0 | O20: =ROUNDUP(N20/9,0) -> 0
A21: 666513 | B21: TISS,PORCINE,LIVER WITH GALLBLADDER | C21: =VLOOKUP(A21,ModelsDemand_ToTissue!$D$42:$H$78,5,FALSE)/$B$7 -> 15.166667 | D21: =C21*2 -> 30.333333 | E21: 0.3 | F21: =ROUND(D21*E21,0) -> 9 | G21: =ROUNDUP(F21/7,0) -> 2 | I21: 0.7 | J21: =ROUND(D21*I21,0) -> 21 | K21: =ROUNDUP(J21/5,0) -> 5 | M21: 0 | N21: =ROUND(D21*M21,0) -> 0 | O21: =ROUNDUP(N21/9,0) -> 0
A22: 666516 | B22: TISS,PORCINE,OMENTUM | C22: =VLOOKUP(A22,ModelsDemand_ToTissue!$D$42:$H$78,5,FALSE)/$B$7 -> 25.25 | D22: =C22*2 -> 50.5 | E22: 0.5 | F22: =ROUND(D22*E22,0) -> 25 | G22: =ROUNDUP(F22/7,0) -> 4 | H22: 2 | I22: 0.5 | J22: =ROUND(D22*I22,0) -> 25 | K22: =ROUNDUP(J22/5,0) -> 5 | M22: 0 | N22: =ROUND(D22*M22,0) -> 0 | O22: =ROUNDUP(N22/9,0) -> 0
A23: 666517 | B23: TISS,PORCINE,PANCREAS | C23: =VLOOKUP(A23,ModelsDemand_ToTissue!$D$42:$H$78,5,FALSE)/$B$7 -> 25.25 | D23: =C23*2 -> 50.5 | E23: 0.69 | F23: =ROUND(D23*E23,0) -> 35 | G23: =ROUNDUP(F23/7,0) -> 5 | I23: 0.31 | J23: =ROUND(D23*I23,0) -> 16 | K23: =ROUNDUP(J23/5,0) -> 4 | M23: 0 | N23: =ROUND(D23*M23,0) -> 0 | O23: =ROUNDUP(N23/9,0) -> 0
A24: 666518 | B24: TISS,PORCINE,FEM,PELVIC BLOCK,INTACT,SM | C24: =VLOOKUP(A24,ModelsDemand_ToTissue!$D$42:$H$78,5,FALSE)/$B$7 -> 0 | D24: =C24*2 -> 0 | E24: 0 | F24: =ROUND(D24*E24,0) -> 0 | G24: =ROUNDUP(F24/7,0) -> 0 | I24: 0 | J24: =ROUND(D24*I24,0) -> 0 | K24: =ROUNDUP(J24/5,0) -> 0 | M24: 1 | N24: =ROUND(D24*M24,0) -> 0 | O24: =ROUNDUP(N24/9,0) -> 0 | P24: 89
A25: 666519 | B25: TISS,PORCINE,SPLEEN | C25: =VLOOKUP(A25,ModelsDemand_ToTissue!$D$42:$H$78,5,FALSE)/$B$7 -> 25.25 | D25: =C25*2 -> 50.5 | E25: 0.5 | F25: =ROUND(D25*E25,0) -> 25 | G25: =ROUNDUP(F25/7,0) -> 4 | I25: 0.5 | J25: =ROUND(D25*I25,0) -> 25 | K25: =ROUNDUP(J25/5,0) -> 5 | M25: 0 | N25: =ROUND(D25*M25,0) -> 0 | O25: =ROUNDUP(N25/9,0) -> 0
A26: 666521 | B26: TISS,PORCINE,THORACIC BLOCK | C26: =VLOOKUP(A26,ModelsDemand_ToTissue!$D$42:$H$78,5,FALSE)/$B$7 -> 23.333333 | D26: =C26*2 -> 46.666667 | E26: 1 | F26: =ROUND(D26*E26,0) -> 47 | G26: =ROUNDUP(F26/7,0) -> 7 | H26: 5 | I26: 0 | J26: =ROUND(D26*I26,0) -> 0 | K26: =ROUNDUP(J26/5,0) -> 0 | M26: 0 | N26: =ROUND(D26*M26,0) -> 0 | O26: =ROUNDUP(N26/9,0) -> 0
A27: 666522 | B27: TISS,PORCINE,URETER | C27: =VLOOKUP(A27,ModelsDemand_ToTissue!$D$42:$H$78,5,FALSE)/$B$7 -> 178.16667 | D27: =C27*2 -> 356.33333 | E27: 0.32 | F27: =ROUND(D27*E27,0) -> 114 | G27: =ROUNDUP(F27/7,0) -> 17 | H27: 4 | I27: 0.2 | J27: =ROUND(D27*I27,0) -> 71 | K27: =ROUNDUP(J27/5,0) -> 15 | M27: 0.48 | N27: =ROUND(D27*M27,0) -> 171 | O27: =ROUNDUP(N27/9,0) -> 19 | P27: 77
A28: 666523 | B28: TISS,PORCINE,VENA CAVA | C28: =VLOOKUP(A28,ModelsDemand_ToTissue!$D$42:$H$78,5,FALSE)/$B$7 -> 17.916667 | D28: =C28*2 -> 35.833333 | E28: 0 | F28: =ROUND(D28*E28,0) -> 0 | G28: =ROUNDUP(F28/7,0) -> 0 | I28: 1 | J28: =ROUND(D28*I28,0) -> 36 | K28: =ROUNDUP(J28/5,0) -> 8 | L28: 52 | M28: 0 | N28: =ROUND(D28*M28,0) -> 0 | O28: =ROUNDUP(N28/9,0) -> 0
A29: 666530 | B29: TISS,PORCINE,STOMACH | C29: =VLOOKUP(A29,ModelsDemand_ToTissue!$D$42:$H$78,5,FALSE)/$B$7 -> 0 | D29: =C29*2 -> 0 | E29: 0.25 | F29: =ROUND(D29*E29,0) -> 0 | G29: =ROUNDUP(F29/7,0) -> 0 | I29: 0.75 | J29: =ROUND(D29*I29,0) -> 0 | K29: =ROUNDUP(J29/5,0) -> 0 | M29: 0 | N29: =ROUND(D29*M29,0) -> 0 | O29: =ROUNDUP(N29/9,0) -> 0
A30: 666531 | B30: TISS,PORCINE,DIAPHRAGM | C30: =VLOOKUP(A30,ModelsDemand_ToTissue!$D$42:$H$78,5,FALSE)/$B$7 -> 3.5 | D30: =C30*2 -> 7 | E30: 0.7 | F30: =ROUND(D30*E30,0) -> 5 | G30: =ROUNDUP(F30/7,0) -> 1 | I30: 0.3 | J30: =ROUND(D30*I30,0) -> 2 | K30: =ROUNDUP(J30/5,0) -> 1 | M30: 0 | N30: =ROUND(D30*M30,0) -> 0 | O30: =ROUNDUP(N30/9,0) -> 0
A31: 666540 | B31: MALE PELVIC BLOCK | C31: =VLOOKUP(A31,ModelsDemand_ToTissue!$D$42:$H$78,5,FALSE)/$B$7 -> 0 | D31: =C31*2 -> 0 | E31: 0 | F31: =ROUND(D31*E31,0) -> 0 | G31: =ROUNDUP(F31/7,0) -> 0 | I31: 0 | J31: =ROUND(D31*I31,0) -> 0 | K31: =ROUNDUP(J31/5,0) -> 0 | M31: 1 | N31: =ROUND(D31*M31,0) -> 0 | O31: =ROUNDUP(N31/9,0) -> 0
A32: 666536 | B32: TISS,PORCINE,THORACIC BLOCK, LARGE | C32: =VLOOKUP(A32,ModelsDemand_ToTissue!$D$42:$H$78,5,FALSE)/$B$7 -> 2.3333333 | D32: =C32*2 -> 4.6666667 | E32: 1 | F32: =ROUND(D32*E32,0) -> 5 | G32: =ROUNDUP(F32/7,0) -> 1 | H32: 1
A33: 666541 | B33: FEMALE PELVIC BLOCK | C33: =VLOOKUP(A33,ModelsDemand_ToTissue!$D$42:$H$78,5,FALSE)/$B$7 -> 178.58333 | D33: =C33*2 -> 357.16667 | E33: 0 | F33: =ROUND(D33*E33,0) -> 0 | G33: =ROUNDUP(F33/7,0) -> 0 | I33: 0 | J33: =ROUND(D33*I33,0) -> 0 | K33: =ROUNDUP(J33/5,0) -> 0 | M33: 1 | N33: =ROUND(D33*M33,0) -> 357 | O33: =ROUNDUP(N33/9,0) -> 40
A35: 666504 | B35: TISS,PORCINE,BELLY,LARGE | C35: =VLOOKUP(A35,ModelsDemand_ToTissue!$D$42:$H$78,5,FALSE)/$B$7 -> 58.375
A36: 666512 | B36: TISS,PORCINE,LEAF FAT | C36: =VLOOKUP(A36,ModelsDemand_ToTissue!$D$42:$H$78,5,FALSE)/$B$7 -> 353.875
A37: 666534 | B37: TISS,PORCINE,BELLY,LARGE | C37: =VLOOKUP(A37,ModelsDemand_ToTissue!$D$42:$H$78,5,FALSE)/$B$7 -> #N/A
C46: Biweekly DEMAND | H46: Biweekly DEMAND | M46: Biweekly DEMAND
B47: *Cube: Cooler Cap is measured in Pelvic Pieces | C47: Demand/Allocation | D47: Last Year | E47: Estimated | F47: Estimated | G47: Estimated | H47: Demand/Allocation | J47: Estimated | K47: Estimated | L47: Estimated | M47: Demand/Allocation | O47: Estimated | P47: Estimated | Q47: Estimated
C48: Nahunta | E48: Labor STD | F48: Total Mhrs | G48: Total Cube* | H48: Custom | J48: Labor STD | K48: Total Mhrs | L48: Total Cube* | M48: Martin | O48: Labor STD | P48: Total Mhrs | Q48: Total Cube*
A50: 666501 | B50: TISS,PORCINE,AORTA SEGMENTS | C50: =VLOOKUP($A50,$A$13:$N$33,6,FALSE) -> 47 | E50: =VLOOKUP($A50,Old!$C$23:$G$43,3,FALSE) -> 0.05 | F50: =C50*E50 -> 2.35 | G50: =VLOOKUP($A50,Old!$C$23:$G$43,5,FALSE)*C50 -> 2.35 | H50: =VLOOKUP($A50,$A$13:$N$33,10,FALSE) -> 42 | J50: =VLOOKUP($A50,Old!$C$23:$G$43,3,FALSE) -> 0.05 | K50: =H50*J50 -> 2.1 | L50: =VLOOKUP($A50,Old!$C$23:$G$43,5,FALSE)*H50 -> 2.1 | M50: =VLOOKUP($A50,$A$13:$N$33,14,FALSE) -> 433 | O50: =VLOOKUP($A50,Old!$C$23:$G$43,3,FALSE) -> 0.05 | P50: =M50*O50 -> 21.65 | Q50: =VLOOKUP($A50,Old!$C$23:$G$43,5,FALSE)*M50 -> 21.65
A51: 666502 | B51: TISS,PORCINE,BARIATRIC BLOCK | C51: =VLOOKUP(A51,$A$13:$N$33,6,FALSE) -> 0 | E51: =VLOOKUP($A51,Old!$C$23:$G$43,3,FALSE) -> 1.5 | F51: =C51*E51 -> 0 | G51: =VLOOKUP($A51,Old!$C$23:$G$43,5,FALSE)*C51 -> 0 | H51: =VLOOKUP($A51,$A$13:$N$33,10,FALSE) -> 69 | J51: =VLOOKUP($A51,Old!$C$23:$G$43,3,FALSE) -> 1.5 | K51: =H51*J51 -> 103.5 | L51: =VLOOKUP($A51,Old!$C$23:$G$43,5,FALSE)*H51 -> 103.5 | M51: =VLOOKUP($A51,$A$13:$N$33,14,FALSE) -> 261 | O51: =VLOOKUP($A51,Old!$C$23:$G$43,3,FALSE) -> 1.5 | P51: =M51*O51 -> 391.5 | Q51: =VLOOKUP($A51,Old!$C$23:$G$43,5,FALSE)*M51 -> 391.5 | R51: Talked to Tony on this*
A52: 666505 | B52: TISS,PORCINE,LIVER | C52: =VLOOKUP(A52,$A$13:$N$33,6,FALSE) -> 16 | E52: =VLOOKUP($A52,Old!$C$23:$G$43,3,FALSE) -> 0.2 | F52: =C52*E52 -> 3.2 | G52: =VLOOKUP($A52,Old!$C$23:$G$43,5,FALSE)*C52 -> 3.2 | H52: =VLOOKUP($A52,$A$13:$N$33,10,FALSE) -> 34 | J52: =VLOOKUP($A52,Old!$C$23:$G$43,3,FALSE) -> 0.2 | K52: =H52*J52 -> 6.8 | L52: =VLOOKUP($A52,Old!$C$23:$G$43,5,FALSE)*H52 -> 6.8 | M52: =VLOOKUP($A52,$A$13:$N$33,14,FALSE) -> 0 | O52: =VLOOKUP($A52,Old!$C$23:$G$43,3,FALSE) -> 0.2 | P52: =M52*O52 -> 0 | Q52: =VLOOKUP($A52,Old!$C$23:$G$43,5,FALSE)*M52 -> 0
A53: 666506 | B53: TISS,PORCINE,PELVIC BLOCK | C53: =VLOOKUP(A53,$A$13:$N$33,6,FALSE) -> 0 | E53: =VLOOKUP($A53,Old!$C$23:$G$43,3,FALSE) -> 1 | F53: =C53*E53 -> 0 | G53: =VLOOKUP($A53,Old!$C$23:$G$43,5,FALSE)*C53 -> 0 | H53: =VLOOKUP($A53,$A$13:$N$33,10,FALSE) -> 0 | J53: =VLOOKUP($A53,Old!$C$23:$G$43,3,FALSE) -> 1 | K53: =H53*J53 -> 0 | L53: =VLOOKUP($A53,Old!$C$23:$G$43,5,FALSE)*H53 -> 0 | M53: =VLOOKUP($A53,$A$13:$N$33,14,FALSE) -> 104 | O53: =VLOOKUP($A53,Old!$C$23:$G$43,3,FALSE) -> 1 | P53: =M53*O53 -> 104 | Q53: =VLOOKUP($A53,Old!$C$23:$G$43,5,FALSE)*M53 -> 104
A54: 666507 | B54: TISS,PORCINE,FULL THOR AND BARI BLOCK | C54: =VLOOKUP(A54,$A$13:$N$33,6,FALSE) -> 17 | E54: =VLOOKUP($A54,Old!$C$23:$G$43,3,FALSE) -> 1.8 | F54: =C54*E54 -> 30.6 | G54: =VLOOKUP($A54,Old!$C$23:$G$43,5,FALSE)*C54 -> 30.6 | H54: =VLOOKUP($A54,$A$13:$N$33,10,FALSE) -> 0 | J54: =VLOOKUP($A54,Old!$C$23:$G$43,3,FALSE) -> 1.8 | K54: =H54*J54 -> 0 | L54: =VLOOKUP($A54,Old!$C$23:$G$43,5,FALSE)*H54 -> 0 | M54: =VLOOKUP($A54,$A$13:$N$33,14,FALSE) -> 0 | O54: =VLOOKUP($A54,Old!$C$23:$G$43,3,FALSE) -> 1.8 | P54: =M54*O54 -> 0 | Q54: =VLOOKUP($A54,Old!$C$23:$G$43,5,FALSE)*M54 -> 0
A55: 666509 | B55: TISS,PORCINE,JEJUNUM,6FT | C55: =VLOOKUP(A55,$A$13:$N$33,6,FALSE) -> 67 | E55: =VLOOKUP($A55,Old!$C$23:$G$43,3,FALSE) -> 0.5 | F55: =C55*E55 -> 33.5 | G55: =VLOOKUP($A55,Old!$C$23:$G$43,5,FALSE)*C55 -> 33.5 | H55: =VLOOKUP($A55,$A$13:$N$33,10,FALSE) -> 0 | J55: =VLOOKUP($A55,Old!$C$23:$G$43,3,FALSE) -> 0.5 | K55: =H55*J55 -> 0 | L55: =VLOOKUP($A55,Old!$C$23:$G$43,5,FALSE)*H55 -> 0 | M55: =VLOOKUP($A55,$A$13:$N$33,14,FALSE) -> 0 | O55: =VLOOKUP($A55,Old!$C$23:$G$43,3,FALSE) -> 0.5 | P55: =M55*O55 -> 0 | Q55: =VLOOKUP($A55,Old!$C$23:$G$43,5,FALSE)*M55 -> 0
A56: 666510 | B56: TISS,PORCINE,JEJUNUM (2FT) | C56: =VLOOKUP(A56,$A$13:$N$33,6,FALSE) -> 13 | E56: =VLOOKUP($A56,Old!$C$23:$G$43,3,FALSE) -> 0.3 | F56: =C56*E56 -> 3.9 | G56: =VLOOKUP($A56,Old!$C$23:$G$43,5,FALSE)*C56 -> 3.9 | H56: =VLOOKUP($A56,$A$13:$N$33,10,FALSE) -> 1 | J56: =VLOOKUP($A56,Old!$C$23:$G$43,3,FALSE) -> 0.3 | K56: =H56*J56 -> 0.3 | L56: =VLOOKUP($A56,Old!$C$23:$G$43,5,FALSE)*H56 -> 0.3 | M56: =VLOOKUP($A56,$A$13:$N$33,14,FALSE) -> 0 | O56: =VLOOKUP($A56,Old!$C$23:$G$43,3,FALSE) -> 0.3 | P56: =M56*O56 -> 0 | Q56: =VLOOKUP($A56,Old!$C$23:$G$43,5,FALSE)*M56 -> 0
A57: 666511 | B57: TISS,PORCINE,KIDNEY BLOCK | C57: =VLOOKUP(A57,$A$13:$N$33,6,FALSE) -> 8 | E57: =VLOOKUP($A57,Old!$C$23:$G$43,3,FALSE) -> 0.5 | F57: =C57*E57 -> 4 | G57: =VLOOKUP($A57,Old!$C$23:$G$43,5,FALSE)*C57 -> 4 | H57: =VLOOKUP($A57,$A$13:$N$33,10,FALSE) -> 0 | J57: =VLOOKUP($A57,Old!$C$23:$G$43,3,FALSE) -> 0.5 | K57: =H57*J57 -> 0 | L57: =VLOOKUP($A57,Old!$C$23:$G$43,5,FALSE)*H57 -> 0 | M57: =VLOOKUP($A57,$A$13:$N$33,14,FALSE) -> 0 | O57: =VLOOKUP($A57,Old!$C$23:$G$43,3,FALSE) -> 0.5 | P57: =M57*O57 -> 0 | Q57: =VLOOKUP($A57,Old!$C$23:$G$43,5,FALSE)*M57 -> 0
A58: 666513 | B58: TISS,PORCINE,LIVER WITH GALLBLADDER | C58: =VLOOKUP(A58,$A$13:$N$33,6,FALSE) -> 9 | E58: =VLOOKUP($A58,Old!$C$23:$G$43,3,FALSE) -> 0.5 | F58: =C58*E58 -> 4.5 | G58: =VLOOKUP($A58,Old!$C$23:$G$43,5,FALSE)*C58 -> 4.5 | H58: =VLOOKUP($A58,$A$13:$N$33,10,FALSE) -> 21 | J58: =VLOOKUP($A58,Old!$C$23:$G$43,3,FALSE) -> 0.5 | K58: =H58*J58 -> 10.5 | L58: =VLOOKUP($A58,Old!$C$23:$G$43,5,FALSE)*H58 -> 10.5 | M58: =VLOOKUP($A58,$A$13:$N$33,14,FALSE) -> 0 | O58: =VLOOKUP($A58,Old!$C$23:$G$43,3,FALSE) -> 0.5 | P58: =M58*O58 -> 0 | Q58: =VLOOKUP($A58,Old!$C$23:$G$43,5,FALSE)*M58 -> 0
A59: 666516 | B59: TISS,PORCINE,OMENTUM | C59: =VLOOKUP(A59,$A$13:$N$33,6,FALSE) -> 25 | E59: =VLOOKUP($A59,Old!$C$23:$G$43,3,FALSE) -> 0.1 | F59: =C59*E59 -> 2.5 | G59: =VLOOKUP($A59,Old!$C$23:$G$43,5,FALSE)*C59 -> 2.5 | H59: =VLOOKUP($A59,$A$13:$N$33,10,FALSE) -> 25 | J59: =VLOOKUP($A59,Old!$C$23:$G$43,3,FALSE) -> 0.1 | K59: =H59*J59 -> 2.5 | L59: =VLOOKUP($A59,Old!$C$23:$G$43,5,FALSE)*H59 -> 2.5 | M59: =VLOOKUP($A59,$A$13:$N$33,14,FALSE) -> 0 | O59: =VLOOKUP($A59,Old!$C$23:$G$43,3,FALSE) -> 0.1 | P59: =M59*O59 -> 0 | Q59: =VLOOKUP($A59,Old!$C$23:$G$43,5,FALSE)*M59 -> 0
A60: 666517 | B60: TISS,PORCINE,PANCREAS | C60: =VLOOKUP(A60,$A$13:$N$33,6,FALSE) -> 35 | E60: =VLOOKUP($A60,Old!$C$23:$G$43,3,FALSE) -> 0.2 | F60: =C60*E60 -> 7 | G60: =VLOOKUP($A60,Old!$C$23:$G$43,5,FALSE)*C60 -> 7 | H60: =VLOOKUP($A60,$A$13:$N$33,10,FALSE) -> 16 | J60: =VLOOKUP($A60,Old!$C$23:$G$43,3,FALSE) -> 0.2 | K60: =H60*J60 -> 3.2 | L60: =VLOOKUP($A60,Old!$C$23:$G$43,5,FALSE)*H60 -> 3.2 | M60: =VLOOKUP($A60,$A$13:$N$33,14,FALSE) -> 0 | O60: =VLOOKUP($A60,Old!$C$23:$G$43,3,FALSE) -> 0.2 | P60: =M60*O60 -> 0 | Q60: =VLOOKUP($A60,Old!$C$23:$G$43,5,FALSE)*M60 -> 0
A61: 666518 | B61: TISS,PORCINE,FEM,PELVIC BLOCK,INTACT,SM | C61: =VLOOKUP(A61,$A$13:$N$33,6,FALSE) -> 0 | E61: =VLOOKUP($A61,Old!$C$23:$G$43,3,FALSE) -> 1 | F61: =C61*E61 -> 0 | G61: =VLOOKUP($A61,Old!$C$23:$G$43,5,FALSE)*C61 -> 0 | H61: =VLOOKUP($A61,$A$13:$N$33,10,FALSE) -> 0 | J61: =VLOOKUP($A61,Old!$C$23:$G$43,3,FALSE) -> 1 | K61: =H61*J61 -> 0 | L61: =VLOOKUP($A61,Old!$C$23:$G$43,5,FALSE)*H61 -> 0 | M61: =VLOOKUP($A61,$A$13:$N$33,14,FALSE) -> 0 | O61: =VLOOKUP($A61,Old!$C$23:$G$43,3,FALSE) -> 1 | P61: =M61*O61 -> 0 | Q61: =VLOOKUP($A61,Old!$C$23:$G$43,5,FALSE)*M61 -> 0
A62: 666519 | B62: TISS,PORCINE,SPLEEN | C62: =VLOOKUP(A62,$A$13:$N$33,6,FALSE) -> 25 | E62: =VLOOKUP($A62,Old!$C$23:$G$43,3,FALSE) -> 0.5 | F62: =C62*E62 -> 12.5 | G62: =VLOOKUP($A62,Old!$C$23:$G$43,5,FALSE)*C62 -> 12.5 | H62: =VLOOKUP($A62,$A$13:$N$33,10,FALSE) -> 25 | J62: =VLOOKUP($A62,Old!$C$23:$G$43,3,FALSE) -> 0.5 | K62: =H62*J62 -> 12.5 | L62: =VLOOKUP($A62,Old!$C$23:$G$43,5,FALSE)*H62 -> 12.5 | M62: =VLOOKUP($A62,$A$13:$N$33,14,FALSE) -> 0 | O62: =VLOOKUP($A62,Old!$C$23:$G$43,3,FALSE) -> 0.5 | P62: =M62*O62 -> 0 | Q62: =VLOOKUP($A62,Old!$C$23:$G$43,5,FALSE)*M62 -> 0
A63: 666521 | B63: TISS,PORCINE,THORACIC BLOCK | C63: =VLOOKUP(A63,$A$13:$N$33,6,FALSE) -> 47 | E63: =VLOOKUP($A63,Old!$C$23:$G$43,3,FALSE) -> 1.8 | F63: =C63*E63 -> 84.6 | G63: =VLOOKUP($A63,Old!$C$23:$G$43,5,FALSE)*C63 -> 84.6 | H63: =VLOOKUP($A63,$A$13:$N$33,10,FALSE) -> 0 | J63: =VLOOKUP($A63,Old!$C$23:$G$43,3,FALSE) -> 1.8 | K63: =H63*J63 -> 0 | L63: =VLOOKUP($A63,Old!$C$23:$G$43,5,FALSE)*H63 -> 0 | M63: =VLOOKUP($A63,$A$13:$N$33,14,FALSE) -> 0 | O63: =VLOOKUP($A63,Old!$C$23:$G$43,3,FALSE) -> 1.8 | P63: =M63*O63 -> 0 | Q63: =VLOOKUP($A63,Old!$C$23:$G$43,5,FALSE)*M63 -> 0
... A67: 666531 | B67: TISS,PORCINE,DIAPHRAGM | C67: =VLOOKUP(A67,$A$13:$N$33,6,FALSE) -> 5 | E67: =VLOOKUP($A67,Old!$C$23:$G$43,3,FALSE) -> 0.2 | F67: =C67*E67 -> 1 | G67: =VLOOKUP($A67,Old!$C$23:$G$43,5,FALSE)*C67 -> 1 | H67: =VLOOKUP($A67,$A$13:$N$33,10,FALSE) -> 2 | J67: =VLOOKUP($A67,Old!$C$23:$G$43,3,FALSE) -> 0.2 | K67: =H67*J67 -> 0.4 | L67: =VLOOKUP($A67,Old!$C$23:$G$43,5,FALSE)*H67 -> 0.4 | M67: =VLOOKUP($A67,$A$13:$N$33,14,FALSE) -> 0 | O67: =VLOOKUP($A67,Old!$C$23:$G$43,3,FALSE) -> 0.2 | P67: =M67*O67 -> 0 | Q67: =VLOOKUP($A67,Old!$C$23:$G$43,5,FALSE)*M67 -> 0
A68: 666540 | B68: MALE PELVIC BLOCK | C68: =VLOOKUP(A68,$A$13:$N$33,6,FALSE) -> 0 | E68: =VLOOKUP($A68,Old!$C$23:$G$43,3,FALSE) -> 1 | F68: =C68*E68 -> 0 | G68: =VLOOKUP($A68,Old!$C$23:$G$43,5,FALSE)*C68 -> 0 | H68: =VLOOKUP($A68,$A$13:$N$33,10,FALSE) -> 0 | J68: =VLOOKUP($A68,Old!$C$23:$G$43,3,FALSE) -> 1 | K68: =H68*J68 -> 0 | L68: =VLOOKUP($A68,Old!$C$23:$G$43,5,FALSE)*H68 -> 0 | M68: =VLOOKUP($A68,$A$13:$N$33,14,FALSE) -> 0 | O68: =VLOOKUP($A68,Old!$C$23:$G$43,3,FALSE) -> 1 | P68: =M68*O68 -> 0 | Q68: =VLOOKUP($A68,Old!$C$23:$G$43,5,FALSE)*M68 -> 0 | R68: Talked to Tony on this* | U68: Transfer would go to Nahunta, not Customs, Customs is constrained at 30,40 pigs a day.
A69: 666541 | B69: FEMALE PELVIC BLOCK | C69: =VLOOKUP(A69,$A$13:$N$33,6,FALSE) -> 0 | E69: =VLOOKUP($A69,Old!$C$23:$G$43,3,FALSE) -> 1 | F69: =C69*E69 -> 0 | G69: =VLOOKUP($A69,Old!$C$23:$G$43,5,FALSE)*C69 -> 0 | H69: =VLOOKUP($A69,$A$13:$N$33,10,FALSE) -> 0 | J69: =VLOOKUP($A69,Old!$C$23:$G$43,3,FALSE) -> 1 | K69: =H69*J69 -> 0 | L69: =VLOOKUP($A69,Old!$C$23:$G$43,5,FALSE)*H69 -> 0 | M69: =VLOOKUP($A69,$A$13:$N$33,14,FALSE) -> 357 | O69: =VLOOKUP($A69,Old!$C$23:$G$43,3,FALSE) -> 1 | P69: =M69*O69 -> 357 | Q69: =VLOOKUP($A69,Old!$C$23:$G$43,5,FALSE)*M69 -> 357
A70: 666536 | B70: TISS,PORCINE,THORACIC BLOCK, LARGE | C70: =VLOOKUP(A70,$A$13:$N$33,6,FALSE) -> 5 | E70: =VLOOKUP($A70,Old!$C$23:$G$43,3,FALSE) -> 2 | F70: =C70*E70 -> 10 | G70: =VLOOKUP($A70,Old!$C$23:$G$43,5,FALSE)*C70 -> 10 | J70: =VLOOKUP($A70,Old!$C$23:$G$43,3,FALSE) -> 2 | K70: =H70*J70 -> 0 | L70: =VLOOKUP($A70,Old!$C$23:$G$43,5,FALSE)*H70 -> 0 | O70: =VLOOKUP($A70,Old!$C$23:$G$43,3,FALSE) -> 2 | P70: =M70*O70 -> 0 | Q70: =VLOOKUP($A70,Old!$C$23:$G$43,5,FALSE)*M70 -> 0
B71: Total Pigs: | C71: =SUM(H13:H33) -> 46 | H71: =SUM(L13:L33) -> 52 | M71: =SUM(P13:P33) -> 356
B72: Totals Biweekly: | F72: =SUM(F50:F69)/60 -> 3.3508333 | G72: =SUM(G50:G69) -> 201.05 | K72: =SUM(K50:K69)/60 -> 2.5116667 | L72: =SUM(L50:L69) -> 150.7 | P72: =SUM(P50:P69)/60 -> 14.854167 | Q72: =SUM(Q50:Q69) -> 891.25
B74: Days worked/week | F74: =VLOOKUP($C$48,$S$13:$W$15,2,FALSE) -> 4 | G74: StdError95% | K74: =VLOOKUP($H$48,$S$13:$W$15,2,FALSE) -> 2 | L74: StdError95% | P74: =VLOOKUP($M$48,$S$13:$W$15,2,FALSE) -> 5 | Q74: StdError95%
B75: By day: | F75: =F72/(2*F74) -> 0.41885417 | G75: =CalcDaily!Y41 -> 0.080878255 | H75: work on this deviation | K75: =K72/(2*K74) -> 0.62791667 | L75: =AVERAGE(G75,Q75) -> 0.071572217 | P75: =P72/(2*P74) -> 1.4854167 | Q75: =CalcDaily!Y71 -> 0.062266178
B76: Daily Available Hours | F76: 8 | K76: 8 | P76: 8 | T76: Variables, else formula
B77: Incluidying d&d Uptime % | F77: 0.75 | K77: 0.75 | P77: 0.75
B78: Quality Yield % | F78: 0.9 | K78: 0.9 | P78: 0.9
B79: Headcount | F79: =VLOOKUP($C$48,$X$11:$AD$15,7,FALSE) -> 1 | K79: =VLOOKUP($H$48,$X$11:$AD$15,7,FALSE) -> 1 | P79: =VLOOKUP($M$48,$X$11:$AD$15,7,FALSE) -> 1.8
B80: Breaks&Lunch(hrs) | D80: Labor Utilization (based on std) | F80: 0.5 | I80: Labor Utilization (based on std) | K80: 0.5 | N80: Labor Utilization (based on std) | P80: 0.5
