Workbook

Sheet Attainment & Alloc Summary
A1: Attainment & Allocations — Selected-Weeks Summary
A2: Pick a week range and a mode below. Ask/Harvested columns show the AVERAGE per week or the TOTAL across the selected weeks (per Mode). "% of Ask" is each house's share of that tissue's total ask over the window (independent of mode). Ask/Attained use the recorded per-house tab figures (cols E-L). | P2: 46020 | Q2: 12_29_25
P3: 46027 | Q3: 01_05_26
A4: From week: | C4: 46020 | F4: Variables: Weeks, mode: Average or total | K4: =L11/C7 -> 10.0104 | P4: 46034 | Q4: 1_12_26
A5: To week: | C5: 46188 | P5: 46041 | Q5: 1_19_26
A6: Mode: | C6: Average | P6: 46048 | Q6: 1_26_26
A7: Weeks selected: | C7: =COUNTIFS($P$2:$P$26,">="&$C$4,$P$2:$P$26,"<="&$C$5) -> 25 | P7: 46055 | Q7: 02_02_26
P8: 46062 | Q8: 02_09_26
A9: PN | B9: Tissue | C9: Nahunta | F9: Martin | I9: Custom | L9: All SH | P9: 46069 | Q9: 02_16_26
C10: =IF($C$6="Total","Total Ask","Avg Ask/wk") -> Avg Ask/wk | D10: =IF($C$6="Total","Total Harv.","Avg Harv./wk") -> Avg Harv./wk | E10: % of Ask | F10: =IF($C$6="Total","Total Ask","Avg Ask/wk") -> Avg Ask/wk | G10: =IF($C$6="Total","Total Harv.","Avg Harv./wk") -> Avg Harv./wk | H10: % of Ask | I10: =IF($C$6="Total","Total Ask","Avg Ask/wk") -> Avg Ask/wk | J10: =IF($C$6="Total","Total Harv.","Avg Harv./wk") -> Avg Harv./wk | K10: % of Ask | L10: =IF($C$6="Total","Total Ask","Avg Ask/wk") -> Avg Ask/wk | M10: =IF($C$6="Total","Total Harv.","Avg Harv./wk") -> Avg Harv./wk | N10: Attainment % | P10: 46076 | Q10: 02_23_26
A11: 666501 | B11: Aorta | C11: =IF($C$6="Total",SUMIFS('PvA Data'!$F$2:$F$1577,'PvA Data'!$B$2:$B$1577,">="&$C$4,'PvA Data'!$B$2:$B$1577,"<="&$C$5,'PvA Data'!$C$2:$C$1577,"Nahunta",'PvA Data'!$E$2:$E$1577,$B11),IFERROR(AVERAGEIFS('PvA Data'!$F$2:$F$1577,'PvA Data'!$B$2:$B$1577,">="&$C$4,'PvA Data'!$B$2:$B$1577,"<="&$C$5,'PvA Data'!$C$2:$C$1577,"Nahunta",'PvA Data'!$E$2:$E$1577,$B11),0)) -> 22.2 | D11: =IF($C$6="Total",SUMIFS('PvA Data'!$G$2:$G$1577,'PvA Data'!$B$2:$B$1577,">="&$C$4,'PvA Data'!$B$2:$B$1577,"<="&$C$5,'PvA Data'!$C$2:$C$1577,"Nahunta",'PvA Data'!$E$2:$E$1577,$B11),IFERROR(AVERAGEIFS('PvA Data'!$G$2:$G$1577,'PvA Data'!$B$2:$B$1577,">="&$C$4,'PvA Data'!$B$2:$B$1577,"<="&$C$5,'PvA Data'!$C$2:$C$1577,"Nahunta",'PvA Data'!$E$2:$E$1577,$B11),0)) -> 22.44 | E11: =IFERROR(SUMIFS('PvA Data'!$F$2:$F$1577,'PvA Data'!$B$2:$B$1577,">="&$C$4,'PvA Data'!$B$2:$B$1577,"<="&$C$5,'PvA Data'!$C$2:$C$1577,"Nahunta",'PvA Data'!$E$2:$E$1577,$B11)/SUMIFS('PvA Data'!$F$2:$F$1577,'PvA Data'!$B$2:$B$1577,">="&$C$4,'PvA Data'!$B$2:$B$1577,"<="&$C$5,'PvA Data'!$E$2:$E$1577,$B11),"") -> 0.088707744 | F11: =IF($C$6="Total",SUMIFS('PvA Data'!$F$2:$F$1577,'PvA Data'!$B$2:$B$1577,">="&$C$4,'PvA Data'!$B$2:$B$1577,"<="&$C$5,'PvA Data'!$C$2:$C$1577,"Martin",'PvA Data'!$E$2:$E$1577,$B11),IFERROR(AVERAGEIFS('PvA Data'!$F$2:$F$1577,'PvA Data'!$B$2:$B$1577,">="&$C$4,'PvA Data'!$B$2:$B$1577,"<="&$C$5,'PvA Data'!$C$2:$C$1577,"Martin",'PvA Data'!$E$2:$E$1577,$B11),0)) -> 207.84 | G11: =IF($C$6="Total",SUMIFS('PvA Data'!$G$2:$G$1577,'PvA Data'!$B$2:$B$1577,">="&$C$4,'PvA Data'!$B$2:$B$1577,"<="&$C$5,'PvA Data'!$C$2:$C$1577,"Martin",'PvA Data'!$E$2:$E$1577,$B11),IFERROR(AVERAGEIFS('PvA Data'!$G$2:$G$1577,'PvA Data'!$B$2:$B$1577,">="&$C$4,'PvA Data'!$B$2:$B$1577,"<="&$C$5,'PvA Data'!$C$2:$C$1577,"Martin",'PvA Data'!$E$2:$E$1577,$B11),0)) -> 206.96 | H11: =IFERROR(SUMIFS('PvA Data'!$F$2:$F$1577,'PvA Data'!$B$2:$B$1577,">="&$C$4,'PvA Data'!$B$2:$B$1577,"<="&$C$5,'PvA Data'!$C$2:$C$1577,"Martin",'PvA Data'!$E$2:$E$1577,$B11)/SUMIFS('PvA Data'!$F$2:$F$1577,'PvA Data'!$B$2:$B$1577,">="&$C$4,'PvA Data'!$B$2:$B$1577,"<="&$C$5,'PvA Data'!$E$2:$E$1577,$B11),"") -> 0.83049628 | I11: =IF($C$6="Total",SUMIFS('PvA Data'!$F$2:$F$1577,'PvA Data'!$B$2:$B$1577,">="&$C$4,'PvA Data'!$B$2:$B$1577,"<="&$C$5,'PvA Data'!$C$2:$C$1577,"Custom",'PvA Data'!$E$2:$E$1577,$B11),IFERROR(AVERAGEIFS('PvA Data'!$F$2:$F$1577,'PvA Data'!$B$2:$B$1577,">="&$C$4,'PvA Data'!$B$2:$B$1577,"<="&$C$5,'PvA Data'!$C$2:$C$1577,"Custom",'PvA Data'!$E$2:$E$1577,$B11),0)) -> 20.22 | J11: =IF($C$6="Total",SUMIFS('PvA Data'!$G$2:$G$1577,'PvA Data'!$B$2:$B$1577,">="&$C$4,'PvA Data'!$B$2:$B$1577,"<="&$C$5,'PvA Data'!$C$2:$C$1577,"Custom",'PvA Data'!$E$2:$E$1577,$B11),IFERROR(AVERAGEIFS('PvA Data'!$G$2:$G$1577,'PvA Data'!$B$2:$B$1577,">="&$C$4,'PvA Data'!$B$2:$B$1577,"<="&$C$5,'PvA Data'!$C$2:$C$1577,"Custom",'PvA Data'!$E$2:$E$1577,$B11),0)) -> 18.96 | K11: =IFERROR(SUMIFS('PvA Data'!$F$2:$F$1577,'PvA Data'!$B$2:$B$1577,">="&$C$4,'PvA Data'!$B$2:$B$1577,"<="&$C$5,'PvA Data'!$C$2:$C$1577,"Custom",'PvA Data'!$E$2:$E$1577,$B11)/SUMIFS('PvA Data'!$F$2:$F$1577,'PvA Data'!$B$2:$B$1577,">="&$C$4,'PvA Data'!$B$2:$B$1577,"<="&$C$5,'PvA Data'!$E$2:$E$1577,$B11),"") -> 0.080795972 | L11: =C11+F11+I11 -> 250.26 | M11: =D11+G11+J11 -> 248.36 | N11: =IFERROR(M11/L11,"") -> 0.9924079 | P11: 46083 | Q11: 03_02_26
A12: 666502 | B12: Bariatric | C12: =IF($C$6="Total",SUMIFS('PvA Data'!$F$2:$F$1577,'PvA Data'!$B$2:$B$1577,">="&$C$4,'PvA Data'!$B$2:$B$1577,"<="&$C$5,'PvA Data'!$C$2:$C$1577,"Nahunta",'PvA Data'!$E$2:$E$1577,$B12),IFERROR(AVERAGEIFS('PvA Data'!$F$2:$F$1577,'PvA Data'!$B$2:$B$1577,">="&$C$4,'PvA Data'!$B$2:$B$1577,"<="&$C$5,'PvA Data'!$C$2:$C$1577,"Nahunta",'PvA Data'!$E$2:$E$1577,$B12),0)) -> 0 | D12: =IF($C$6="Total",SUMIFS('PvA Data'!$G$2:$G$1577,'PvA Data'!$B$2:$B$1577,">="&$C$4,'PvA Data'!$B$2:$B$1577,"<="&$C$5,'PvA Data'!$C$2:$C$1577,"Nahunta",'PvA Data'!$E$2:$E$1577,$B12),IFERROR(AVERAGEIFS('PvA Data'!$G$2:$G$1577,'PvA Data'!$B$2:$B$1577,">="&$C$4,'PvA Data'!$B$2:$B$1577,"<="&$C$5,'PvA Data'!$C$2:$C$1577,"Nahunta",'PvA Data'!$E$2:$E$1577,$B12),0)) -> 0 | E12: =IFERROR(SUMIFS('PvA Data'!$F$2:$F$1577,'PvA Data'!$B$2:$B$1577,">="&$C$4,'PvA Data'!$B$2:$B$1577,"<="&$C$5,'PvA Data'!$C$2:$C$1577,"Nahunta",'PvA Data'!$E$2:$E$1577,$B12)/SUMIFS('PvA Data'!$F$2:$F$1577,'PvA Data'!$B$2:$B$1577,">="&$C$4,'PvA Data'!$B$2:$B$1577,"<="&$C$5,'PvA Data'!$E$2:$E$1577,$B12),"") -> 0 | F12: =IF($C$6="Total",SUMIFS('PvA Data'!$F$2:$F$1577,'PvA Data'!$B$2:$B$1577,">="&$C$4,'PvA Data'!$B$2:$B$1577,"<="&$C$5,'PvA Data'!$C$2:$C$1577,"Martin",'PvA Data'!$E$2:$E$1577,$B12),IFERROR(AVERAGEIFS('PvA Data'!$F$2:$F$1577,'PvA Data'!$B$2:$B$1577,">="&$C$4,'PvA Data'!$B$2:$B$1577,"<="&$C$5,'PvA Data'!$C$2:$C$1577,"Martin",'PvA Data'!$E$2:$E$1577,$B12),0)) -> 138.04 | G12: =IF($C$6="Total",SUMIFS('PvA Data'!$G$2:$G$1577,'PvA Data'!$B$2:$B$1577,">="&$C$4,'PvA Data'!$B$2:$B$1577,"<="&$C$5,'PvA Data'!$C$2:$C$1577,"Martin",'PvA Data'!$E$2:$E$1577,$B12),IFERROR(AVERAGEIFS('PvA Data'!$G$2:$G$1577,'PvA Data'!$B$2:$B$1577,">="&$C$4,'PvA Data'!$B$2:$B$1577,"<="&$C$5,'PvA Data'!$C$2:$C$1577,"Martin",'PvA Data'!$E$2:$E$1577,$B12),0)) -> 126.92 | H12: =IFERROR(SUMIFS('PvA Data'!$F$2:$F$1577,'PvA Data'!$B$2:$B$1577,">="&$C$4,'PvA Data'!$B$2:$B$1577,"<="&$C$5,'PvA Data'!$C$2:$C$1577,"Martin",'PvA Data'!$E$2:$E$1577,$B12)/SUMIFS('PvA Data'!$F$2:$F$1577,'PvA Data'!$B$2:$B$1577,">="&$C$4,'PvA Data'!$B$2:$B$1577,"<="&$C$5,'PvA Data'!$E$2:$E$1577,$B12),"") -> 0.80032468 | I12: =IF($C$6="Total",SUMIFS('PvA Data'!$F$2:$F$1577,'PvA Data'!$B$2:$B$1577,">="&$C$4,'PvA Data'!$B$2:$B$1577,"<="&$C$5,'PvA Data'!$C$2:$C$1577,"Custom",'PvA Data'!$E$2:$E$1577,$B12),IFERROR(AVERAGEIFS('PvA Data'!$F$2:$F$1577,'PvA Data'!$B$2:$B$1577,">="&$C$4,'PvA Data'!$B$2:$B$1577,"<="&$C$5,'PvA Data'!$C$2:$C$1577,"Custom",'PvA Data'!$E$2:$E$1577,$B12),0)) -> 34.44 | J12: =IF($C$6="Total",SUMIFS('PvA Data'!$G$2:$G$1577,'PvA Data'!$B$2:$B$1577,">="&$C$4,'PvA Data'!$B$2:$B$1577,"<="&$C$5,'PvA Data'!$C$2:$C$1577,"Custom",'PvA Data'!$E$2:$E$1577,$B12),IFERROR(AVERAGEIFS('PvA Data'!$G$2:$G$1577,'PvA Data'!$B$2:$B$1577,">="&$C$4,'PvA Data'!$B$2:$B$1577,"<="&$C$5,'PvA Data'!$C$2:$C$1577,"Custom",'PvA Data'!$E$2:$E$1577,$B12),0)) -> 31.16 | K12: =IFERROR(SUMIFS('PvA Data'!$F$2:$F$1577,'PvA Data'!$B$2:$B$1577,">="&$C$4,'PvA Data'!$B$2:$B$1577,"<="&$C$5,'PvA Data'!$C$2:$C$1577,"Custom",'PvA Data'!$E$2:$E$1577,$B12)/SUMIFS('PvA Data'!$F$2:$F$1577,'PvA Data'!$B$2:$B$1577,">="&$C$4,'PvA Data'!$B$2:$B$1577,"<="&$C$5,'PvA Data'!$E$2:$E$1577,$B12),"") -> 0.19967532 | L12: =C12+F12+I12 -> 172.48 | M12: =D12+G12+J12 -> 158.08 | N12: =IFERROR(M12/L12,"") -> 0.91651206 | P12: 46090 | Q12: 03_09_26
A13: 666505 | B13: Liver | C13: =IF($C$6="Total",SUMIFS('PvA Data'!$F$2:$F$1577,'PvA Data'!$B$2:$B$1577,">="&$C$4,'PvA Data'!$B$2:$B$1577,"<="&$C$5,'PvA Data'!$C$2:$C$1577,"Nahunta",'PvA Data'!$E$2:$E$1577,$B13),IFERROR(AVERAGEIFS('PvA Data'!$F$2:$F$1577,'PvA Data'!$B$2:$B$1577,">="&$C$4,'PvA Data'!$B$2:$B$1577,"<="&$C$5,'PvA Data'!$C$2:$C$1577,"Nahunta",'PvA Data'!$E$2:$E$1577,$B13),0)) -> 9.06 | D13: =IF($C$6="Total",SUMIFS('PvA Data'!$G$2:$G$1577,'PvA Data'!$B$2:$B$1577,">="&$C$4,'PvA Data'!$B$2:$B$1577,"<="&$C$5,'PvA Data'!$C$2:$C$1577,"Nahunta",'PvA Data'!$E$2:$E$1577,$B13),IFERROR(AVERAGEIFS('PvA Data'!$G$2:$G$1577,'PvA Data'!$B$2:$B$1577,">="&$C$4,'PvA Data'!$B$2:$B$1577,"<="&$C$5,'PvA Data'!$C$2:$C$1577,"Nahunta",'PvA Data'!$E$2:$E$1577,$B13),0)) -> 9.32 | E13: =IFERROR(SUMIFS('PvA Data'!$F$2:$F$1577,'PvA Data'!$B$2:$B$1577,">="&$C$4,'PvA Data'!$B$2:$B$1577,"<="&$C$5,'PvA Data'!$C$2:$C$1577,"Nahunta",'PvA Data'!$E$2:$E$1577,$B13)/SUMIFS('PvA Data'!$F$2:$F$1577,'PvA Data'!$B$2:$B$1577,">="&$C$4,'PvA Data'!$B$2:$B$1577,"<="&$C$5,'PvA Data'!$E$2:$E$1577,$B13),"") -> 0.31901408 | F13: =IF($C$6="Total",SUMIFS('PvA Data'!$F$2:$F$1577,'PvA Data'!$B$2:$B$1577,">="&$C$4,'PvA Data'!$B$2:$B$1577,"<="&$C$5,'PvA Data'!$C$2:$C$1577,"Martin",'PvA Data'!$E$2:$E$1577,$B13),IFERROR(AVERAGEIFS('PvA Data'!$F$2:$F$1577,'PvA Data'!$B$2:$B$1577,">="&$C$4,'PvA Data'!$B$2:$B$1577,"<="&$C$5,'PvA Data'!$C$2:$C$1577,"Martin",'PvA Data'!$E$2:$E$1577,$B13),0)) -> 0 | G13: =IF($C$6="Total",SUMIFS('PvA Data'!$G$2:$G$1577,'PvA Data'!$B$2:$B$1577,">="&$C$4,'PvA Data'!$B$2:$B$1577,"<="&$C$5,'PvA Data'!$C$2:$C$1577,"Martin",'PvA Data'!$E$2:$E$1577,$B13),IFERROR(AVERAGEIFS('PvA Data'!$G$2:$G$1577,'PvA Data'!$B$2:$B$1577,">="&$C$4,'PvA Data'!$B$2:$B$1577,"<="&$C$5,'PvA Data'!$C$2:$C$1577,"Martin",'PvA Data'!$E$2:$E$1577,$B13),0)) -> 0 | H13: =IFERROR(SUMIFS('PvA Data'!$F$2:$F$1577,'PvA Data'!$B$2:$B$1577,">="&$C$4,'PvA Data'!$B$2:$B$1577,"<="&$C$5,'PvA Data'!$C$2:$C$1577,"Martin",'PvA Data'!$E$2:$E$1577,$B13)/SUMIFS('PvA Data'!$F$2:$F$1577,'PvA Data'!$B$2:$B$1577,">="&$C$4,'PvA Data'!$B$2:$B$1577,"<="&$C$5,'PvA Data'!$E$2:$E$1577,$B13),"") -> 0 | I13: =IF($C$6="Total",SUMIFS('PvA Data'!$F$2:$F$1577,'PvA Data'!$B$2:$B$1577,">="&$C$4,'PvA Data'!$B$2:$B$1577,"<="&$C$5,'PvA Data'!$C$2:$C$1577,"Custom",'PvA Data'!$E$2:$E$1577,$B13),IFERROR(AVERAGEIFS('PvA Data'!$F$2:$F$1577,'PvA Data'!$B$2:$B$1577,">="&$C$4,'PvA Data'!$B$2:$B$1577,"<="&$C$5,'PvA Data'!$C$2:$C$1577,"Custom",'PvA Data'!$E$2:$E$1577,$B13),0)) -> 19.34 | J13: =IF($C$6="Total",SUMIFS('PvA Data'!$G$2:$G$1577,'PvA Data'!$B$2:$B$1577,">="&$C$4,'PvA Data'!$B$2:$B$1577,"<="&$C$5,'PvA Data'!$C$2:$C$1577,"Custom",'PvA Data'!$E$2:$E$1577,$B13),IFERROR(AVERAGEIFS('PvA Data'!$G$2:$G$1577,'PvA Data'!$B$2:$B$1577,">="&$C$4,'PvA Data'!$B$2:$B$1577,"<="&$C$5,'PvA Data'!$C$2:$C$1577,"Custom",'PvA Data'!$E$2:$E$1577,$B13),0)) -> 18.2 | K13: =IFERROR(SUMIFS('PvA Data'!$F$2:$F$1577,'PvA Data'!$B$2:$B$1577,">="&$C$4,'PvA Data'!$B$2:$B$1577,"<="&$C$5,'PvA Data'!$C$2:$C$1577,"Custom",'PvA Data'!$E$2:$E$1577,$B13)/SUMIFS('PvA Data'!$F$2:$F$1577,'PvA Data'!$B$2:$B$1577,">="&$C$4,'PvA Data'!$B$2:$B$1577,"<="&$C$5,'PvA Data'!$E$2:$E$1577,$B13),"") -> 0.68098592 | L13: =C13+F13+I13 -> 28.4 | M13: =D13+G13+J13 -> 27.52 | N13: =IFERROR(M13/L13,"") -> 0.96901408 | P13: 46097 | Q13: 03_16_26
A14: 666506 | B14: Pelvic Block Non-Intact | C14: =IF($C$6="Total",SUMIFS('PvA Data'!$F$2:$F$1577,'PvA Data'!$B$2:$B$1577,">="&$C$4,'PvA Data'!$B$2:$B$1577,"<="&$C$5,'PvA Data'!$C$2:$C$1577,"Nahunta",'PvA Data'!$E$2:$E$1577,$B14),IFERROR(AVERAGEIFS('PvA Data'!$F$2:$F$1577,'PvA Data'!$B$2:$B$1577,">="&$C$4,'PvA Data'!$B$2:$B$1577,"<="&$C$5,'PvA Data'!$C$2:$C$1577,"Nahunta",'PvA Data'!$E$2:$E$1577,$B14),0)) -> 0 | D14: =IF($C$6="Total",SUMIFS('PvA Data'!$G$2:$G$1577,'PvA Data'!$B$2:$B$1577,">="&$C$4,'PvA Data'!$B$2:$B$1577,"<="&$C$5,'PvA Data'!$C$2:$C$1577,"Nahunta",'PvA Data'!$E$2:$E$1577,$B14),IFERROR(AVERAGEIFS('PvA Data'!$G$2:$G$1577,'PvA Data'!$B$2:$B$1577,">="&$C$4,'PvA Data'!$B$2:$B$1577,"<="&$C$5,'PvA Data'!$C$2:$C$1577,"Nahunta",'PvA Data'!$E$2:$E$1577,$B14),0)) -> 0 | E14: =IFERROR(SUMIFS('PvA Data'!$F$2:$F$1577,'PvA Data'!$B$2:$B$1577,">="&$C$4,'PvA Data'!$B$2:$B$1577,"<="&$C$5,'PvA Data'!$C$2:$C$1577,"Nahunta",'PvA Data'!$E$2:$E$1577,$B14)/SUMIFS('PvA Data'!$F$2:$F$1577,'PvA Data'!$B$2:$B$1577,">="&$C$4,'PvA Data'!$B$2:$B$1577,"<="&$C$5,'PvA Data'!$E$2:$E$1577,$B14),"") -> 0 | F14: =IF($C$6="Total",SUMIFS('PvA Data'!$F$2:$F$1577,'PvA Data'!$B$2:$B$1577,">="&$C$4,'PvA Data'!$B$2:$B$1577,"<="&$C$5,'PvA Data'!$C$2:$C$1577,"Martin",'PvA Data'!$E$2:$E$1577,$B14),IFERROR(AVERAGEIFS('PvA Data'!$F$2:$F$1577,'PvA Data'!$B$2:$B$1577,">="&$C$4,'PvA Data'!$B$2:$B$1577,"<="&$C$5,'PvA Data'!$C$2:$C$1577,"Martin",'PvA Data'!$E$2:$E$1577,$B14),0)) -> 122.92 | G14: =IF($C$6="Total",SUMIFS('PvA Data'!$G$2:$G$1577,'PvA Data'!$B$2:$B$1577,">="&$C$4,'PvA Data'!$B$2:$B$1577,"<="&$C$5,'PvA Data'!$C$2:$C$1577,"Martin",'PvA Data'!$E$2:$E$1577,$B14),IFERROR(AVERAGEIFS('PvA Data'!$G$2:$G$1577,'PvA Data'!$B$2:$B$1577,">="&$C$4,'PvA Data'!$B$2:$B$1577,"<="&$C$5,'PvA Data'!$C$2:$C$1577,"Martin",'PvA Data'!$E$2:$E$1577,$B14),0)) -> 74.6 | H14: =IFERROR(SUMIFS('PvA Data'!$F$2:$F$1577,'PvA Data'!$B$2:$B$1577,">="&$C$4,'PvA Data'!$B$2:$B$1577,"<="&$C$5,'PvA Data'!$C$2:$C$1577,"Martin",'PvA Data'!$E$2:$E$1577,$B14)/SUMIFS('PvA Data'!$F$2:$F$1577,'PvA Data'!$B$2:$B$1577,">="&$C$4,'PvA Data'!$B$2:$B$1577,"<="&$C$5,'PvA Data'!$E$2:$E$1577,$B14),"") -> 1 | I14: =IF($C$6="Total",SUMIFS('PvA Data'!$F$2:$F$1577,'PvA Data'!$B$2:$B$1577,">="&$C$4,'PvA Data'!$B$2:$B$1577,"<="&$C$5,'PvA Data'!$C$2:$C$1577,"Custom",'PvA Data'!$E$2:$E$1577,$B14),IFERROR(AVERAGEIFS('PvA Data'!$F$2:$F$1577,'PvA Data'!$B$2:$B$1577,">="&$C$4,'PvA Data'!$B$2:$B$1577,"<="&$C$5,'PvA Data'!$C$2:$C$1577,"Custom",'PvA Data'!$E$2:$E$1577,$B14),0)) -> 0 | J14: =IF($C$6="Total",SUMIFS('PvA Data'!$G$2:$G$1577,'PvA Data'!$B$2:$B$1577,">="&$C$4,'PvA Data'!$B$2:$B$1577,"<="&$C$5,'PvA Data'!$C$2:$C$1577,"Custom",'PvA Data'!$E$2:$E$1577,$B14),IFERROR(AVERAGEIFS('PvA Data'!$G$2:$G$1577,'PvA Data'!$B$2:$B$1577,">="&$C$4,'PvA Data'!$B$2:$B$1577,"<="&$C$5,'PvA Data'!$C$2:$C$1577,"Custom",'PvA Data'!$E$2:$E$1577,$B14),0)) -> 0 | K14: =IFERROR(SUMIFS('PvA Data'!$F$2:$F$1577,'PvA Data'!$B$2:$B$1577,">="&$C$4,'PvA Data'!$B$2:$B$1577,"<="&$C$5,'PvA Data'!$C$2:$C$1577,"Custom",'PvA Data'!$E$2:$E$1577,$B14)/SUMIFS('PvA Data'!$F$2:$F$1577,'PvA Data'!$B$2:$B$1577,">="&$C$4,'PvA Data'!$B$2:$B$1577,"<="&$C$5,'PvA Data'!$E$2:$E$1577,$B14),"") -> 0 | L14: =C14+F14+I14 -> 122.92 | M14: =D14+G14+J14 -> 74.6 | N14: =IFERROR(M14/L14,"") -> 0.6068988 | P14: 46104 | Q14: 03_23_26
A15: 666507 | B15: Full Body | C15: =IF($C$6="Total",SUMIFS('PvA Data'!$F$2:$F$1577,'PvA Data'!$B$2:$B$1577,">="&$C$4,'PvA Data'!$B$2:$B$1577,"<="&$C$5,'PvA Data'!$C$2:$C$1577,"Nahunta",'PvA Data'!$E$2:$E$1577,$B15),IFERROR(AVERAGEIFS('PvA Data'!$F$2:$F$1577,'PvA Data'!$B$2:$B$1577,">="&$C$4,'PvA Data'!$B$2:$B$1577,"<="&$C$5,'PvA Data'!$C$2:$C$1577,"Nahunta",'PvA Data'!$E$2:$E$1577,$B15),0)) -> 16.16 | D15: =IF($C$6="Total",SUMIFS('PvA Data'!$G$2:$G$1577,'PvA Data'!$B$2:$B$1577,">="&$C$4,'PvA Data'!$B$2:$B$1577,"<="&$C$5,'PvA Data'!$C$2:$C$1577,"Nahunta",'PvA Data'!$E$2:$E$1577,$B15),IFERROR(AVERAGEIFS('PvA Data'!$G$2:$G$1577,'PvA Data'!$B$2:$B$1577,">="&$C$4,'PvA Data'!$B$2:$B$1577,"<="&$C$5,'PvA Data'!$C$2:$C$1577,"Nahunta",'PvA Data'!$E$2:$E$1577,$B15),0)) -> 15.68 | E15: =IFERROR(SUMIFS('PvA Data'!$F$2:$F$1577,'PvA Data'!$B$2:$B$1577,">="&$C$4,'PvA Data'!$B$2:$B$1577,"<="&$C$5,'PvA Data'!$C$2:$C$1577,"Nahunta",'PvA Data'!$E$2:$E$1577,$B15)/SUMIFS('PvA Data'!$F$2:$F$1577,'PvA Data'!$B$2:$B$1577,">="&$C$4,'PvA Data'!$B$2:$B$1577,"<="&$C$5,'PvA Data'!$E$2:$E$1577,$B15),"") -> 1 | F15: =IF($C$6="Total",SUMIFS('PvA Data'!$F$2:$F$1577,'PvA Data'!$B$2:$B$1577,">="&$C$4,'PvA Data'!$B$2:$B$1577,"<="&$C$5,'PvA Data'!$C$2:$C$1577,"Martin",'PvA Data'!$E$2:$E$1577,$B15),IFERROR(AVERAGEIFS('PvA Data'!$F$2:$F$1577,'PvA Data'!$B$2:$B$1577,">="&$C$4,'PvA Data'!$B$2:$B$1577,"<="&$C$5,'PvA Data'!$C$2:$C$1577,"Martin",'PvA Data'!$E$2:$E$1577,$B15),0)) -> 0 | G15: =IF($C$6="Total",SUMIFS('PvA Data'!$G$2:$G$1577,'PvA Data'!$B$2:$B$1577,">="&$C$4,'PvA Data'!$B$2:$B$1577,"<="&$C$5,'PvA Data'!$C$2:$C$1577,"Martin",'PvA Data'!$E$2:$E$1577,$B15),IFERROR(AVERAGEIFS('PvA Data'!$G$2:$G$1577,'PvA Data'!$B$2:$B$1577,">="&$C$4,'PvA Data'!$B$2:$B$1577,"<="&$C$5,'PvA Data'!$C$2:$C$1577,"Martin",'PvA Data'!$E$2:$E$1577,$B15),0)) -> 0 | H15: =IFERROR(SUMIFS('PvA Data'!$F$2:$F$1577,'PvA Data'!$B$2:$B$1577,">="&$C$4,'PvA Data'!$B$2:$B$1577,"<="&$C$5,'PvA Data'!$C$2:$C$1577,"Martin",'PvA Data'!$E$2:$E$1577,$B15)/SUMIFS('PvA Data'!$F$2:$F$1577,'PvA Data'!$B$2:$B$1577,">="&$C$4,'PvA Data'!$B$2:$B$1577,"<="&$C$5,'PvA Data'!$E$2:$E$1577,$B15),"") -> 0 | I15: =IF($C$6="Total",SUMIFS('PvA Data'!$F$2:$F$1577,'PvA Data'!$B$2:$B$1577,">="&$C$4,'PvA Data'!$B$2:$B$1577,"<="&$C$5,'PvA Data'!$C$2:$C$1577,"Custom",'PvA Data'!$E$2:$E$1577,$B15),IFERROR(AVERAGEIFS('PvA Data'!$F$2:$F$1577,'PvA Data'!$B$2:$B$1577,">="&$C$4,'PvA Data'!$B$2:$B$1577,"<="&$C$5,'PvA Data'!$C$2:$C$1577,"Custom",'PvA Data'!$E$2:$E$1577,$B15),0)) -> 0 | J15: =IF($C$6="Total",SUMIFS('PvA Data'!$G$2:$G$1577,'PvA Data'!$B$2:$B$1577,">="&$C$4,'PvA Data'!$B$2:$B$1577,"<="&$C$5,'PvA Data'!$C$2:$C$1577,"Custom",'PvA Data'!$E$2:$E$1577,$B15),IFERROR(AVERAGEIFS('PvA Data'!$G$2:$G$1577,'PvA Data'!$B$2:$B$1577,">="&$C$4,'PvA Data'!$B$2:$B$1577,"<="&$C$5,'PvA Data'!$C$2:$C$1577,"Custom",'PvA Data'!$E$2:$E$1577,$B15),0)) -> 0 | K15: =IFERROR(SUMIFS('PvA Data'!$F$2:$F$1577,'PvA Data'!$B$2:$B$1577,">="&$C$4,'PvA Data'!$B$2:$B$1577,"<="&$C$5,'PvA Data'!$C$2:$C$1577,"Custom",'PvA Data'!$E$2:$E$1577,$B15)/SUMIFS('PvA Data'!$F$2:$F$1577,'PvA Data'!$B$2:$B$1577,">="&$C$4,'PvA Data'!$B$2:$B$1577,"<="&$C$5,'PvA Data'!$E$2:$E$1577,$B15),"") -> 0 | L15: =C15+F15+I15 -> 16.16 | M15: =D15+G15+J15 -> 15.68 | N15: =IFERROR(M15/L15,"") -> 0.97029703 | P15: 46111 | Q15: 03_30_26
A16: 666509 | B16: Jejunum 6' | C16: =IF($C$6="Total",SUMIFS('PvA Data'!$F$2:$F$1577,'PvA Data'!$B$2:$B$1577,">="&$C$4,'PvA Data'!$B$2:$B$1577,"<="&$C$5,'PvA Data'!$C$2:$C$1577,"Nahunta",'PvA Data'!$E$2:$E$1577,$B16),IFERROR(AVERAGEIFS('PvA Data'!$F$2:$F$1577,'PvA Data'!$B$2:$B$1577,">="&$C$4,'PvA Data'!$B$2:$B$1577,"<="&$C$5,'PvA Data'!$C$2:$C$1577,"Nahunta",'PvA Data'!$E$2:$E$1577,$B16),0)) -> 39 | D16: =IF($C$6="Total",SUMIFS('PvA Data'!$G$2:$G$1577,'PvA Data'!$B$2:$B$1577,">="&$C$4,'PvA Data'!$B$2:$B$1577,"<="&$C$5,'PvA Data'!$C$2:$C$1577,"Nahunta",'PvA Data'!$E$2:$E$1577,$B16),IFERROR(AVERAGEIFS('PvA Data'!$G$2:$G$1577,'PvA Data'!$B$2:$B$1577,">="&$C$4,'PvA Data'!$B$2:$B$1577,"<="&$C$5,'PvA Data'!$C$2:$C$1577,"Nahunta",'PvA Data'!$E$2:$E$1577,$B16),0)) -> 36.04 | E16: =IFERROR(SUMIFS('PvA Data'!$F$2:$F$1577,'PvA Data'!$B$2:$B$1577,">="&$C$4,'PvA Data'!$B$2:$B$1577,"<="&$C$5,'PvA Data'!$C$2:$C$1577,"Nahunta",'PvA Data'!$E$2:$E$1577,$B16)/SUMIFS('PvA Data'!$F$2:$F$1577,'PvA Data'!$B$2:$B$1577,">="&$C$4,'PvA Data'!$B$2:$B$1577,"<="&$C$5,'PvA Data'!$E$2:$E$1577,$B16),"") -> 1 | F16: =IF($C$6="Total",SUMIFS('PvA Data'!$F$2:$F$1577,'PvA Data'!$B$2:$B$1577,">="&$C$4,'PvA Data'!$B$2:$B$1577,"<="&$C$5,'PvA Data'!$C$2:$C$1577,"Martin",'PvA Data'!$E$2:$E$1577,$B16),IFERROR(AVERAGEIFS('PvA Data'!$F$2:$F$1577,'PvA Data'!$B$2:$B$1577,">="&$C$4,'PvA Data'!$B$2:$B$1577,"<="&$C$5,'PvA Data'!$C$2:$C$1577,"Martin",'PvA Data'!$E$2:$E$1577,$B16),0)) -> 0 | G16: =IF($C$6="Total",SUMIFS('PvA Data'!$G$2:$G$1577,'PvA Data'!$B$2:$B$1577,">="&$C$4,'PvA Data'!$B$2:$B$1577,"<="&$C$5,'PvA Data'!$C$2:$C$1577,"Martin",'PvA Data'!$E$2:$E$1577,$B16),IFERROR(AVERAGEIFS('PvA Data'!$G$2:$G$1577,'PvA Data'!$B$2:$B$1577,">="&$C$4,'PvA Data'!$B$2:$B$1577,"<="&$C$5,'PvA Data'!$C$2:$C$1577,"Martin",'PvA Data'!$E$2:$E$1577,$B16),0)) -> 0 | H16: =IFERROR(SUMIFS('PvA Data'!$F$2:$F$1577,'PvA Data'!$B$2:$B$1577,">="&$C$4,'PvA Data'!$B$2:$B$1577,"<="&$C$5,'PvA Data'!$C$2:$C$1577,"Martin",'PvA Data'!$E$2:$E$1577,$B16)/SUMIFS('PvA Data'!$F$2:$F$1577,'PvA Data'!$B$2:$B$1577,">="&$C$4,'PvA Data'!$B$2:$B$1577,"<="&$C$5,'PvA Data'!$E$2:$E$1577,$B16),"") -> 0 | I16: =IF($C$6="Total",SUMIFS('PvA Data'!$F$2:$F$1577,'PvA Data'!$B$2:$B$1577,">="&$C$4,'PvA Data'!$B$2:$B$1577,"<="&$C$5,'PvA Data'!$C$2:$C$1577,"Custom",'PvA Data'!$E$2:$E$1577,$B16),IFERROR(AVERAGEIFS('PvA Data'!$F$2:$F$1577,'PvA Data'!$B$2:$B$1577,">="&$C$4,'PvA Data'!$B$2:$B$1577,"<="&$C$5,'PvA Data'!$C$2:$C$1577,"Custom",'PvA Data'!$E$2:$E$1577,$B16),0)) -> 0 | J16: =IF($C$6="Total",SUMIFS('PvA Data'!$G$2:$G$1577,'PvA Data'!$B$2:$B$1577,">="&$C$4,'PvA Data'!$B$2:$B$1577,"<="&$C$5,'PvA Data'!$C$2:$C$1577,"Custom",'PvA Data'!$E$2:$E$1577,$B16),IFERROR(AVERAGEIFS('PvA Data'!$G$2:$G$1577,'PvA Data'!$B$2:$B$1577,">="&$C$4,'PvA Data'!$B$2:$B$1577,"<="&$C$5,'PvA Data'!$C$2:$C$1577,"Custom",'PvA Data'!$E$2:$E$1577,$B16),0)) -> 0 | K16: =IFERROR(SUMIFS('PvA Data'!$F$2:$F$1577,'PvA Data'!$B$2:$B$1577,">="&$C$4,'PvA Data'!$B$2:$B$1577,"<="&$C$5,'PvA Data'!$C$2:$C$1577,"Custom",'PvA Data'!$E$2:$E$1577,$B16)/SUMIFS('PvA Data'!$F$2:$F$1577,'PvA Data'!$B$2:$B$1577,">="&$C$4,'PvA Data'!$B$2:$B$1577,"<="&$C$5,'PvA Data'!$E$2:$E$1577,$B16),"") -> 0 | L16: =C16+F16+I16 -> 39 | M16: =D16+G16+J16 -> 36.04 | N16: =IFERROR(M16/L16,"") -> 0.92410256 | P16: 46118 | Q16: 04_06_26
A17: 666510 | B17: Jejunum 2' | C17: =IF($C$6="Total",SUMIFS('PvA Data'!$F$2:$F$1577,'PvA Data'!$B$2:$B$1577,">="&$C$4,'PvA Data'!$B$2:$B$1577,"<="&$C$5,'PvA Data'!$C$2:$C$1577,"Nahunta",'PvA Data'!$E$2:$E$1577,$B17),IFERROR(AVERAGEIFS('PvA Data'!$F$2:$F$1577,'PvA Data'!$B$2:$B$1577,">="&$C$4,'PvA Data'!$B$2:$B$1577,"<="&$C$5,'PvA Data'!$C$2:$C$1577,"Nahunta",'PvA Data'!$E$2:$E$1577,$B17),0)) -> 0 | D17: =IF($C$6="Total",SUMIFS('PvA Data'!$G$2:$G$1577,'PvA Data'!$B$2:$B$1577,">="&$C$4,'PvA Data'!$B$2:$B$1577,"<="&$C$5,'PvA Data'!$C$2:$C$1577,"Nahunta",'PvA Data'!$E$2:$E$1577,$B17),IFERROR(AVERAGEIFS('PvA Data'!$G$2:$G$1577,'PvA Data'!$B$2:$B$1577,">="&$C$4,'PvA Data'!$B$2:$B$1577,"<="&$C$5,'PvA Data'!$C$2:$C$1577,"Nahunta",'PvA Data'!$E$2:$E$1577,$B17),0)) -> 0 | E17: =IFERROR(SUMIFS('PvA Data'!$F$2:$F$1577,'PvA Data'!$B$2:$B$1577,">="&$C$4,'PvA Data'!$B$2:$B$1577,"<="&$C$5,'PvA Data'!$C$2:$C$1577,"Nahunta",'PvA Data'!$E$2:$E$1577,$B17)/SUMIFS('PvA Data'!$F$2:$F$1577,'PvA Data'!$B$2:$B$1577,">="&$C$4,'PvA Data'!$B$2:$B$1577,"<="&$C$5,'PvA Data'!$E$2:$E$1577,$B17),"") | F17: =IF($C$6="Total",SUMIFS('PvA Data'!$F$2:$F$1577,'PvA Data'!$B$2:$B$1577,">="&$C$4,'PvA Data'!$B$2:$B$1577,"<="&$C$5,'PvA Data'!$C$2:$C$1577,"Martin",'PvA Data'!$E$2:$E$1577,$B17),IFERROR(AVERAGEIFS('PvA Data'!$F$2:$F$1577,'PvA Data'!$B$2:$B$1577,">="&$C$4,'PvA Data'!$B$2:$B$1577,"<="&$C$5,'PvA Data'!$C$2:$C$1577,"Martin",'PvA Data'!$E$2:$E$1577,$B17),0)) -> 0 | G17: =IF($C$6="Total",SUMIFS('PvA Data'!$G$2:$G$1577,'PvA Data'!$B$2:$B$1577,">="&$C$4,'PvA Data'!$B$2:$B$1577,"<="&$C$5,'PvA Data'!$C$2:$C$1577,"Martin",'PvA Data'!$E$2:$E$1577,$B17),IFERROR(AVERAGEIFS('PvA Data'!$G$2:$G$1577,'PvA Data'!$B$2:$B$1577,">="&$C$4,'PvA Data'!$B$2:$B$1577,"<="&$C$5,'PvA Data'!$C$2:$C$1577,"Martin",'PvA Data'!$E$2:$E$1577,$B17),0)) -> 0 | H17: =IFERROR(SUMIFS('PvA Data'!$F$2:$F$1577,'PvA Data'!$B$2:$B$1577,">="&$C$4,'PvA Data'!$B$2:$B$1577,"<="&$C$5,'PvA Data'!$C$2:$C$1577,"Martin",'PvA Data'!$E$2:$E$1577,$B17)/SUMIFS('PvA Data'!$F$2:$F$1577,'PvA Data'!$B$2:$B$1577,">="&$C$4,'PvA Data'!$B$2:$B$1577,"<="&$C$5,'PvA Data'!$E$2:$E$1577,$B17),"") | I17: =IF($C$6="Total",SUMIFS('PvA Data'!$F$2:$F$1577,'PvA Data'!$B$2:$B$1577,">="&$C$4,'PvA Data'!$B$2:$B$1577,"<="&$C$5,'PvA Data'!$C$2:$C$1577,"Custom",'PvA Data'!$E$2:$E$1577,$B17),IFERROR(AVERAGEIFS('PvA Data'!$F$2:$F$1577,'PvA Data'!$B$2:$B$1577,">="&$C$4,'PvA Data'!$B$2:$B$1577,"<="&$C$5,'PvA Data'!$C$2:$C$1577,"Custom",'PvA Data'!$E$2:$E$1577,$B17),0)) -> 0 | J17: =IF($C$6="Total",SUMIFS('PvA Data'!$G$2:$G$1577,'PvA Data'!$B$2:$B$1577,">="&$C$4,'PvA Data'!$B$2:$B$1577,"<="&$C$5,'PvA Data'!$C$2:$C$1577,"Custom",'PvA Data'!$E$2:$E$1577,$B17),IFERROR(AVERAGEIFS('PvA Data'!$G$2:$G$1577,'PvA Data'!$B$2:$B$1577,">="&$C$4,'PvA Data'!$B$2:$B$1577,"<="&$C$5,'PvA Data'!$C$2:$C$1577,"Custom",'PvA Data'!$E$2:$E$1577,$B17),0)) -> 0 | K17: =IFERROR(SUMIFS('PvA Data'!$F$2:$F$1577,'PvA Data'!$B$2:$B$1577,">="&$C$4,'PvA Data'!$B$2:$B$1577,"<="&$C$5,'PvA Data'!$C$2:$C$1577,"Custom",'PvA Data'!$E$2:$E$1577,$B17)/SUMIFS('PvA Data'!$F$2:$F$1577,'PvA Data'!$B$2:$B$1577,">="&$C$4,'PvA Data'!$B$2:$B$1577,"<="&$C$5,'PvA Data'!$E$2:$E$1577,$B17),"") | L17: =C17+F17+I17 -> 0 | M17: =D17+G17+J17 -> 0 | N17: =IFERROR(M17/L17,"") | P17: 46125 | Q17: 04_13_26
A18: 666511 | B18: Kidney | C18: =IF($C$6="Total",SUMIFS('PvA Data'!$F$2:$F$1577,'PvA Data'!$B$2:$B$1577,">="&$C$4,'PvA Data'!$B$2:$B$1577,"<="&$C$5,'PvA Data'!$C$2:$C$1577,"Nahunta",'PvA Data'!$E$2:$E$1577,$B18),IFERROR(AVERAGEIFS('PvA Data'!$F$2:$F$1577,'PvA Data'!$B$2:$B$1577,">="&$C$4,'PvA Data'!$B$2:$B$1577,"<="&$C$5,'PvA Data'!$C$2:$C$1577,"Nahunta",'PvA Data'!$E$2:$E$1577,$B18),0)) -> 3.28 | D18: =IF($C$6="Total",SUMIFS('PvA Data'!$G$2:$G$1577,'PvA Data'!$B$2:$B$1577,">="&$C$4,'PvA Data'!$B$2:$B$1577,"<="&$C$5,'PvA Data'!$C$2:$C$1577,"Nahunta",'PvA Data'!$E$2:$E$1577,$B18),IFERROR(AVERAGEIFS('PvA Data'!$G$2:$G$1577,'PvA Data'!$B$2:$B$1577,">="&$C$4,'PvA Data'!$B$2:$B$1577,"<="&$C$5,'PvA Data'!$C$2:$C$1577,"Nahunta",'PvA Data'!$E$2:$E$1577,$B18),0)) -> 3.2 | E18: =IFERROR(SUMIFS('PvA Data'!$F$2:$F$1577,'PvA Data'!$B$2:$B$1577,">="&$C$4,'PvA Data'!$B$2:$B$1577,"<="&$C$5,'PvA Data'!$C$2:$C$1577,"Nahunta",'PvA Data'!$E$2:$E$1577,$B18)/SUMIFS('PvA Data'!$F$2:$F$1577,'PvA Data'!$B$2:$B$1577,">="&$C$4,'PvA Data'!$B$2:$B$1577,"<="&$C$5,'PvA Data'!$E$2:$E$1577,$B18),"") -> 1 | F18: =IF($C$6="Total",SUMIFS('PvA Data'!$F$2:$F$1577,'PvA Data'!$B$2:$B$1577,">="&$C$4,'PvA Data'!$B$2:$B$1577,"<="&$C$5,'PvA Data'!$C$2:$C$1577,"Martin",'PvA Data'!$E$2:$E$1577,$B18),IFERROR(AVERAGEIFS('PvA Data'!$F$2:$F$1577,'PvA Data'!$B$2:$B$1577,">="&$C$4,'PvA Data'!$B$2:$B$1577,"<="&$C$5,'PvA Data'!$C$2:$C$1577,"Martin",'PvA Data'!$E$2:$E$1577,$B18),0)) -> 0 | G18: =IF($C$6="Total",SUMIFS('PvA Data'!$G$2:$G$1577,'PvA Data'!$B$2:$B$1577,">="&$C$4,'PvA Data'!$B$2:$B$1577,"<="&$C$5,'PvA Data'!$C$2:$C$1577,"Martin",'PvA Data'!$E$2:$E$1577,$B18),IFERROR(AVERAGEIFS('PvA Data'!$G$2:$G$1577,'PvA Data'!$B$2:$B$1577,">="&$C$4,'PvA Data'!$B$2:$B$1577,"<="&$C$5,'PvA Data'!$C$2:$C$1577,"Martin",'PvA Data'!$E$2:$E$1577,$B18),0)) -> 0 | H18: =IFERROR(SUMIFS('PvA Data'!$F$2:$F$1577,'PvA Data'!$B$2:$B$1577,">="&$C$4,'PvA Data'!$B$2:$B$1577,"<="&$C$5,'PvA Data'!$C$2:$C$1577,"Martin",'PvA Data'!$E$2:$E$1577,$B18)/SUMIFS('PvA Data'!$F$2:$F$1577,'PvA Data'!$B$2:$B$1577,">="&$C$4,'PvA Data'!$B$2:$B$1577,"<="&$C$5,'PvA Data'!$E$2:$E$1577,$B18),"") -> 0 | I18: =IF($C$6="Total",SUMIFS('PvA Data'!$F$2:$F$1577,'PvA Data'!$B$2:$B$1577,">="&$C$4,'PvA Data'!$B$2:$B$1577,"<="&$C$5,'PvA Data'!$C$2:$C$1577,"Custom",'PvA Data'!$E$2:$E$1577,$B18),IFERROR(AVERAGEIFS('PvA Data'!$F$2:$F$1577,'PvA Data'!$B$2:$B$1577,">="&$C$4,'PvA Data'!$B$2:$B$1577,"<="&$C$5,'PvA Data'!$C$2:$C$1577,"Custom",'PvA Data'!$E$2:$E$1577,$B18),0)) -> 0 | J18: =IF($C$6="Total",SUMIFS('PvA Data'!$G$2:$G$1577,'PvA Data'!$B$2:$B$1577,">="&$C$4,'PvA Data'!$B$2:$B$1577,"<="&$C$5,'PvA Data'!$C$2:$C$1577,"Custom",'PvA Data'!$E$2:$E$1577,$B18),IFERROR(AVERAGEIFS('PvA Data'!$G$2:$G$1577,'PvA Data'!$B$2:$B$1577,">="&$C$4,'PvA Data'!$B$2:$B$1577,"<="&$C$5,'PvA Data'!$C$2:$C$1577,"Custom",'PvA Data'!$E$2:$E$1577,$B18),0)) -> 0 | K18: =IFERROR(SUMIFS('PvA Data'!$F$2:$F$1577,'PvA Data'!$B$2:$B$1577,">="&$C$4,'PvA Data'!$B$2:$B$1577,"<="&$C$5,'PvA Data'!$C$2:$C$1577,"Custom",'PvA Data'!$E$2:$E$1577,$B18)/SUMIFS('PvA Data'!$F$2:$F$1577,'PvA Data'!$B$2:$B$1577,">="&$C$4,'PvA Data'!$B$2:$B$1577,"<="&$C$5,'PvA Data'!$E$2:$E$1577,$B18),"") -> 0 | L18: =C18+F18+I18 -> 3.28 | M18: =D18+G18+J18 -> 3.2 | N18: =IFERROR(M18/L18,"") -> 0.97560976 | P18: 46132 | Q18: 04_20_26
A19: 666513 | B19: Liver w/GB | C19: =IF($C$6="Total",SUMIFS('PvA Data'!$F$2:$F$1577,'PvA Data'!$B$2:$B$1577,">="&$C$4,'PvA Data'!$B$2:$B$1577,"<="&$C$5,'PvA Data'!$C$2:$C$1577,"Nahunta",'PvA Data'!$E$2:$E$1577,$B19),IFERROR(AVERAGEIFS('PvA Data'!$F$2:$F$1577,'PvA Data'!$B$2:$B$1577,">="&$C$4,'PvA Data'!$B$2:$B$1577,"<="&$C$5,'PvA Data'!$C$2:$C$1577,"Nahunta",'PvA Data'!$E$2:$E$1577,$B19),0)) -> 2.76 | D19: =IF($C$6="Total",SUMIFS('PvA Data'!$G$2:$G$1577,'PvA Data'!$B$2:$B$1577,">="&$C$4,'PvA Data'!$B$2:$B$1577,"<="&$C$5,'PvA Data'!$C$2:$C$1577,"Nahunta",'PvA Data'!$E$2:$E$1577,$B19),IFERROR(AVERAGEIFS('PvA Data'!$G$2:$G$1577,'PvA Data'!$B$2:$B$1577,">="&$C$4,'PvA Data'!$B$2:$B$1577,"<="&$C$5,'PvA Data'!$C$2:$C$1577,"Nahunta",'PvA Data'!$E$2:$E$1577,$B19),0)) -> 3.04 | E19: =IFERROR(SUMIFS('PvA Data'!$F$2:$F$1577,'PvA Data'!$B$2:$B$1577,">="&$C$4,'PvA Data'!$B$2:$B$1577,"<="&$C$5,'PvA Data'!$C$2:$C$1577,"Nahunta",'PvA Data'!$E$2:$E$1577,$B19)/SUMIFS('PvA Data'!$F$2:$F$1577,'PvA Data'!$B$2:$B$1577,">="&$C$4,'PvA Data'!$B$2:$B$1577,"<="&$C$5,'PvA Data'!$E$2:$E$1577,$B19),"") -> 0.29487179 | F19: =IF($C$6="Total",SUMIFS('PvA Data'!$F$2:$F$1577,'PvA Data'!$B$2:$B$1577,">="&$C$4,'PvA Data'!$B$2:$B$1577,"<="&$C$5,'PvA Data'!$C$2:$C$1577,"Martin",'PvA Data'!$E$2:$E$1577,$B19),IFERROR(AVERAGEIFS('PvA Data'!$F$2:$F$1577,'PvA Data'!$B$2:$B$1577,">="&$C$4,'PvA Data'!$B$2:$B$1577,"<="&$C$5,'PvA Data'!$C$2:$C$1577,"Martin",'PvA Data'!$E$2:$E$1577,$B19),0)) -> 0 | G19: =IF($C$6="Total",SUMIFS('PvA Data'!$G$2:$G$1577,'PvA Data'!$B$2:$B$1577,">="&$C$4,'PvA Data'!$B$2:$B$1577,"<="&$C$5,'PvA Data'!$C$2:$C$1577,"Martin",'PvA Data'!$E$2:$E$1577,$B19),IFERROR(AVERAGEIFS('PvA Data'!$G$2:$G$1577,'PvA Data'!$B$2:$B$1577,">="&$C$4,'PvA Data'!$B$2:$B$1577,"<="&$C$5,'PvA Data'!$C$2:$C$1577,"Martin",'PvA Data'!$E$2:$E$1577,$B19),0)) -> 0 | H19: =IFERROR(SUMIFS('PvA Data'!$F$2:$F$1577,'PvA Data'!$B$2:$B$1577,">="&$C$4,'PvA Data'!$B$2:$B$1577,"<="&$C$5,'PvA Data'!$C$2:$C$1577,"Martin",'PvA Data'!$E$2:$E$1577,$B19)/SUMIFS('PvA Data'!$F$2:$F$1577,'PvA Data'!$B$2:$B$1577,">="&$C$4,'PvA Data'!$B$2:$B$1577,"<="&$C$5,'PvA Data'!$E$2:$E$1577,$B19),"") -> 0 | I19: =IF($C$6="Total",SUMIFS('PvA Data'!$F$2:$F$1577,'PvA Data'!$B$2:$B$1577,">="&$C$4,'PvA Data'!$B$2:$B$1577,"<="&$C$5,'PvA Data'!$C$2:$C$1577,"Custom",'PvA Data'!$E$2:$E$1577,$B19),IFERROR(AVERAGEIFS('PvA Data'!$F$2:$F$1577,'PvA Data'!$B$2:$B$1577,">="&$C$4,'PvA Data'!$B$2:$B$1577,"<="&$C$5,'PvA Data'!$C$2:$C$1577,"Custom",'PvA Data'!$E$2:$E$1577,$B19),0)) -> 6.6 | J19: =IF($C$6="Total",SUMIFS('PvA Data'!$G$2:$G$1577,'PvA Data'!$B$2:$B$1577,">="&$C$4,'PvA Data'!$B$2:$B$1577,"<="&$C$5,'PvA Data'!$C$2:$C$1577,"Custom",'PvA Data'!$E$2:$E$1577,$B19),IFERROR(AVERAGEIFS('PvA Data'!$G$2:$G$1577,'PvA Data'!$B$2:$B$1577,">="&$C$4,'PvA Data'!$B$2:$B$1577,"<="&$C$5,'PvA Data'!$C$2:$C$1577,"Custom",'PvA Data'!$E$2:$E$1577,$B19),0)) -> 5.44 | K19: =IFERROR(SUMIFS('PvA Data'!$F$2:$F$1577,'PvA Data'!$B$2:$B$1577,">="&$C$4,'PvA Data'!$B$2:$B$1577,"<="&$C$5,'PvA Data'!$C$2:$C$1577,"Custom",'PvA Data'!$E$2:$E$1577,$B19)/SUMIFS('PvA Data'!$F$2:$F$1577,'PvA Data'!$B$2:$B$1577,">="&$C$4,'PvA Data'!$B$2:$B$1577,"<="&$C$5,'PvA Data'!$E$2:$E$1577,$B19),"") -> 0.70512821 | L19: =C19+F19+I19 -> 9.36 | M19: =D19+G19+J19 -> 8.48 | N19: =IFERROR(M19/L19,"") -> 0.90598291 | P19: 46139 | Q19: 04_27_26
A20: 666516 | B20: Omentum | C20: =IF($C$6="Total",SUMIFS('PvA Data'!$F$2:$F$1577,'PvA Data'!$B$2:$B$1577,">="&$C$4,'PvA Data'!$B$2:$B$1577,"<="&$C$5,'PvA Data'!$C$2:$C$1577,"Nahunta",'PvA Data'!$E$2:$E$1577,$B20),IFERROR(AVERAGEIFS('PvA Data'!$F$2:$F$1577,'PvA Data'!$B$2:$B$1577,">="&$C$4,'PvA Data'!$B$2:$B$1577,"<="&$C$5,'PvA Data'!$C$2:$C$1577,"Nahunta",'PvA Data'!$E$2:$E$1577,$B20),0)) -> 12.28 | D20: =IF($C$6="Total",SUMIFS('PvA Data'!$G$2:$G$1577,'PvA Data'!$B$2:$B$1577,">="&$C$4,'PvA Data'!$B$2:$B$1577,"<="&$C$5,'PvA Data'!$C$2:$C$1577,"Nahunta",'PvA Data'!$E$2:$E$1577,$B20),IFERROR(AVERAGEIFS('PvA Data'!$G$2:$G$1577,'PvA Data'!$B$2:$B$1577,">="&$C$4,'PvA Data'!$B$2:$B$1577,"<="&$C$5,'PvA Data'!$C$2:$C$1577,"Nahunta",'PvA Data'!$E$2:$E$1577,$B20),0)) -> 12.6 | E20: =IFERROR(SUMIFS('PvA Data'!$F$2:$F$1577,'PvA Data'!$B$2:$B$1577,">="&$C$4,'PvA Data'!$B$2:$B$1577,"<="&$C$5,'PvA Data'!$C$2:$C$1577,"Nahunta",'PvA Data'!$E$2:$E$1577,$B20)/SUMIFS('PvA Data'!$F$2:$F$1577,'PvA Data'!$B$2:$B$1577,">="&$C$4,'PvA Data'!$B$2:$B$1577,"<="&$C$5,'PvA Data'!$E$2:$E$1577,$B20),"") -> 0.48422713 | F20: =IF($C$6="Total",SUMIFS('PvA Data'!$F$2:$F$1577,'PvA Data'!$B$2:$B$1577,">="&$C$4,'PvA Data'!$B$2:$B$1577,"<="&$C$5,'PvA Data'!$C$2:$C$1577,"Martin",'PvA Data'!$E$2:$E$1577,$B20),IFERROR(AVERAGEIFS('PvA Data'!$F$2:$F$1577,'PvA Data'!$B$2:$B$1577,">="&$C$4,'PvA Data'!$B$2:$B$1577,"<="&$C$5,'PvA Data'!$C$2:$C$1577,"Martin",'PvA Data'!$E$2:$E$1577,$B20),0)) -> 0 | G20: =IF($C$6="Total",SUMIFS('PvA Data'!$G$2:$G$1577,'PvA Data'!$B$2:$B$1577,">="&$C$4,'PvA Data'!$B$2:$B$1577,"<="&$C$5,'PvA Data'!$C$2:$C$1577,"Martin",'PvA Data'!$E$2:$E$1577,$B20),IFERROR(AVERAGEIFS('PvA Data'!$G$2:$G$1577,'PvA Data'!$B$2:$B$1577,">="&$C$4,'PvA Data'!$B$2:$B$1577,"<="&$C$5,'PvA Data'!$C$2:$C$1577,"Martin",'PvA Data'!$E$2:$E$1577,$B20),0)) -> 0 | H20: =IFERROR(SUMIFS('PvA Data'!$F$2:$F$1577,'PvA Data'!$B$2:$B$1577,">="&$C$4,'PvA Data'!$B$2:$B$1577,"<="&$C$5,'PvA Data'!$C$2:$C$1577,"Martin",'PvA Data'!$E$2:$E$1577,$B20)/SUMIFS('PvA Data'!$F$2:$F$1577,'PvA Data'!$B$2:$B$1577,">="&$C$4,'PvA Data'!$B$2:$B$1577,"<="&$C$5,'PvA Data'!$E$2:$E$1577,$B20),"") -> 0 | I20: =IF($C$6="Total",SUMIFS('PvA Data'!$F$2:$F$1577,'PvA Data'!$B$2:$B$1577,">="&$C$4,'PvA Data'!$B$2:$B$1577,"<="&$C$5,'PvA Data'!$C$2:$C$1577,"Custom",'PvA Data'!$E$2:$E$1577,$B20),IFERROR(AVERAGEIFS('PvA Data'!$F$2:$F$1577,'PvA Data'!$B$2:$B$1577,">="&$C$4,'PvA Data'!$B$2:$B$1577,"<="&$C$5,'PvA Data'!$C$2:$C$1577,"Custom",'PvA Data'!$E$2:$E$1577,$B20),0)) -> 13.08 | J20: =IF($C$6="Total",SUMIFS('PvA Data'!$G$2:$G$1577,'PvA Data'!$B$2:$B$1577,">="&$C$4,'PvA Data'!$B$2:$B$1577,"<="&$C$5,'PvA Data'!$C$2:$C$1577,"Custom",'PvA Data'!$E$2:$E$1577,$B20),IFERROR(AVERAGEIFS('PvA Data'!$G$2:$G$1577,'PvA Data'!$B$2:$B$1577,">="&$C$4,'PvA Data'!$B$2:$B$1577,"<="&$C$5,'PvA Data'!$C$2:$C$1577,"Custom",'PvA Data'!$E$2:$E$1577,$B20),0)) -> 11.48 | K20: =IFERROR(SUMIFS('PvA Data'!$F$2:$F$1577,'PvA Data'!$B$2:$B$1577,">="&$C$4,'PvA Data'!$B$2:$B$1577,"<="&$C$5,'PvA Data'!$C$2:$C$1577,"Custom",'PvA Data'!$E$2:$E$1577,$B20)/SUMIFS('PvA Data'!$F$2:$F$1577,'PvA Data'!$B$2:$B$1577,">="&$C$4,'PvA Data'!$B$2:$B$1577,"<="&$C$5,'PvA Data'!$E$2:$E$1577,$B20),"") -> 0.51577287 | L20: =C20+F20+I20 -> 25.36 | M20: =D20+G20+J20 -> 24.08 | N20: =IFERROR(M20/L20,"") -> 0.94952681 | P20: 46146 | Q20: 05_04_26
A21: 666517 | B21: Pancreas | C21: =IF($C$6="Total",SUMIFS('PvA Data'!$F$2:$F$1577,'PvA Data'!$B$2:$B$1577,">="&$C$4,'PvA Data'!$B$2:$B$1577,"<="&$C$5,'PvA Data'!$C$2:$C$1577,"Nahunta",'PvA Data'!$E$2:$E$1577,$B21),IFERROR(AVERAGEIFS('PvA Data'!$F$2:$F$1577,'PvA Data'!$B$2:$B$1577,">="&$C$4,'PvA Data'!$B$2:$B$1577,"<="&$C$5,'PvA Data'!$C$2:$C$1577,"Nahunta",'PvA Data'!$E$2:$E$1577,$B21),0)) -> 17.92 | D21: =IF($C$6="Total",SUMIFS('PvA Data'!$G$2:$G$1577,'PvA Data'!$B$2:$B$1577,">="&$C$4,'PvA Data'!$B$2:$B$1577,"<="&$C$5,'PvA Data'!$C$2:$C$1577,"Nahunta",'PvA Data'!$E$2:$E$1577,$B21),IFERROR(AVERAGEIFS('PvA Data'!$G$2:$G$1577,'PvA Data'!$B$2:$B$1577,">="&$C$4,'PvA Data'!$B$2:$B$1577,"<="&$C$5,'PvA Data'!$C$2:$C$1577,"Nahunta",'PvA Data'!$E$2:$E$1577,$B21),0)) -> 18.32 | E21: =IFERROR(SUMIFS('PvA Data'!$F$2:$F$1577,'PvA Data'!$B$2:$B$1577,">="&$C$4,'PvA Data'!$B$2:$B$1577,"<="&$C$5,'PvA Data'!$C$2:$C$1577,"Nahunta",'PvA Data'!$E$2:$E$1577,$B21)/SUMIFS('PvA Data'!$F$2:$F$1577,'PvA Data'!$B$2:$B$1577,">="&$C$4,'PvA Data'!$B$2:$B$1577,"<="&$C$5,'PvA Data'!$E$2:$E$1577,$B21),"") -> 0.69135802 | F21: =IF($C$6="Total",SUMIFS('PvA Data'!$F$2:$F$1577,'PvA Data'!$B$2:$B$1577,">="&$C$4,'PvA Data'!$B$2:$B$1577,"<="&$C$5,'PvA Data'!$C$2:$C$1577,"Martin",'PvA Data'!$E$2:$E$1577,$B21),IFERROR(AVERAGEIFS('PvA Data'!$F$2:$F$1577,'PvA Data'!$B$2:$B$1577,">="&$C$4,'PvA Data'!$B$2:$B$1577,"<="&$C$5,'PvA Data'!$C$2:$C$1577,"Martin",'PvA Data'!$E$2:$E$1577,$B21),0)) -> 0 | G21: =IF($C$6="Total",SUMIFS('PvA Data'!$G$2:$G$1577,'PvA Data'!$B$2:$B$1577,">="&$C$4,'PvA Data'!$B$2:$B$1577,"<="&$C$5,'PvA Data'!$C$2:$C$1577,"Martin",'PvA Data'!$E$2:$E$1577,$B21),IFERROR(AVERAGEIFS('PvA Data'!$G$2:$G$1577,'PvA Data'!$B$2:$B$1577,">="&$C$4,'PvA Data'!$B$2:$B$1577,"<="&$C$5,'PvA Data'!$C$2:$C$1577,"Martin",'PvA Data'!$E$2:$E$1577,$B21),0)) -> 0 | H21: =IFERROR(SUMIFS('PvA Data'!$F$2:$F$1577,'PvA Data'!$B$2:$B$1577,">="&$C$4,'PvA Data'!$B$2:$B$1577,"<="&$C$5,'PvA Data'!$C$2:$C$1577,"Martin",'PvA Data'!$E$2:$E$1577,$B21)/SUMIFS('PvA Data'!$F$2:$F$1577,'PvA Data'!$B$2:$B$1577,">="&$C$4,'PvA Data'!$B$2:$B$1577,"<="&$C$5,'PvA Data'!$E$2:$E$1577,$B21),"") -> 0 | I21: =IF($C$6="Total",SUMIFS('PvA Data'!$F$2:$F$1577,'PvA Data'!$B$2:$B$1577,">="&$C$4,'PvA Data'!$B$2:$B$1577,"<="&$C$5,'PvA Data'!$C$2:$C$1577,"Custom",'PvA Data'!$E$2:$E$1577,$B21),IFERROR(AVERAGEIFS('PvA Data'!$F$2:$F$1577,'PvA Data'!$B$2:$B$1577,">="&$C$4,'PvA Data'!$B$2:$B$1577,"<="&$C$5,'PvA Data'!$C$2:$C$1577,"Custom",'PvA Data'!$E$2:$E$1577,$B21),0)) -> 8 | J21: =IF($C$6="Total",SUMIFS('PvA Data'!$G$2:$G$1577,'PvA Data'!$B$2:$B$1577,">="&$C$4,'PvA Data'!$B$2:$B$1577,"<="&$C$5,'PvA Data'!$C$2:$C$1577,"Custom",'PvA Data'!$E$2:$E$1577,$B21),IFERROR(AVERAGEIFS('PvA Data'!$G$2:$G$1577,'PvA Data'!$B$2:$B$1577,">="&$C$4,'PvA Data'!$B$2:$B$1577,"<="&$C$5,'PvA Data'!$C$2:$C$1577,"Custom",'PvA Data'!$E$2:$E$1577,$B21),0)) -> 7.04 | K21: =IFERROR(SUMIFS('PvA Data'!$F$2:$F$1577,'PvA Data'!$B$2:$B$1577,">="&$C$4,'PvA Data'!$B$2:$B$1577,"<="&$C$5,'PvA Data'!$C$2:$C$1577,"Custom",'PvA Data'!$E$2:$E$1577,$B21)/SUMIFS('PvA Data'!$F$2:$F$1577,'PvA Data'!$B$2:$B$1577,">="&$C$4,'PvA Data'!$B$2:$B$1577,"<="&$C$5,'PvA Data'!$E$2:$E$1577,$B21),"") -> 0.30864198 | L21: =C21+F21+I21 -> 25.92 | M21: =D21+G21+J21 -> 25.36 | N21: =IFERROR(M21/L21,"") -> 0.97839506 | P21: 46153 | Q21: 05_11_26
A22: 666518 | B22: Pelvic Block SM Intact | C22: =IF($C$6="Total",SUMIFS('PvA Data'!$F$2:$F$1577,'PvA Data'!$B$2:$B$1577,">="&$C$4,'PvA Data'!$B$2:$B$1577,"<="&$C$5,'PvA Data'!$C$2:$C$1577,"Nahunta",'PvA Data'!$E$2:$E$1577,$B22),IFERROR(AVERAGEIFS('PvA Data'!$F$2:$F$1577,'PvA Data'!$B$2:$B$1577,">="&$C$4,'PvA Data'!$B$2:$B$1577,"<="&$C$5,'PvA Data'!$C$2:$C$1577,"Nahunta",'PvA Data'!$E$2:$E$1577,$B22),0)) -> 0 | D22: =IF($C$6="Total",SUMIFS('PvA Data'!$G$2:$G$1577,'PvA Data'!$B$2:$B$1577,">="&$C$4,'PvA Data'!$B$2:$B$1577,"<="&$C$5,'PvA Data'!$C$2:$C$1577,"Nahunta",'PvA Data'!$E$2:$E$1577,$B22),IFERROR(AVERAGEIFS('PvA Data'!$G$2:$G$1577,'PvA Data'!$B$2:$B$1577,">="&$C$4,'PvA Data'!$B$2:$B$1577,"<="&$C$5,'PvA Data'!$C$2:$C$1577,"Nahunta",'PvA Data'!$E$2:$E$1577,$B22),0)) -> 0 | E22: =IFERROR(SUMIFS('PvA Data'!$F$2:$F$1577,'PvA Data'!$B$2:$B$1577,">="&$C$4,'PvA Data'!$B$2:$B$1577,"<="&$C$5,'PvA Data'!$C$2:$C$1577,"Nahunta",'PvA Data'!$E$2:$E$1577,$B22)/SUMIFS('PvA Data'!$F$2:$F$1577,'PvA Data'!$B$2:$B$1577,">="&$C$4,'PvA Data'!$B$2:$B$1577,"<="&$C$5,'PvA Data'!$E$2:$E$1577,$B22),"") | F22: =IF($C$6="Total",SUMIFS('PvA Data'!$F$2:$F$1577,'PvA Data'!$B$2:$B$1577,">="&$C$4,'PvA Data'!$B$2:$B$1577,"<="&$C$5,'PvA Data'!$C$2:$C$1577,"Martin",'PvA Data'!$E$2:$E$1577,$B22),IFERROR(AVERAGEIFS('PvA Data'!$F$2:$F$1577,'PvA Data'!$B$2:$B$1577,">="&$C$4,'PvA Data'!$B$2:$B$1577,"<="&$C$5,'PvA Data'!$C$2:$C$1577,"Martin",'PvA Data'!$E$2:$E$1577,$B22),0)) -> 0 | G22: =IF($C$6="Total",SUMIFS('PvA Data'!$G$2:$G$1577,'PvA Data'!$B$2:$B$1577,">="&$C$4,'PvA Data'!$B$2:$B$1577,"<="&$C$5,'PvA Data'!$C$2:$C$1577,"Martin",'PvA Data'!$E$2:$E$1577,$B22),IFERROR(AVERAGEIFS('PvA Data'!$G$2:$G$1577,'PvA Data'!$B$2:$B$1577,">="&$C$4,'PvA Data'!$B$2:$B$1577,"<="&$C$5,'PvA Data'!$C$2:$C$1577,"Martin",'PvA Data'!$E$2:$E$1577,$B22),0)) -> 0 | H22: =IFERROR(SUMIFS('PvA Data'!$F$2:$F$1577,'PvA Data'!$B$2:$B$1577,">="&$C$4,'PvA Data'!$B$2:$B$1577,"<="&$C$5,'PvA Data'!$C$2:$C$1577,"Martin",'PvA Data'!$E$2:$E$1577,$B22)/SUMIFS('PvA Data'!$F$2:$F$1577,'PvA Data'!$B$2:$B$1577,">="&$C$4,'PvA Data'!$B$2:$B$1577,"<="&$C$5,'PvA Data'!$E$2:$E$1577,$B22),"") | I22: =IF($C$6="Total",SUMIFS('PvA Data'!$F$2:$F$1577,'PvA Data'!$B$2:$B$1577,">="&$C$4,'PvA Data'!$B$2:$B$1577,"<="&$C$5,'PvA Data'!$C$2:$C$1577,"Custom",'PvA Data'!$E$2:$E$1577,$B22),IFERROR(AVERAGEIFS('PvA Data'!$F$2:$F$1577,'PvA Data'!$B$2:$B$1577,">="&$C$4,'PvA Data'!$B$2:$B$1577,"<="&$C$5,'PvA Data'!$C$2:$C$1577,"Custom",'PvA Data'!$E$2:$E$1577,$B22),0)) -> 0 | J22: =IF($C$6="Total",SUMIFS('PvA Data'!$G$2:$G$1577,'PvA Data'!$B$2:$B$1577,">="&$C$4,'PvA Data'!$B$2:$B$1577,"<="&$C$5,'PvA Data'!$C$2:$C$1577,"Custom",'PvA Data'!$E$2:$E$1577,$B22),IFERROR(AVERAGEIFS('PvA Data'!$G$2:$G$1577,'PvA Data'!$B$2:$B$1577,">="&$C$4,'PvA Data'!$B$2:$B$1577,"<="&$C$5,'PvA Data'!$C$2:$C$1577,"Custom",'PvA Data'!$E$2:$E$1577,$B22),0)) -> 0 | K22: =IFERROR(SUMIFS('PvA Data'!$F$2:$F$1577,'PvA Data'!$B$2:$B$1577,">="&$C$4,'PvA Data'!$B$2:$B$1577,"<="&$C$5,'PvA Data'!$C$2:$C$1577,"Custom",'PvA Data'!$E$2:$E$1577,$B22)/SUMIFS('PvA Data'!$F$2:$F$1577,'PvA Data'!$B$2:$B$1577,">="&$C$4,'PvA Data'!$B$2:$B$1577,"<="&$C$5,'PvA Data'!$E$2:$E$1577,$B22),"") | L22: =C22+F22+I22 -> 0 | M22: =D22+G22+J22 -> 0 | N22: =IFERROR(M22/L22,"") | P22: 46160 | Q22: 05_18_26
... A26: 666523 | B26: Vena Cava | C26: =IF($C$6="Total",SUMIFS('PvA Data'!$F$2:$F$1577,'PvA Data'!$B$2:$B$1577,">="&$C$4,'PvA Data'!$B$2:$B$1577,"<="&$C$5,'PvA Data'!$C$2:$C$1577,"Nahunta",'PvA Data'!$E$2:$E$1577,$B26),IFERROR(AVERAGEIFS('PvA Data'!$F$2:$F$1577,'PvA Data'!$B$2:$B$1577,">="&$C$4,'PvA Data'!$B$2:$B$1577,"<="&$C$5,'PvA Data'!$C$2:$C$1577,"Nahunta",'PvA Data'!$E$2:$E$1577,$B26),0)) -> 0 | D26: =IF($C$6="Total",SUMIFS('PvA Data'!$G$2:$G$1577,'PvA Data'!$B$2:$B$1577,">="&$C$4,'PvA Data'!$B$2:$B$1577,"<="&$C$5,'PvA Data'!$C$2:$C$1577,"Nahunta",'PvA Data'!$E$2:$E$1577,$B26),IFERROR(AVERAGEIFS('PvA Data'!$G$2:$G$1577,'PvA Data'!$B$2:$B$1577,">="&$C$4,'PvA Data'!$B$2:$B$1577,"<="&$C$5,'PvA Data'!$C$2:$C$1577,"Nahunta",'PvA Data'!$E$2:$E$1577,$B26),0)) -> 0 | E26: =IFERROR(SUMIFS('PvA Data'!$F$2:$F$1577,'PvA Data'!$B$2:$B$1577,">="&$C$4,'PvA Data'!$B$2:$B$1577,"<="&$C$5,'PvA Data'!$C$2:$C$1577,"Nahunta",'PvA Data'!$E$2:$E$1577,$B26)/SUMIFS('PvA Data'!$F$2:$F$1577,'PvA Data'!$B$2:$B$1577,">="&$C$4,'PvA Data'!$B$2:$B$1577,"<="&$C$5,'PvA Data'!$E$2:$E$1577,$B26),"") -> 0 | F26: =IF($C$6="Total",SUMIFS('PvA Data'!$F$2:$F$1577,'PvA Data'!$B$2:$B$1577,">="&$C$4,'PvA Data'!$B$2:$B$1577,"<="&$C$5,'PvA Data'!$C$2:$C$1577,"Martin",'PvA Data'!$E$2:$E$1577,$B26),IFERROR(AVERAGEIFS('PvA Data'!$F$2:$F$1577,'PvA Data'!$B$2:$B$1577,">="&$C$4,'PvA Data'!$B$2:$B$1577,"<="&$C$5,'PvA Data'!$C$2:$C$1577,"Martin",'PvA Data'!$E$2:$E$1577,$B26),0)) -> 14.96 | G26: =IF($C$6="Total",SUMIFS('PvA Data'!$G$2:$G$1577,'PvA Data'!$B$2:$B$1577,">="&$C$4,'PvA Data'!$B$2:$B$1577,"<="&$C$5,'PvA Data'!$C$2:$C$1577,"Martin",'PvA Data'!$E$2:$E$1577,$B26),IFERROR(AVERAGEIFS('PvA Data'!$G$2:$G$1577,'PvA Data'!$B$2:$B$1577,">="&$C$4,'PvA Data'!$B$2:$B$1577,"<="&$C$5,'PvA Data'!$C$2:$C$1577,"Martin",'PvA Data'!$E$2:$E$1577,$B26),0)) -> 14.96 | H26: =IFERROR(SUMIFS('PvA Data'!$F$2:$F$1577,'PvA Data'!$B$2:$B$1577,">="&$C$4,'PvA Data'!$B$2:$B$1577,"<="&$C$5,'PvA Data'!$C$2:$C$1577,"Martin",'PvA Data'!$E$2:$E$1577,$B26)/SUMIFS('PvA Data'!$F$2:$F$1577,'PvA Data'!$B$2:$B$1577,">="&$C$4,'PvA Data'!$B$2:$B$1577,"<="&$C$5,'PvA Data'!$E$2:$E$1577,$B26),"") -> 0.56495468 | I26: =IF($C$6="Total",SUMIFS('PvA Data'!$F$2:$F$1577,'PvA Data'!$B$2:$B$1577,">="&$C$4,'PvA Data'!$B$2:$B$1577,"<="&$C$5,'PvA Data'!$C$2:$C$1577,"Custom",'PvA Data'!$E$2:$E$1577,$B26),IFERROR(AVERAGEIFS('PvA Data'!$F$2:$F$1577,'PvA Data'!$B$2:$B$1577,">="&$C$4,'PvA Data'!$B$2:$B$1577,"<="&$C$5,'PvA Data'!$C$2:$C$1577,"Custom",'PvA Data'!$E$2:$E$1577,$B26),0)) -> 11.52 | J26: =IF($C$6="Total",SUMIFS('PvA Data'!$G$2:$G$1577,'PvA Data'!$B$2:$B$1577,">="&$C$4,'PvA Data'!$B$2:$B$1577,"<="&$C$5,'PvA Data'!$C$2:$C$1577,"Custom",'PvA Data'!$E$2:$E$1577,$B26),IFERROR(AVERAGEIFS('PvA Data'!$G$2:$G$1577,'PvA Data'!$B$2:$B$1577,">="&$C$4,'PvA Data'!$B$2:$B$1577,"<="&$C$5,'PvA Data'!$C$2:$C$1577,"Custom",'PvA Data'!$E$2:$E$1577,$B26),0)) -> 10.6 | K26: =IFERROR(SUMIFS('PvA Data'!$F$2:$F$1577,'PvA Data'!$B$2:$B$1577,">="&$C$4,'PvA Data'!$B$2:$B$1577,"<="&$C$5,'PvA Data'!$C$2:$C$1577,"Custom",'PvA Data'!$E$2:$E$1577,$B26)/SUMIFS('PvA Data'!$F$2:$F$1577,'PvA Data'!$B$2:$B$1577,">="&$C$4,'PvA Data'!$B$2:$B$1577,"<="&$C$5,'PvA Data'!$E$2:$E$1577,$B26),"") -> 0.43504532 | L26: =C26+F26+I26 -> 26.48 | M26: =D26+G26+J26 -> 25.56 | N26: =IFERROR(M26/L26,"") -> 0.9652568 | P26: 46188 | Q26: 06_15_26
A27: 666530 | B27: Stomach | C27: =IF($C$6="Total",SUMIFS('PvA Data'!$F$2:$F$1577,'PvA Data'!$B$2:$B$1577,">="&$C$4,'PvA Data'!$B$2:$B$1577,"<="&$C$5,'PvA Data'!$C$2:$C$1577,"Nahunta",'PvA Data'!$E$2:$E$1577,$B27),IFERROR(AVERAGEIFS('PvA Data'!$F$2:$F$1577,'PvA Data'!$B$2:$B$1577,">="&$C$4,'PvA Data'!$B$2:$B$1577,"<="&$C$5,'PvA Data'!$C$2:$C$1577,"Nahunta",'PvA Data'!$E$2:$E$1577,$B27),0)) -> 1.36 | D27: =IF($C$6="Total",SUMIFS('PvA Data'!$G$2:$G$1577,'PvA Data'!$B$2:$B$1577,">="&$C$4,'PvA Data'!$B$2:$B$1577,"<="&$C$5,'PvA Data'!$C$2:$C$1577,"Nahunta",'PvA Data'!$E$2:$E$1577,$B27),IFERROR(AVERAGEIFS('PvA Data'!$G$2:$G$1577,'PvA Data'!$B$2:$B$1577,">="&$C$4,'PvA Data'!$B$2:$B$1577,"<="&$C$5,'PvA Data'!$C$2:$C$1577,"Nahunta",'PvA Data'!$E$2:$E$1577,$B27),0)) -> 1.36 | E27: =IFERROR(SUMIFS('PvA Data'!$F$2:$F$1577,'PvA Data'!$B$2:$B$1577,">="&$C$4,'PvA Data'!$B$2:$B$1577,"<="&$C$5,'PvA Data'!$C$2:$C$1577,"Nahunta",'PvA Data'!$E$2:$E$1577,$B27)/SUMIFS('PvA Data'!$F$2:$F$1577,'PvA Data'!$B$2:$B$1577,">="&$C$4,'PvA Data'!$B$2:$B$1577,"<="&$C$5,'PvA Data'!$E$2:$E$1577,$B27),"") -> 0.136 | F27: =IF($C$6="Total",SUMIFS('PvA Data'!$F$2:$F$1577,'PvA Data'!$B$2:$B$1577,">="&$C$4,'PvA Data'!$B$2:$B$1577,"<="&$C$5,'PvA Data'!$C$2:$C$1577,"Martin",'PvA Data'!$E$2:$E$1577,$B27),IFERROR(AVERAGEIFS('PvA Data'!$F$2:$F$1577,'PvA Data'!$B$2:$B$1577,">="&$C$4,'PvA Data'!$B$2:$B$1577,"<="&$C$5,'PvA Data'!$C$2:$C$1577,"Martin",'PvA Data'!$E$2:$E$1577,$B27),0)) -> 0 | G27: =IF($C$6="Total",SUMIFS('PvA Data'!$G$2:$G$1577,'PvA Data'!$B$2:$B$1577,">="&$C$4,'PvA Data'!$B$2:$B$1577,"<="&$C$5,'PvA Data'!$C$2:$C$1577,"Martin",'PvA Data'!$E$2:$E$1577,$B27),IFERROR(AVERAGEIFS('PvA Data'!$G$2:$G$1577,'PvA Data'!$B$2:$B$1577,">="&$C$4,'PvA Data'!$B$2:$B$1577,"<="&$C$5,'PvA Data'!$C$2:$C$1577,"Martin",'PvA Data'!$E$2:$E$1577,$B27),0)) -> 0 | H27: =IFERROR(SUMIFS('PvA Data'!$F$2:$F$1577,'PvA Data'!$B$2:$B$1577,">="&$C$4,'PvA Data'!$B$2:$B$1577,"<="&$C$5,'PvA Data'!$C$2:$C$1577,"Martin",'PvA Data'!$E$2:$E$1577,$B27)/SUMIFS('PvA Data'!$F$2:$F$1577,'PvA Data'!$B$2:$B$1577,">="&$C$4,'PvA Data'!$B$2:$B$1577,"<="&$C$5,'PvA Data'!$E$2:$E$1577,$B27),"") -> 0 | I27: =IF($C$6="Total",SUMIFS('PvA Data'!$F$2:$F$1577,'PvA Data'!$B$2:$B$1577,">="&$C$4,'PvA Data'!$B$2:$B$1577,"<="&$C$5,'PvA Data'!$C$2:$C$1577,"Custom",'PvA Data'!$E$2:$E$1577,$B27),IFERROR(AVERAGEIFS('PvA Data'!$F$2:$F$1577,'PvA Data'!$B$2:$B$1577,">="&$C$4,'PvA Data'!$B$2:$B$1577,"<="&$C$5,'PvA Data'!$C$2:$C$1577,"Custom",'PvA Data'!$E$2:$E$1577,$B27),0)) -> 8.64 | J27: =IF($C$6="Total",SUMIFS('PvA Data'!$G$2:$G$1577,'PvA Data'!$B$2:$B$1577,">="&$C$4,'PvA Data'!$B$2:$B$1577,"<="&$C$5,'PvA Data'!$C$2:$C$1577,"Custom",'PvA Data'!$E$2:$E$1577,$B27),IFERROR(AVERAGEIFS('PvA Data'!$G$2:$G$1577,'PvA Data'!$B$2:$B$1577,">="&$C$4,'PvA Data'!$B$2:$B$1577,"<="&$C$5,'PvA Data'!$C$2:$C$1577,"Custom",'PvA Data'!$E$2:$E$1577,$B27),0)) -> 7.56 | K27: =IFERROR(SUMIFS('PvA Data'!$F$2:$F$1577,'PvA Data'!$B$2:$B$1577,">="&$C$4,'PvA Data'!$B$2:$B$1577,"<="&$C$5,'PvA Data'!$C$2:$C$1577,"Custom",'PvA Data'!$E$2:$E$1577,$B27)/SUMIFS('PvA Data'!$F$2:$F$1577,'PvA Data'!$B$2:$B$1577,">="&$C$4,'PvA Data'!$B$2:$B$1577,"<="&$C$5,'PvA Data'!$E$2:$E$1577,$B27),"") -> 0.864 | L27: =C27+F27+I27 -> 10 | M27: =D27+G27+J27 -> 8.92 | N27: =IFERROR(M27/L27,"") -> 0.892
A28: 666531 | B28: Diaphragms | C28: =IF($C$6="Total",SUMIFS('PvA Data'!$F$2:$F$1577,'PvA Data'!$B$2:$B$1577,">="&$C$4,'PvA Data'!$B$2:$B$1577,"<="&$C$5,'PvA Data'!$C$2:$C$1577,"Nahunta",'PvA Data'!$E$2:$E$1577,$B28),IFERROR(AVERAGEIFS('PvA Data'!$F$2:$F$1577,'PvA Data'!$B$2:$B$1577,">="&$C$4,'PvA Data'!$B$2:$B$1577,"<="&$C$5,'PvA Data'!$C$2:$C$1577,"Nahunta",'PvA Data'!$E$2:$E$1577,$B28),0)) -> 9.28 | D28: =IF($C$6="Total",SUMIFS('PvA Data'!$G$2:$G$1577,'PvA Data'!$B$2:$B$1577,">="&$C$4,'PvA Data'!$B$2:$B$1577,"<="&$C$5,'PvA Data'!$C$2:$C$1577,"Nahunta",'PvA Data'!$E$2:$E$1577,$B28),IFERROR(AVERAGEIFS('PvA Data'!$G$2:$G$1577,'PvA Data'!$B$2:$B$1577,">="&$C$4,'PvA Data'!$B$2:$B$1577,"<="&$C$5,'PvA Data'!$C$2:$C$1577,"Nahunta",'PvA Data'!$E$2:$E$1577,$B28),0)) -> 9.32 | E28: =IFERROR(SUMIFS('PvA Data'!$F$2:$F$1577,'PvA Data'!$B$2:$B$1577,">="&$C$4,'PvA Data'!$B$2:$B$1577,"<="&$C$5,'PvA Data'!$C$2:$C$1577,"Nahunta",'PvA Data'!$E$2:$E$1577,$B28)/SUMIFS('PvA Data'!$F$2:$F$1577,'PvA Data'!$B$2:$B$1577,">="&$C$4,'PvA Data'!$B$2:$B$1577,"<="&$C$5,'PvA Data'!$E$2:$E$1577,$B28),"") -> 0.7030303 | F28: =IF($C$6="Total",SUMIFS('PvA Data'!$F$2:$F$1577,'PvA Data'!$B$2:$B$1577,">="&$C$4,'PvA Data'!$B$2:$B$1577,"<="&$C$5,'PvA Data'!$C$2:$C$1577,"Martin",'PvA Data'!$E$2:$E$1577,$B28),IFERROR(AVERAGEIFS('PvA Data'!$F$2:$F$1577,'PvA Data'!$B$2:$B$1577,">="&$C$4,'PvA Data'!$B$2:$B$1577,"<="&$C$5,'PvA Data'!$C$2:$C$1577,"Martin",'PvA Data'!$E$2:$E$1577,$B28),0)) -> 0 | G28: =IF($C$6="Total",SUMIFS('PvA Data'!$G$2:$G$1577,'PvA Data'!$B$2:$B$1577,">="&$C$4,'PvA Data'!$B$2:$B$1577,"<="&$C$5,'PvA Data'!$C$2:$C$1577,"Martin",'PvA Data'!$E$2:$E$1577,$B28),IFERROR(AVERAGEIFS('PvA Data'!$G$2:$G$1577,'PvA Data'!$B$2:$B$1577,">="&$C$4,'PvA Data'!$B$2:$B$1577,"<="&$C$5,'PvA Data'!$C$2:$C$1577,"Martin",'PvA Data'!$E$2:$E$1577,$B28),0)) -> 0 | H28: =IFERROR(SUMIFS('PvA Data'!$F$2:$F$1577,'PvA Data'!$B$2:$B$1577,">="&$C$4,'PvA Data'!$B$2:$B$1577,"<="&$C$5,'PvA Data'!$C$2:$C$1577,"Martin",'PvA Data'!$E$2:$E$1577,$B28)/SUMIFS('PvA Data'!$F$2:$F$1577,'PvA Data'!$B$2:$B$1577,">="&$C$4,'PvA Data'!$B$2:$B$1577,"<="&$C$5,'PvA Data'!$E$2:$E$1577,$B28),"") -> 0 | I28: =IF($C$6="Total",SUMIFS('PvA Data'!$F$2:$F$1577,'PvA Data'!$B$2:$B$1577,">="&$C$4,'PvA Data'!$B$2:$B$1577,"<="&$C$5,'PvA Data'!$C$2:$C$1577,"Custom",'PvA Data'!$E$2:$E$1577,$B28),IFERROR(AVERAGEIFS('PvA Data'!$F$2:$F$1577,'PvA Data'!$B$2:$B$1577,">="&$C$4,'PvA Data'!$B$2:$B$1577,"<="&$C$5,'PvA Data'!$C$2:$C$1577,"Custom",'PvA Data'!$E$2:$E$1577,$B28),0)) -> 3.92 | J28: =IF($C$6="Total",SUMIFS('PvA Data'!$G$2:$G$1577,'PvA Data'!$B$2:$B$1577,">="&$C$4,'PvA Data'!$B$2:$B$1577,"<="&$C$5,'PvA Data'!$C$2:$C$1577,"Custom",'PvA Data'!$E$2:$E$1577,$B28),IFERROR(AVERAGEIFS('PvA Data'!$G$2:$G$1577,'PvA Data'!$B$2:$B$1577,">="&$C$4,'PvA Data'!$B$2:$B$1577,"<="&$C$5,'PvA Data'!$C$2:$C$1577,"Custom",'PvA Data'!$E$2:$E$1577,$B28),0)) -> 3.44 | K28: =IFERROR(SUMIFS('PvA Data'!$F$2:$F$1577,'PvA Data'!$B$2:$B$1577,">="&$C$4,'PvA Data'!$B$2:$B$1577,"<="&$C$5,'PvA Data'!$C$2:$C$1577,"Custom",'PvA Data'!$E$2:$E$1577,$B28)/SUMIFS('PvA Data'!$F$2:$F$1577,'PvA Data'!$B$2:$B$1577,">="&$C$4,'PvA Data'!$B$2:$B$1577,"<="&$C$5,'PvA Data'!$E$2:$E$1577,$B28),"") -> 0.2969697 | L28: =C28+F28+I28 -> 13.2 | M28: =D28+G28+J28 -> 12.76 | N28: =IFERROR(M28/L28,"") -> 0.96666667
A29: 666540 | B29: Male Pelvic | C29: =IF($C$6="Total",SUMIFS('PvA Data'!$F$2:$F$1577,'PvA Data'!$B$2:$B$1577,">="&$C$4,'PvA Data'!$B$2:$B$1577,"<="&$C$5,'PvA Data'!$C$2:$C$1577,"Nahunta",'PvA Data'!$E$2:$E$1577,$B29),IFERROR(AVERAGEIFS('PvA Data'!$F$2:$F$1577,'PvA Data'!$B$2:$B$1577,">="&$C$4,'PvA Data'!$B$2:$B$1577,"<="&$C$5,'PvA Data'!$C$2:$C$1577,"Nahunta",'PvA Data'!$E$2:$E$1577,$B29),0)) -> 0 | D29: =IF($C$6="Total",SUMIFS('PvA Data'!$G$2:$G$1577,'PvA Data'!$B$2:$B$1577,">="&$C$4,'PvA Data'!$B$2:$B$1577,"<="&$C$5,'PvA Data'!$C$2:$C$1577,"Nahunta",'PvA Data'!$E$2:$E$1577,$B29),IFERROR(AVERAGEIFS('PvA Data'!$G$2:$G$1577,'PvA Data'!$B$2:$B$1577,">="&$C$4,'PvA Data'!$B$2:$B$1577,"<="&$C$5,'PvA Data'!$C$2:$C$1577,"Nahunta",'PvA Data'!$E$2:$E$1577,$B29),0)) -> 0 | E29: =IFERROR(SUMIFS('PvA Data'!$F$2:$F$1577,'PvA Data'!$B$2:$B$1577,">="&$C$4,'PvA Data'!$B$2:$B$1577,"<="&$C$5,'PvA Data'!$C$2:$C$1577,"Nahunta",'PvA Data'!$E$2:$E$1577,$B29)/SUMIFS('PvA Data'!$F$2:$F$1577,'PvA Data'!$B$2:$B$1577,">="&$C$4,'PvA Data'!$B$2:$B$1577,"<="&$C$5,'PvA Data'!$E$2:$E$1577,$B29),"") -> 0 | F29: =IF($C$6="Total",SUMIFS('PvA Data'!$F$2:$F$1577,'PvA Data'!$B$2:$B$1577,">="&$C$4,'PvA Data'!$B$2:$B$1577,"<="&$C$5,'PvA Data'!$C$2:$C$1577,"Martin",'PvA Data'!$E$2:$E$1577,$B29),IFERROR(AVERAGEIFS('PvA Data'!$F$2:$F$1577,'PvA Data'!$B$2:$B$1577,">="&$C$4,'PvA Data'!$B$2:$B$1577,"<="&$C$5,'PvA Data'!$C$2:$C$1577,"Martin",'PvA Data'!$E$2:$E$1577,$B29),0)) -> 56 | G29: =IF($C$6="Total",SUMIFS('PvA Data'!$G$2:$G$1577,'PvA Data'!$B$2:$B$1577,">="&$C$4,'PvA Data'!$B$2:$B$1577,"<="&$C$5,'PvA Data'!$C$2:$C$1577,"Martin",'PvA Data'!$E$2:$E$1577,$B29),IFERROR(AVERAGEIFS('PvA Data'!$G$2:$G$1577,'PvA Data'!$B$2:$B$1577,">="&$C$4,'PvA Data'!$B$2:$B$1577,"<="&$C$5,'PvA Data'!$C$2:$C$1577,"Martin",'PvA Data'!$E$2:$E$1577,$B29),0)) -> 9.68 | H29: =IFERROR(SUMIFS('PvA Data'!$F$2:$F$1577,'PvA Data'!$B$2:$B$1577,">="&$C$4,'PvA Data'!$B$2:$B$1577,"<="&$C$5,'PvA Data'!$C$2:$C$1577,"Martin",'PvA Data'!$E$2:$E$1577,$B29)/SUMIFS('PvA Data'!$F$2:$F$1577,'PvA Data'!$B$2:$B$1577,">="&$C$4,'PvA Data'!$B$2:$B$1577,"<="&$C$5,'PvA Data'!$E$2:$E$1577,$B29),"") -> 1 | I29: =IF($C$6="Total",SUMIFS('PvA Data'!$F$2:$F$1577,'PvA Data'!$B$2:$B$1577,">="&$C$4,'PvA Data'!$B$2:$B$1577,"<="&$C$5,'PvA Data'!$C$2:$C$1577,"Custom",'PvA Data'!$E$2:$E$1577,$B29),IFERROR(AVERAGEIFS('PvA Data'!$F$2:$F$1577,'PvA Data'!$B$2:$B$1577,">="&$C$4,'PvA Data'!$B$2:$B$1577,"<="&$C$5,'PvA Data'!$C$2:$C$1577,"Custom",'PvA Data'!$E$2:$E$1577,$B29),0)) -> 0 | J29: =IF($C$6="Total",SUMIFS('PvA Data'!$G$2:$G$1577,'PvA Data'!$B$2:$B$1577,">="&$C$4,'PvA Data'!$B$2:$B$1577,"<="&$C$5,'PvA Data'!$C$2:$C$1577,"Custom",'PvA Data'!$E$2:$E$1577,$B29),IFERROR(AVERAGEIFS('PvA Data'!$G$2:$G$1577,'PvA Data'!$B$2:$B$1577,">="&$C$4,'PvA Data'!$B$2:$B$1577,"<="&$C$5,'PvA Data'!$C$2:$C$1577,"Custom",'PvA Data'!$E$2:$E$1577,$B29),0)) -> 0 | K29: =IFERROR(SUMIFS('PvA Data'!$F$2:$F$1577,'PvA Data'!$B$2:$B$1577,">="&$C$4,'PvA Data'!$B$2:$B$1577,"<="&$C$5,'PvA Data'!$C$2:$C$1577,"Custom",'PvA Data'!$E$2:$E$1577,$B29)/SUMIFS('PvA Data'!$F$2:$F$1577,'PvA Data'!$B$2:$B$1577,">="&$C$4,'PvA Data'!$B$2:$B$1577,"<="&$C$5,'PvA Data'!$E$2:$E$1577,$B29),"") -> 0 | L29: =C29+F29+I29 -> 56 | M29: =D29+G29+J29 -> 9.68 | N29: =IFERROR(M29/L29,"") -> 0.17285714
A30: 666541 | B30: Female Pelvic | C30: =IF($C$6="Total",SUMIFS('PvA Data'!$F$2:$F$1577,'PvA Data'!$B$2:$B$1577,">="&$C$4,'PvA Data'!$B$2:$B$1577,"<="&$C$5,'PvA Data'!$C$2:$C$1577,"Nahunta",'PvA Data'!$E$2:$E$1577,$B30),IFERROR(AVERAGEIFS('PvA Data'!$F$2:$F$1577,'PvA Data'!$B$2:$B$1577,">="&$C$4,'PvA Data'!$B$2:$B$1577,"<="&$C$5,'PvA Data'!$C$2:$C$1577,"Nahunta",'PvA Data'!$E$2:$E$1577,$B30),0)) -> 0 | D30: =IF($C$6="Total",SUMIFS('PvA Data'!$G$2:$G$1577,'PvA Data'!$B$2:$B$1577,">="&$C$4,'PvA Data'!$B$2:$B$1577,"<="&$C$5,'PvA Data'!$C$2:$C$1577,"Nahunta",'PvA Data'!$E$2:$E$1577,$B30),IFERROR(AVERAGEIFS('PvA Data'!$G$2:$G$1577,'PvA Data'!$B$2:$B$1577,">="&$C$4,'PvA Data'!$B$2:$B$1577,"<="&$C$5,'PvA Data'!$C$2:$C$1577,"Nahunta",'PvA Data'!$E$2:$E$1577,$B30),0)) -> 0 | E30: =IFERROR(SUMIFS('PvA Data'!$F$2:$F$1577,'PvA Data'!$B$2:$B$1577,">="&$C$4,'PvA Data'!$B$2:$B$1577,"<="&$C$5,'PvA Data'!$C$2:$C$1577,"Nahunta",'PvA Data'!$E$2:$E$1577,$B30)/SUMIFS('PvA Data'!$F$2:$F$1577,'PvA Data'!$B$2:$B$1577,">="&$C$4,'PvA Data'!$B$2:$B$1577,"<="&$C$5,'PvA Data'!$E$2:$E$1577,$B30),"") -> 0 | F30: =IF($C$6="Total",SUMIFS('PvA Data'!$F$2:$F$1577,'PvA Data'!$B$2:$B$1577,">="&$C$4,'PvA Data'!$B$2:$B$1577,"<="&$C$5,'PvA Data'!$C$2:$C$1577,"Martin",'PvA Data'!$E$2:$E$1577,$B30),IFERROR(AVERAGEIFS('PvA Data'!$F$2:$F$1577,'PvA Data'!$B$2:$B$1577,">="&$C$4,'PvA Data'!$B$2:$B$1577,"<="&$C$5,'PvA Data'!$C$2:$C$1577,"Martin",'PvA Data'!$E$2:$E$1577,$B30),0)) -> 244.4 | G30: =IF($C$6="Total",SUMIFS('PvA Data'!$G$2:$G$1577,'PvA Data'!$B$2:$B$1577,">="&$C$4,'PvA Data'!$B$2:$B$1577,"<="&$C$5,'PvA Data'!$C$2:$C$1577,"Martin",'PvA Data'!$E$2:$E$1577,$B30),IFERROR(AVERAGEIFS('PvA Data'!$G$2:$G$1577,'PvA Data'!$B$2:$B$1577,">="&$C$4,'PvA Data'!$B$2:$B$1577,"<="&$C$5,'PvA Data'!$C$2:$C$1577,"Martin",'PvA Data'!$E$2:$E$1577,$B30),0)) -> 177.2 | H30: =IFERROR(SUMIFS('PvA Data'!$F$2:$F$1577,'PvA Data'!$B$2:$B$1577,">="&$C$4,'PvA Data'!$B$2:$B$1577,"<="&$C$5,'PvA Data'!$C$2:$C$1577,"Martin",'PvA Data'!$E$2:$E$1577,$B30)/SUMIFS('PvA Data'!$F$2:$F$1577,'PvA Data'!$B$2:$B$1577,">="&$C$4,'PvA Data'!$B$2:$B$1577,"<="&$C$5,'PvA Data'!$E$2:$E$1577,$B30),"") -> 1 | I30: =IF($C$6="Total",SUMIFS('PvA Data'!$F$2:$F$1577,'PvA Data'!$B$2:$B$1577,">="&$C$4,'PvA Data'!$B$2:$B$1577,"<="&$C$5,'PvA Data'!$C$2:$C$1577,"Custom",'PvA Data'!$E$2:$E$1577,$B30),IFERROR(AVERAGEIFS('PvA Data'!$F$2:$F$1577,'PvA Data'!$B$2:$B$1577,">="&$C$4,'PvA Data'!$B$2:$B$1577,"<="&$C$5,'PvA Data'!$C$2:$C$1577,"Custom",'PvA Data'!$E$2:$E$1577,$B30),0)) -> 0 | J30: =IF($C$6="Total",SUMIFS('PvA Data'!$G$2:$G$1577,'PvA Data'!$B$2:$B$1577,">="&$C$4,'PvA Data'!$B$2:$B$1577,"<="&$C$5,'PvA Data'!$C$2:$C$1577,"Custom",'PvA Data'!$E$2:$E$1577,$B30),IFERROR(AVERAGEIFS('PvA Data'!$G$2:$G$1577,'PvA Data'!$B$2:$B$1577,">="&$C$4,'PvA Data'!$B$2:$B$1577,"<="&$C$5,'PvA Data'!$C$2:$C$1577,"Custom",'PvA Data'!$E$2:$E$1577,$B30),0)) -> 0 | K30: =IFERROR(SUMIFS('PvA Data'!$F$2:$F$1577,'PvA Data'!$B$2:$B$1577,">="&$C$4,'PvA Data'!$B$2:$B$1577,"<="&$C$5,'PvA Data'!$C$2:$C$1577,"Custom",'PvA Data'!$E$2:$E$1577,$B30)/SUMIFS('PvA Data'!$F$2:$F$1577,'PvA Data'!$B$2:$B$1577,">="&$C$4,'PvA Data'!$B$2:$B$1577,"<="&$C$5,'PvA Data'!$E$2:$E$1577,$B30),"") -> 0 | L30: =C30+F30+I30 -> 244.4 | M30: =D30+G30+J30 -> 177.2 | N30: =IFERROR(M30/L30,"") -> 0.72504092
A31: 666536 | B31: XL Hearts | C31: =IF($C$6="Total",SUMIFS('PvA Data'!$F$2:$F$1577,'PvA Data'!$B$2:$B$1577,">="&$C$4,'PvA Data'!$B$2:$B$1577,"<="&$C$5,'PvA Data'!$C$2:$C$1577,"Nahunta",'PvA Data'!$E$2:$E$1577,$B31),IFERROR(AVERAGEIFS('PvA Data'!$F$2:$F$1577,'PvA Data'!$B$2:$B$1577,">="&$C$4,'PvA Data'!$B$2:$B$1577,"<="&$C$5,'PvA Data'!$C$2:$C$1577,"Nahunta",'PvA Data'!$E$2:$E$1577,$B31),0)) -> 11.6 | D31: =IF($C$6="Total",SUMIFS('PvA Data'!$G$2:$G$1577,'PvA Data'!$B$2:$B$1577,">="&$C$4,'PvA Data'!$B$2:$B$1577,"<="&$C$5,'PvA Data'!$C$2:$C$1577,"Nahunta",'PvA Data'!$E$2:$E$1577,$B31),IFERROR(AVERAGEIFS('PvA Data'!$G$2:$G$1577,'PvA Data'!$B$2:$B$1577,">="&$C$4,'PvA Data'!$B$2:$B$1577,"<="&$C$5,'PvA Data'!$C$2:$C$1577,"Nahunta",'PvA Data'!$E$2:$E$1577,$B31),0)) -> 5.6 | E31: =IFERROR(SUMIFS('PvA Data'!$F$2:$F$1577,'PvA Data'!$B$2:$B$1577,">="&$C$4,'PvA Data'!$B$2:$B$1577,"<="&$C$5,'PvA Data'!$C$2:$C$1577,"Nahunta",'PvA Data'!$E$2:$E$1577,$B31)/SUMIFS('PvA Data'!$F$2:$F$1577,'PvA Data'!$B$2:$B$1577,">="&$C$4,'PvA Data'!$B$2:$B$1577,"<="&$C$5,'PvA Data'!$E$2:$E$1577,$B31),"") -> 1 | F31: =IF($C$6="Total",SUMIFS('PvA Data'!$F$2:$F$1577,'PvA Data'!$B$2:$B$1577,">="&$C$4,'PvA Data'!$B$2:$B$1577,"<="&$C$5,'PvA Data'!$C$2:$C$1577,"Martin",'PvA Data'!$E$2:$E$1577,$B31),IFERROR(AVERAGEIFS('PvA Data'!$F$2:$F$1577,'PvA Data'!$B$2:$B$1577,">="&$C$4,'PvA Data'!$B$2:$B$1577,"<="&$C$5,'PvA Data'!$C$2:$C$1577,"Martin",'PvA Data'!$E$2:$E$1577,$B31),0)) -> 0 | G31: =IF($C$6="Total",SUMIFS('PvA Data'!$G$2:$G$1577,'PvA Data'!$B$2:$B$1577,">="&$C$4,'PvA Data'!$B$2:$B$1577,"<="&$C$5,'PvA Data'!$C$2:$C$1577,"Martin",'PvA Data'!$E$2:$E$1577,$B31),IFERROR(AVERAGEIFS('PvA Data'!$G$2:$G$1577,'PvA Data'!$B$2:$B$1577,">="&$C$4,'PvA Data'!$B$2:$B$1577,"<="&$C$5,'PvA Data'!$C$2:$C$1577,"Martin",'PvA Data'!$E$2:$E$1577,$B31),0)) -> 0 | H31: =IFERROR(SUMIFS('PvA Data'!$F$2:$F$1577,'PvA Data'!$B$2:$B$1577,">="&$C$4,'PvA Data'!$B$2:$B$1577,"<="&$C$5,'PvA Data'!$C$2:$C$1577,"Martin",'PvA Data'!$E$2:$E$1577,$B31)/SUMIFS('PvA Data'!$F$2:$F$1577,'PvA Data'!$B$2:$B$1577,">="&$C$4,'PvA Data'!$B$2:$B$1577,"<="&$C$5,'PvA Data'!$E$2:$E$1577,$B31),"") -> 0 | I31: =IF($C$6="Total",SUMIFS('PvA Data'!$F$2:$F$1577,'PvA Data'!$B$2:$B$1577,">="&$C$4,'PvA Data'!$B$2:$B$1577,"<="&$C$5,'PvA Data'!$C$2:$C$1577,"Custom",'PvA Data'!$E$2:$E$1577,$B31),IFERROR(AVERAGEIFS('PvA Data'!$F$2:$F$1577,'PvA Data'!$B$2:$B$1577,">="&$C$4,'PvA Data'!$B$2:$B$1577,"<="&$C$5,'PvA Data'!$C$2:$C$1577,"Custom",'PvA Data'!$E$2:$E$1577,$B31),0)) -> 0 | J31: =IF($C$6="Total",SUMIFS('PvA Data'!$G$2:$G$1577,'PvA Data'!$B$2:$B$1577,">="&$C$4,'PvA Data'!$B$2:$B$1577,"<="&$C$5,'PvA Data'!$C$2:$C$1577,"Custom",'PvA Data'!$E$2:$E$1577,$B31),IFERROR(AVERAGEIFS('PvA Data'!$G$2:$G$1577,'PvA Data'!$B$2:$B$1577,">="&$C$4,'PvA Data'!$B$2:$B$1577,"<="&$C$5,'PvA Data'!$C$2:$C$1577,"Custom",'PvA Data'!$E$2:$E$1577,$B31),0)) -> 0 | K31: =IFERROR(SUMIFS('PvA Data'!$F$2:$F$1577,'PvA Data'!$B$2:$B$1577,">="&$C$4,'PvA Data'!$B$2:$B$1577,"<="&$C$5,'PvA Data'!$C$2:$C$1577,"Custom",'PvA Data'!$E$2:$E$1577,$B31)/SUMIFS('PvA Data'!$F$2:$F$1577,'PvA Data'!$B$2:$B$1577,">="&$C$4,'PvA Data'!$B$2:$B$1577,"<="&$C$5,'PvA Data'!$E$2:$E$1577,$B31),"") -> 0 | L31: =C31+F31+I31 -> 11.6 | M31: =D31+G31+J31 -> 5.6 | N31: =IFERROR(M31/L31,"") -> 0.48275862
A32: TOTAL | B32: All tissues | C32: =SUM(C11:C31) -> 257.26 | D32: =SUM(D11:D31) -> 245.88 | E32: =IFERROR(C32/$L32,"") -> 0.19848165 | F32: =SUM(F11:F31) -> 850.46 | G32: =SUM(G11:G31) -> 675.52 | H32: =IFERROR(F32/$L32,"") -> 0.65614826 | I32: =SUM(I11:I31) -> 188.42 | J32: =SUM(J11:J31) -> 173.96 | K32: =IFERROR(I32/$L32,"") -> 0.1453701 | L32: =SUM(L11:L31) -> 1296.14 | M32: =SUM(M11:M31) -> 1095.36 | N32: =IFERROR(M32/L32,"") -> 0.84509389

Sheet Attainment & Allocations
A1: Attainment & Allocations
A4: WEEKLY ATTAINMENT — Ask vs Attained by slaughterhouse, with volume allocation
A5: Week | B5: Week Start | C5: Total Ask | D5: Total Attained | E5: Attainment % | F5: Gap | G5: Nahunta Ask | H5: Nahunta Att | I5: Nahunta % | J5: Martin Ask | K5: Martin Att | L5: Martin % | M5: Custom Ask | N5: Custom Att | O5: Custom % | P5: Vol% Nahunta | Q5: Vol% Martin | R5: Vol% Custom
A6: 12_29_25 | B6: 46020 | C6: =SUMIFS('PvA Data'!$F$2:$F$1576,'PvA Data'!$A$2:$A$1576,$A6) -> 1187.5 | D6: =SUMIFS('PvA Data'!$G$2:$G$1576,'PvA Data'!$A$2:$A$1576,$A6) -> 890 | E6: =IF(C6=0,"",D6/C6) -> 0.74947368 | F6: =D6-C6 -> -297.5 | G6: =SUMIFS('PvA Data'!$F$2:$F$1576,'PvA Data'!$A$2:$A$1576,$A6,'PvA Data'!$C$2:$C$1576,"Nahunta") -> 287.5 | H6: =SUMIFS('PvA Data'!$G$2:$G$1576,'PvA Data'!$A$2:$A$1576,$A6,'PvA Data'!$C$2:$C$1576,"Nahunta") -> 299 | I6: =IF(G6=0,"",H6/G6) -> 1.04 | J6: =SUMIFS('PvA Data'!$F$2:$F$1576,'PvA Data'!$A$2:$A$1576,$A6,'PvA Data'!$C$2:$C$1576,"Martin") -> 716 | K6: =SUMIFS('PvA Data'!$G$2:$G$1576,'PvA Data'!$A$2:$A$1576,$A6,'PvA Data'!$C$2:$C$1576,"Martin") -> 591 | L6: =IF(J6=0,"",K6/J6) -> 0.82541899 | M6: =SUMIFS('PvA Data'!$F$2:$F$1576,'PvA Data'!$A$2:$A$1576,$A6,'PvA Data'!$C$2:$C$1576,"Custom") -> 184 | N6: =SUMIFS('PvA Data'!$G$2:$G$1576,'PvA Data'!$A$2:$A$1576,$A6,'PvA Data'!$C$2:$C$1576,"Custom") -> 0 | O6: =IF(M6=0,"",N6/M6) -> 0 | P6: =IF($D6=0,"",H6/$D6) -> 0.33595506 | Q6: =IF($D6=0,"",K6/$D6) -> 0.66404494 | R6: =IF($D6=0,"",N6/$D6) -> 0
A7: 01_05_26 | B7: 46027 | C7: =SUMIFS('PvA Data'!$F$2:$F$1576,'PvA Data'!$A$2:$A$1576,$A7) -> 1187.5 | D7: =SUMIFS('PvA Data'!$G$2:$G$1576,'PvA Data'!$A$2:$A$1576,$A7) -> 905 | E7: =IF(C7=0,"",D7/C7) -> 0.76210526 | F7: =D7-C7 -> -282.5 | G7: =SUMIFS('PvA Data'!$F$2:$F$1576,'PvA Data'!$A$2:$A$1576,$A7,'PvA Data'!$C$2:$C$1576,"Nahunta") -> 287.5 | H7: =SUMIFS('PvA Data'!$G$2:$G$1576,'PvA Data'!$A$2:$A$1576,$A7,'PvA Data'!$C$2:$C$1576,"Nahunta") -> 217 | I7: =IF(G7=0,"",H7/G7) -> 0.75478261 | J7: =SUMIFS('PvA Data'!$F$2:$F$1576,'PvA Data'!$A$2:$A$1576,$A7,'PvA Data'!$C$2:$C$1576,"Martin") -> 716 | K7: =SUMIFS('PvA Data'!$G$2:$G$1576,'PvA Data'!$A$2:$A$1576,$A7,'PvA Data'!$C$2:$C$1576,"Martin") -> 688 | L7: =IF(J7=0,"",K7/J7) -> 0.96089385 | M7: =SUMIFS('PvA Data'!$F$2:$F$1576,'PvA Data'!$A$2:$A$1576,$A7,'PvA Data'!$C$2:$C$1576,"Custom") -> 184 | N7: =SUMIFS('PvA Data'!$G$2:$G$1576,'PvA Data'!$A$2:$A$1576,$A7,'PvA Data'!$C$2:$C$1576,"Custom") -> 0 | O7: =IF(M7=0,"",N7/M7) -> 0 | P7: =IF($D7=0,"",H7/$D7) -> 0.23977901 | Q7: =IF($D7=0,"",K7/$D7) -> 0.76022099 | R7: =IF($D7=0,"",N7/$D7) -> 0
A8: 1_12_26 | B8: 46034 | C8: =SUMIFS('PvA Data'!$F$2:$F$1576,'PvA Data'!$A$2:$A$1576,$A8) -> 965 | D8: =SUMIFS('PvA Data'!$G$2:$G$1576,'PvA Data'!$A$2:$A$1576,$A8) -> 1081 | E8: =IF(C8=0,"",D8/C8) -> 1.1202073 | F8: =D8-C8 -> 116 | G8: =SUMIFS('PvA Data'!$F$2:$F$1576,'PvA Data'!$A$2:$A$1576,$A8,'PvA Data'!$C$2:$C$1576,"Nahunta") -> 212.5 | H8: =SUMIFS('PvA Data'!$G$2:$G$1576,'PvA Data'!$A$2:$A$1576,$A8,'PvA Data'!$C$2:$C$1576,"Nahunta") -> 354 | I8: =IF(G8=0,"",H8/G8) -> 1.6658824 | J8: =SUMIFS('PvA Data'!$F$2:$F$1576,'PvA Data'!$A$2:$A$1576,$A8,'PvA Data'!$C$2:$C$1576,"Martin") -> 619.5 | K8: =SUMIFS('PvA Data'!$G$2:$G$1576,'PvA Data'!$A$2:$A$1576,$A8,'PvA Data'!$C$2:$C$1576,"Martin") -> 605 | L8: =IF(J8=0,"",K8/J8) -> 0.97659403 | M8: =SUMIFS('PvA Data'!$F$2:$F$1576,'PvA Data'!$A$2:$A$1576,$A8,'PvA Data'!$C$2:$C$1576,"Custom") -> 133 | N8: =SUMIFS('PvA Data'!$G$2:$G$1576,'PvA Data'!$A$2:$A$1576,$A8,'PvA Data'!$C$2:$C$1576,"Custom") -> 122 | O8: =IF(M8=0,"",N8/M8) -> 0.91729323 | P8: =IF($D8=0,"",H8/$D8) -> 0.32747456 | Q8: =IF($D8=0,"",K8/$D8) -> 0.55966698 | R8: =IF($D8=0,"",N8/$D8) -> 0.11285846
A9: 1_19_26 | B9: 46041 | C9: =SUMIFS('PvA Data'!$F$2:$F$1576,'PvA Data'!$A$2:$A$1576,$A9) -> 965 | D9: =SUMIFS('PvA Data'!$G$2:$G$1576,'PvA Data'!$A$2:$A$1576,$A9) -> 391 | E9: =IF(C9=0,"",D9/C9) -> 0.40518135 | F9: =D9-C9 -> -574 | G9: =SUMIFS('PvA Data'!$F$2:$F$1576,'PvA Data'!$A$2:$A$1576,$A9,'PvA Data'!$C$2:$C$1576,"Nahunta") -> 212.5 | H9: =SUMIFS('PvA Data'!$G$2:$G$1576,'PvA Data'!$A$2:$A$1576,$A9,'PvA Data'!$C$2:$C$1576,"Nahunta") -> 54 | I9: =IF(G9=0,"",H9/G9) -> 0.25411765 | J9: =SUMIFS('PvA Data'!$F$2:$F$1576,'PvA Data'!$A$2:$A$1576,$A9,'PvA Data'!$C$2:$C$1576,"Martin") -> 619.5 | K9: =SUMIFS('PvA Data'!$G$2:$G$1576,'PvA Data'!$A$2:$A$1576,$A9,'PvA Data'!$C$2:$C$1576,"Martin") -> 289 | L9: =IF(J9=0,"",K9/J9) -> 0.46650525 | M9: =SUMIFS('PvA Data'!$F$2:$F$1576,'PvA Data'!$A$2:$A$1576,$A9,'PvA Data'!$C$2:$C$1576,"Custom") -> 133 | N9: =SUMIFS('PvA Data'!$G$2:$G$1576,'PvA Data'!$A$2:$A$1576,$A9,'PvA Data'!$C$2:$C$1576,"Custom") -> 48 | O9: =IF(M9=0,"",N9/M9) -> 0.36090226 | P9: =IF($D9=0,"",H9/$D9) -> 0.13810742 | Q9: =IF($D9=0,"",K9/$D9) -> 0.73913043 | R9: =IF($D9=0,"",N9/$D9) -> 0.12276215
A10: 1_26_26 | B10: 46048 | C10: =SUMIFS('PvA Data'!$F$2:$F$1576,'PvA Data'!$A$2:$A$1576,$A10) -> 944 | D10: =SUMIFS('PvA Data'!$G$2:$G$1576,'PvA Data'!$A$2:$A$1576,$A10) -> 1074 | E10: =IF(C10=0,"",D10/C10) -> 1.1377119 | F10: =D10-C10 -> 130 | G10: =SUMIFS('PvA Data'!$F$2:$F$1576,'PvA Data'!$A$2:$A$1576,$A10,'PvA Data'!$C$2:$C$1576,"Nahunta") -> 191.5 | H10: =SUMIFS('PvA Data'!$G$2:$G$1576,'PvA Data'!$A$2:$A$1576,$A10,'PvA Data'!$C$2:$C$1576,"Nahunta") -> 262 | I10: =IF(G10=0,"",H10/G10) -> 1.3681462 | J10: =SUMIFS('PvA Data'!$F$2:$F$1576,'PvA Data'!$A$2:$A$1576,$A10,'PvA Data'!$C$2:$C$1576,"Martin") -> 619.5 | K10: =SUMIFS('PvA Data'!$G$2:$G$1576,'PvA Data'!$A$2:$A$1576,$A10,'PvA Data'!$C$2:$C$1576,"Martin") -> 568 | L10: =IF(J10=0,"",K10/J10) -> 0.91686844 | M10: =SUMIFS('PvA Data'!$F$2:$F$1576,'PvA Data'!$A$2:$A$1576,$A10,'PvA Data'!$C$2:$C$1576,"Custom") -> 133 | N10: =SUMIFS('PvA Data'!$G$2:$G$1576,'PvA Data'!$A$2:$A$1576,$A10,'PvA Data'!$C$2:$C$1576,"Custom") -> 244 | O10: =IF(M10=0,"",N10/M10) -> 1.8345865 | P10: =IF($D10=0,"",H10/$D10) -> 0.24394786 | Q10: =IF($D10=0,"",K10/$D10) -> 0.52886406 | R10: =IF($D10=0,"",N10/$D10) -> 0.22718808
A11: 02_02_26 | B11: 46055 | C11: =SUMIFS('PvA Data'!$F$2:$F$1576,'PvA Data'!$A$2:$A$1576,$A11) -> 944 | D11: =SUMIFS('PvA Data'!$G$2:$G$1576,'PvA Data'!$A$2:$A$1576,$A11) -> 550 | E11: =IF(C11=0,"",D11/C11) -> 0.58262712 | F11: =D11-C11 -> -394 | G11: =SUMIFS('PvA Data'!$F$2:$F$1576,'PvA Data'!$A$2:$A$1576,$A11,'PvA Data'!$C$2:$C$1576,"Nahunta") -> 191.5 | H11: =SUMIFS('PvA Data'!$G$2:$G$1576,'PvA Data'!$A$2:$A$1576,$A11,'PvA Data'!$C$2:$C$1576,"Nahunta") -> 120 | I11: =IF(G11=0,"",H11/G11) -> 0.62663185 | J11: =SUMIFS('PvA Data'!$F$2:$F$1576,'PvA Data'!$A$2:$A$1576,$A11,'PvA Data'!$C$2:$C$1576,"Martin") -> 619.5 | K11: =SUMIFS('PvA Data'!$G$2:$G$1576,'PvA Data'!$A$2:$A$1576,$A11,'PvA Data'!$C$2:$C$1576,"Martin") -> 408 | L11: =IF(J11=0,"",K11/J11) -> 0.65859564 | M11: =SUMIFS('PvA Data'!$F$2:$F$1576,'PvA Data'!$A$2:$A$1576,$A11,'PvA Data'!$C$2:$C$1576,"Custom") -> 133 | N11: =SUMIFS('PvA Data'!$G$2:$G$1576,'PvA Data'!$A$2:$A$1576,$A11,'PvA Data'!$C$2:$C$1576,"Custom") -> 22 | O11: =IF(M11=0,"",N11/M11) -> 0.16541353 | P11: =IF($D11=0,"",H11/$D11) -> 0.21818182 | Q11: =IF($D11=0,"",K11/$D11) -> 0.74181818 | R11: =IF($D11=0,"",N11/$D11) -> 0.04
A12: 02_09_26 | B12: 46062 | C12: =SUMIFS('PvA Data'!$F$2:$F$1576,'PvA Data'!$A$2:$A$1576,$A12) -> 1124.5 | D12: =SUMIFS('PvA Data'!$G$2:$G$1576,'PvA Data'!$A$2:$A$1576,$A12) -> 1199 | E12: =IF(C12=0,"",D12/C12) -> 1.0662517 | F12: =D12-C12 -> 74.5 | G12: =SUMIFS('PvA Data'!$F$2:$F$1576,'PvA Data'!$A$2:$A$1576,$A12,'PvA Data'!$C$2:$C$1576,"Nahunta") -> 157 | H12: =SUMIFS('PvA Data'!$G$2:$G$1576,'PvA Data'!$A$2:$A$1576,$A12,'PvA Data'!$C$2:$C$1576,"Nahunta") -> 285 | I12: =IF(G12=0,"",H12/G12) -> 1.8152866 | J12: =SUMIFS('PvA Data'!$F$2:$F$1576,'PvA Data'!$A$2:$A$1576,$A12,'PvA Data'!$C$2:$C$1576,"Martin") -> 816.5 | K12: =SUMIFS('PvA Data'!$G$2:$G$1576,'PvA Data'!$A$2:$A$1576,$A12,'PvA Data'!$C$2:$C$1576,"Martin") -> 693 | L12: =IF(J12=0,"",K12/J12) -> 0.84874464 | M12: =SUMIFS('PvA Data'!$F$2:$F$1576,'PvA Data'!$A$2:$A$1576,$A12,'PvA Data'!$C$2:$C$1576,"Custom") -> 151 | N12: =SUMIFS('PvA Data'!$G$2:$G$1576,'PvA Data'!$A$2:$A$1576,$A12,'PvA Data'!$C$2:$C$1576,"Custom") -> 221 | O12: =IF(M12=0,"",N12/M12) -> 1.4635762 | P12: =IF($D12=0,"",H12/$D12) -> 0.23769808 | Q12: =IF($D12=0,"",K12/$D12) -> 0.57798165 | R12: =IF($D12=0,"",N12/$D12) -> 0.18432027
A13: 02_16_26 | B13: 46069 | C13: =SUMIFS('PvA Data'!$F$2:$F$1576,'PvA Data'!$A$2:$A$1576,$A13) -> 1124.5 | D13: =SUMIFS('PvA Data'!$G$2:$G$1576,'PvA Data'!$A$2:$A$1576,$A13) -> 635 | E13: =IF(C13=0,"",D13/C13) -> 0.56469542 | F13: =D13-C13 -> -489.5 | G13: =SUMIFS('PvA Data'!$F$2:$F$1576,'PvA Data'!$A$2:$A$1576,$A13,'PvA Data'!$C$2:$C$1576,"Nahunta") -> 157 | H13: =SUMIFS('PvA Data'!$G$2:$G$1576,'PvA Data'!$A$2:$A$1576,$A13,'PvA Data'!$C$2:$C$1576,"Nahunta") -> 29 | I13: =IF(G13=0,"",H13/G13) -> 0.18471338 | J13: =SUMIFS('PvA Data'!$F$2:$F$1576,'PvA Data'!$A$2:$A$1576,$A13,'PvA Data'!$C$2:$C$1576,"Martin") -> 816.5 | K13: =SUMIFS('PvA Data'!$G$2:$G$1576,'PvA Data'!$A$2:$A$1576,$A13,'PvA Data'!$C$2:$C$1576,"Martin") -> 525 | L13: =IF(J13=0,"",K13/J13) -> 0.64298836 | M13: =SUMIFS('PvA Data'!$F$2:$F$1576,'PvA Data'!$A$2:$A$1576,$A13,'PvA Data'!$C$2:$C$1576,"Custom") -> 151 | N13: =SUMIFS('PvA Data'!$G$2:$G$1576,'PvA Data'!$A$2:$A$1576,$A13,'PvA Data'!$C$2:$C$1576,"Custom") -> 81 | O13: =IF(M13=0,"",N13/M13) -> 0.53642384 | P13: =IF($D13=0,"",H13/$D13) -> 0.045669291 | Q13: =IF($D13=0,"",K13/$D13) -> 0.82677165 | R13: =IF($D13=0,"",N13/$D13) -> 0.12755906
A14: 02_23_26 | B14: 46076 | C14: =SUMIFS('PvA Data'!$F$2:$F$1576,'PvA Data'!$A$2:$A$1576,$A14) -> 1165 | D14: =SUMIFS('PvA Data'!$G$2:$G$1576,'PvA Data'!$A$2:$A$1576,$A14) -> 1459 | E14: =IF(C14=0,"",D14/C14) -> 1.2523605 | F14: =D14-C14 -> 294 | G14: =SUMIFS('PvA Data'!$F$2:$F$1576,'PvA Data'!$A$2:$A$1576,$A14,'PvA Data'!$C$2:$C$1576,"Nahunta") -> 243 | H14: =SUMIFS('PvA Data'!$G$2:$G$1576,'PvA Data'!$A$2:$A$1576,$A14,'PvA Data'!$C$2:$C$1576,"Nahunta") -> 398 | I14: =IF(G14=0,"",H14/G14) -> 1.6378601 | J14: =SUMIFS('PvA Data'!$F$2:$F$1576,'PvA Data'!$A$2:$A$1576,$A14,'PvA Data'!$C$2:$C$1576,"Martin") -> 772.5 | K14: =SUMIFS('PvA Data'!$G$2:$G$1576,'PvA Data'!$A$2:$A$1576,$A14,'PvA Data'!$C$2:$C$1576,"Martin") -> 802 | L14: =IF(J14=0,"",K14/J14) -> 1.0381877 | M14: =SUMIFS('PvA Data'!$F$2:$F$1576,'PvA Data'!$A$2:$A$1576,$A14,'PvA Data'!$C$2:$C$1576,"Custom") -> 149.5 | N14: =SUMIFS('PvA Data'!$G$2:$G$1576,'PvA Data'!$A$2:$A$1576,$A14,'PvA Data'!$C$2:$C$1576,"Custom") -> 259 | O14: =IF(M14=0,"",N14/M14) -> 1.7324415 | P14: =IF($D14=0,"",H14/$D14) -> 0.27278958 | Q14: =IF($D14=0,"",K14/$D14) -> 0.54969157 | R14: =IF($D14=0,"",N14/$D14) -> 0.17751885
A15: 03_02_26 | B15: 46083 | C15: =SUMIFS('PvA Data'!$F$2:$F$1576,'PvA Data'!$A$2:$A$1576,$A15) -> 1165 | D15: =SUMIFS('PvA Data'!$G$2:$G$1576,'PvA Data'!$A$2:$A$1576,$A15) -> 825 | E15: =IF(C15=0,"",D15/C15) -> 0.70815451 | F15: =D15-C15 -> -340 | G15: =SUMIFS('PvA Data'!$F$2:$F$1576,'PvA Data'!$A$2:$A$1576,$A15,'PvA Data'!$C$2:$C$1576,"Nahunta") -> 243 | H15: =SUMIFS('PvA Data'!$G$2:$G$1576,'PvA Data'!$A$2:$A$1576,$A15,'PvA Data'!$C$2:$C$1576,"Nahunta") -> 87 | I15: =IF(G15=0,"",H15/G15) -> 0.35802469 | J15: =SUMIFS('PvA Data'!$F$2:$F$1576,'PvA Data'!$A$2:$A$1576,$A15,'PvA Data'!$C$2:$C$1576,"Martin") -> 772.5 | K15: =SUMIFS('PvA Data'!$G$2:$G$1576,'PvA Data'!$A$2:$A$1576,$A15,'PvA Data'!$C$2:$C$1576,"Martin") -> 698 | L15: =IF(J15=0,"",K15/J15) -> 0.90355987 | M15: =SUMIFS('PvA Data'!$F$2:$F$1576,'PvA Data'!$A$2:$A$1576,$A15,'PvA Data'!$C$2:$C$1576,"Custom") -> 149.5 | N15: =SUMIFS('PvA Data'!$G$2:$G$1576,'PvA Data'!$A$2:$A$1576,$A15,'PvA Data'!$C$2:$C$1576,"Custom") -> 40 | O15: =IF(M15=0,"",N15/M15) -> 0.26755853 | P15: =IF($D15=0,"",H15/$D15) -> 0.10545455 | Q15: =IF($D15=0,"",K15/$D15) -> 0.84606061 | R15: =IF($D15=0,"",N15/$D15) -> 0.048484848
A16: 03_09_26 | B16: 46090 | C16: =SUMIFS('PvA Data'!$F$2:$F$1576,'PvA Data'!$A$2:$A$1576,$A16) -> 1632.5 | D16: =SUMIFS('PvA Data'!$G$2:$G$1576,'PvA Data'!$A$2:$A$1576,$A16) -> 1462 | E16: =IF(C16=0,"",D16/C16) -> 0.89555896 | F16: =D16-C16 -> -170.5 | G16: =SUMIFS('PvA Data'!$F$2:$F$1576,'PvA Data'!$A$2:$A$1576,$A16,'PvA Data'!$C$2:$C$1576,"Nahunta") -> 293.5 | H16: =SUMIFS('PvA Data'!$G$2:$G$1576,'PvA Data'!$A$2:$A$1576,$A16,'PvA Data'!$C$2:$C$1576,"Nahunta") -> 396 | I16: =IF(G16=0,"",H16/G16) -> 1.3492334 | J16: =SUMIFS('PvA Data'!$F$2:$F$1576,'PvA Data'!$A$2:$A$1576,$A16,'PvA Data'!$C$2:$C$1576,"Martin") -> 1162 | K16: =SUMIFS('PvA Data'!$G$2:$G$1576,'PvA Data'!$A$2:$A$1576,$A16,'PvA Data'!$C$2:$C$1576,"Martin") -> 879 | L16: =IF(J16=0,"",K16/J16) -> 0.75645439 | M16: =SUMIFS('PvA Data'!$F$2:$F$1576,'PvA Data'!$A$2:$A$1576,$A16,'PvA Data'!$C$2:$C$1576,"Custom") -> 177 | N16: =SUMIFS('PvA Data'!$G$2:$G$1576,'PvA Data'!$A$2:$A$1576,$A16,'PvA Data'!$C$2:$C$1576,"Custom") -> 187 | O16: =IF(M16=0,"",N16/M16) -> 1.0564972 | P16: =IF($D16=0,"",H16/$D16) -> 0.27086183 | Q16: =IF($D16=0,"",K16/$D16) -> 0.60123119 | R16: =IF($D16=0,"",N16/$D16) -> 0.12790698
A17: 03_16_26 | B17: 46097 | C17: =SUMIFS('PvA Data'!$F$2:$F$1576,'PvA Data'!$A$2:$A$1576,$A17) -> 1632.5 | D17: =SUMIFS('PvA Data'!$G$2:$G$1576,'PvA Data'!$A$2:$A$1576,$A17) -> 1155 | E17: =IF(C17=0,"",D17/C17) -> 0.70750383 | F17: =D17-C17 -> -477.5 | G17: =SUMIFS('PvA Data'!$F$2:$F$1576,'PvA Data'!$A$2:$A$1576,$A17,'PvA Data'!$C$2:$C$1576,"Nahunta") -> 293.5 | H17: =SUMIFS('PvA Data'!$G$2:$G$1576,'PvA Data'!$A$2:$A$1576,$A17,'PvA Data'!$C$2:$C$1576,"Nahunta") -> 128 | I17: =IF(G17=0,"",H17/G17) -> 0.43611584 | J17: =SUMIFS('PvA Data'!$F$2:$F$1576,'PvA Data'!$A$2:$A$1576,$A17,'PvA Data'!$C$2:$C$1576,"Martin") -> 1162 | K17: =SUMIFS('PvA Data'!$G$2:$G$1576,'PvA Data'!$A$2:$A$1576,$A17,'PvA Data'!$C$2:$C$1576,"Martin") -> 860 | L17: =IF(J17=0,"",K17/J17) -> 0.74010327 | M17: =SUMIFS('PvA Data'!$F$2:$F$1576,'PvA Data'!$A$2:$A$1576,$A17,'PvA Data'!$C$2:$C$1576,"Custom") -> 177 | N17: =SUMIFS('PvA Data'!$G$2:$G$1576,'PvA Data'!$A$2:$A$1576,$A17,'PvA Data'!$C$2:$C$1576,"Custom") -> 167 | O17: =IF(M17=0,"",N17/M17) -> 0.94350282 | P17: =IF($D17=0,"",H17/$D17) -> 0.11082251 | Q17: =IF($D17=0,"",K17/$D17) -> 0.74458874 | R17: =IF($D17=0,"",N17/$D17) -> 0.14458874
... A30: 06_15_26 | B30: 46188 | C30: =SUMIFS('PvA Data'!$F$2:$F$1576,'PvA Data'!$A$2:$A$1576,$A30) -> 1084.5 | D30: =SUMIFS('PvA Data'!$G$2:$G$1576,'PvA Data'!$A$2:$A$1576,$A30) -> 1139 | E30: =IF(C30=0,"",D30/C30) -> 1.0502536 | F30: =D30-C30 -> 54.5 | G30: =SUMIFS('PvA Data'!$F$2:$F$1576,'PvA Data'!$A$2:$A$1576,$A30,'PvA Data'!$C$2:$C$1576,"Nahunta") -> 230.5 | H30: =SUMIFS('PvA Data'!$G$2:$G$1576,'PvA Data'!$A$2:$A$1576,$A30,'PvA Data'!$C$2:$C$1576,"Nahunta") -> 236 | I30: =IF(G30=0,"",H30/G30) -> 1.0238612 | J30: =SUMIFS('PvA Data'!$F$2:$F$1576,'PvA Data'!$A$2:$A$1576,$A30,'PvA Data'!$C$2:$C$1576,"Martin") -> 625.5 | K30: =SUMIFS('PvA Data'!$G$2:$G$1576,'PvA Data'!$A$2:$A$1576,$A30,'PvA Data'!$C$2:$C$1576,"Martin") -> 572 | L30: =IF(J30=0,"",K30/J30) -> 0.91446843 | M30: =SUMIFS('PvA Data'!$F$2:$F$1576,'PvA Data'!$A$2:$A$1576,$A30,'PvA Data'!$C$2:$C$1576,"Custom") -> 228.5 | N30: =SUMIFS('PvA Data'!$G$2:$G$1576,'PvA Data'!$A$2:$A$1576,$A30,'PvA Data'!$C$2:$C$1576,"Custom") -> 331 | O30: =IF(M30=0,"",N30/M30) -> 1.4485777 | P30: =IF($D30=0,"",H30/$D30) -> 0.2071993 | Q30: =IF($D30=0,"",K30/$D30) -> 0.50219491 | R30: =IF($D30=0,"",N30/$D30) -> 0.29060579
A31: TOTAL | C31: =SUM(C6:C30) -> 32403.5 | D31: =SUM(D6:D30) -> 27384 | E31: =IF(C31=0,"",D31/C31) -> 0.84509389 | F31: =D31-C31 -> -5019.5 | G31: =SUM(G6:G30) -> 6431.5 | H31: =SUM(H6:H30) -> 6147 | I31: =IF(G31=0,"",H31/G31) -> 0.9557646 | J31: =SUM(J6:J30) -> 21261.5 | K31: =SUM(K6:K30) -> 16888 | L31: =IF(J31=0,"",K31/J31) -> 0.79429956 | M31: =SUM(M6:M30) -> 4710.5 | N31: =SUM(N6:N30) -> 4349 | O31: =IF(M31=0,"",N31/M31) -> 0.92325655 | P31: =IF($D31=0,"",H31/$D31) -> 0.22447415 | Q31: =IF($D31=0,"",K31/$D31) -> 0.61671049 | R31: =IF($D31=0,"",N31/$D31) -> 0.15881537
A33: ALLOCATION BY TISSUE — % of attained volume to each slaughterhouse (per week). Use the filter to isolate a tissue or week.
A34: Week | B34: Week Start | C34: PN | D34: Tissue | E34: Ask | F34: Attained | G34: Attain % | H34: Nahunta vol | I34: Martin vol | J34: Custom vol | K34: Vol% Nahunta | L34: Vol% Martin | M34: Vol% Custom
A35: 12_29_25 | B35: 46020 | C35: 666501 | D35: Aorta | E35: =SUMIFS('PvA Data'!$F$2:$F$1576,'PvA Data'!$A$2:$A$1576,$A35,'PvA Data'!$E$2:$E$1576,$D35) -> 181.5 | F35: =SUMIFS('PvA Data'!$G$2:$G$1576,'PvA Data'!$A$2:$A$1576,$A35,'PvA Data'!$E$2:$E$1576,$D35) -> 177 | G35: =IF(E35=0,"",F35/E35) -> 0.97520661 | H35: =SUMIFS('PvA Data'!$G$2:$G$1576,'PvA Data'!$A$2:$A$1576,$A35,'PvA Data'!$E$2:$E$1576,$D35,'PvA Data'!$C$2:$C$1576,"Nahunta") -> 27 | I35: =SUMIFS('PvA Data'!$G$2:$G$1576,'PvA Data'!$A$2:$A$1576,$A35,'PvA Data'!$E$2:$E$1576,$D35,'PvA Data'!$C$2:$C$1576,"Martin") -> 150 | J35: =SUMIFS('PvA Data'!$G$2:$G$1576,'PvA Data'!$A$2:$A$1576,$A35,'PvA Data'!$E$2:$E$1576,$D35,'PvA Data'!$C$2:$C$1576,"Custom") -> 0 | K35: =IF($F35=0,"",H35/$F35) -> 0.15254237 | L35: =IF($F35=0,"",I35/$F35) -> 0.84745763 | M35: =IF($F35=0,"",J35/$F35) -> 0
A36: 12_29_25 | B36: 46020 | C36: 666502 | D36: Bariatric | E36: =SUMIFS('PvA Data'!$F$2:$F$1576,'PvA Data'!$A$2:$A$1576,$A36,'PvA Data'!$E$2:$E$1576,$D36) -> 95 | F36: =SUMIFS('PvA Data'!$G$2:$G$1576,'PvA Data'!$A$2:$A$1576,$A36,'PvA Data'!$E$2:$E$1576,$D36) -> 35 | G36: =IF(E36=0,"",F36/E36) -> 0.36842105 | H36: =SUMIFS('PvA Data'!$G$2:$G$1576,'PvA Data'!$A$2:$A$1576,$A36,'PvA Data'!$E$2:$E$1576,$D36,'PvA Data'!$C$2:$C$1576,"Nahunta") -> 0 | I36: =SUMIFS('PvA Data'!$G$2:$G$1576,'PvA Data'!$A$2:$A$1576,$A36,'PvA Data'!$E$2:$E$1576,$D36,'PvA Data'!$C$2:$C$1576,"Martin") -> 35 | J36: =SUMIFS('PvA Data'!$G$2:$G$1576,'PvA Data'!$A$2:$A$1576,$A36,'PvA Data'!$E$2:$E$1576,$D36,'PvA Data'!$C$2:$C$1576,"Custom") -> 0 | K36: =IF($F36=0,"",H36/$F36) -> 0 | L36: =IF($F36=0,"",I36/$F36) -> 1 | M36: =IF($F36=0,"",J36/$F36) -> 0
A37: 12_29_25 | B37: 46020 | C37: 666505 | D37: Liver | E37: =SUMIFS('PvA Data'!$F$2:$F$1576,'PvA Data'!$A$2:$A$1576,$A37,'PvA Data'!$E$2:$E$1576,$D37) -> 31 | F37: =SUMIFS('PvA Data'!$G$2:$G$1576,'PvA Data'!$A$2:$A$1576,$A37,'PvA Data'!$E$2:$E$1576,$D37) -> 20 | G37: =IF(E37=0,"",F37/E37) -> 0.64516129 | H37: =SUMIFS('PvA Data'!$G$2:$G$1576,'PvA Data'!$A$2:$A$1576,$A37,'PvA Data'!$E$2:$E$1576,$D37,'PvA Data'!$C$2:$C$1576,"Nahunta") -> 20 | I37: =SUMIFS('PvA Data'!$G$2:$G$1576,'PvA Data'!$A$2:$A$1576,$A37,'PvA Data'!$E$2:$E$1576,$D37,'PvA Data'!$C$2:$C$1576,"Martin") -> 0 | J37: =SUMIFS('PvA Data'!$G$2:$G$1576,'PvA Data'!$A$2:$A$1576,$A37,'PvA Data'!$E$2:$E$1576,$D37,'PvA Data'!$C$2:$C$1576,"Custom") -> 0 | K37: =IF($F37=0,"",H37/$F37) -> 1 | L37: =IF($F37=0,"",I37/$F37) -> 0 | M37: =IF($F37=0,"",J37/$F37) -> 0
A38: 12_29_25 | B38: 46020 | C38: 666506 | D38: Pelvic Block Non-Intact | E38: =SUMIFS('PvA Data'!$F$2:$F$1576,'PvA Data'!$A$2:$A$1576,$A38,'PvA Data'!$E$2:$E$1576,$D38) -> 100 | F38: =SUMIFS('PvA Data'!$G$2:$G$1576,'PvA Data'!$A$2:$A$1576,$A38,'PvA Data'!$E$2:$E$1576,$D38) -> 0 | G38: =IF(E38=0,"",F38/E38) -> 0 | H38: =SUMIFS('PvA Data'!$G$2:$G$1576,'PvA Data'!$A$2:$A$1576,$A38,'PvA Data'!$E$2:$E$1576,$D38,'PvA Data'!$C$2:$C$1576,"Nahunta") -> 0 | I38: =SUMIFS('PvA Data'!$G$2:$G$1576,'PvA Data'!$A$2:$A$1576,$A38,'PvA Data'!$E$2:$E$1576,$D38,'PvA Data'!$C$2:$C$1576,"Martin") -> 0 | J38: =SUMIFS('PvA Data'!$G$2:$G$1576,'PvA Data'!$A$2:$A$1576,$A38,'PvA Data'!$E$2:$E$1576,$D38,'PvA Data'!$C$2:$C$1576,"Custom") -> 0 | K38: =IF($F38=0,"",H38/$F38) | L38: =IF($F38=0,"",I38/$F38) | M38: =IF($F38=0,"",J38/$F38)
A39: 12_29_25 | B39: 46020 | C39: 666507 | D39: Full Body | E39: =SUMIFS('PvA Data'!$F$2:$F$1576,'PvA Data'!$A$2:$A$1576,$A39,'PvA Data'!$E$2:$E$1576,$D39) -> 30 | F39: =SUMIFS('PvA Data'!$G$2:$G$1576,'PvA Data'!$A$2:$A$1576,$A39,'PvA Data'!$E$2:$E$1576,$D39) -> 19 | G39: =IF(E39=0,"",F39/E39) -> 0.63333333 | H39: =SUMIFS('PvA Data'!$G$2:$G$1576,'PvA Data'!$A$2:$A$1576,$A39,'PvA Data'!$E$2:$E$1576,$D39,'PvA Data'!$C$2:$C$1576,"Nahunta") -> 19 | I39: =SUMIFS('PvA Data'!$G$2:$G$1576,'PvA Data'!$A$2:$A$1576,$A39,'PvA Data'!$E$2:$E$1576,$D39,'PvA Data'!$C$2:$C$1576,"Martin") -> 0 | J39: =SUMIFS('PvA Data'!$G$2:$G$1576,'PvA Data'!$A$2:$A$1576,$A39,'PvA Data'!$E$2:$E$1576,$D39,'PvA Data'!$C$2:$C$1576,"Custom") -> 0 | K39: =IF($F39=0,"",H39/$F39) -> 1 | L39: =IF($F39=0,"",I39/$F39) -> 0 | M39: =IF($F39=0,"",J39/$F39) -> 0
A40: 12_29_25 | B40: 46020 | C40: 666509 | D40: Jejunum 6' | E40: =SUMIFS('PvA Data'!$F$2:$F$1576,'PvA Data'!$A$2:$A$1576,$A40,'PvA Data'!$E$2:$E$1576,$D40) -> 80 | F40: =SUMIFS('PvA Data'!$G$2:$G$1576,'PvA Data'!$A$2:$A$1576,$A40,'PvA Data'!$E$2:$E$1576,$D40) -> 23 | G40: =IF(E40=0,"",F40/E40) -> 0.2875 | H40: =SUMIFS('PvA Data'!$G$2:$G$1576,'PvA Data'!$A$2:$A$1576,$A40,'PvA Data'!$E$2:$E$1576,$D40,'PvA Data'!$C$2:$C$1576,"Nahunta") -> 23 | I40: =SUMIFS('PvA Data'!$G$2:$G$1576,'PvA Data'!$A$2:$A$1576,$A40,'PvA Data'!$E$2:$E$1576,$D40,'PvA Data'!$C$2:$C$1576,"Martin") -> 0 | J40: =SUMIFS('PvA Data'!$G$2:$G$1576,'PvA Data'!$A$2:$A$1576,$A40,'PvA Data'!$E$2:$E$1576,$D40,'PvA Data'!$C$2:$C$1576,"Custom") -> 0 | K40: =IF($F40=0,"",H40/$F40) -> 1 | L40: =IF($F40=0,"",I40/$F40) -> 0 | M40: =IF($F40=0,"",J40/$F40) -> 0
A41: 12_29_25 | B41: 46020 | C41: 666510 | D41: Jejunum 2' | E41: =SUMIFS('PvA Data'!$F$2:$F$1576,'PvA Data'!$A$2:$A$1576,$A41,'PvA Data'!$E$2:$E$1576,$D41) -> 0 | F41: =SUMIFS('PvA Data'!$G$2:$G$1576,'PvA Data'!$A$2:$A$1576,$A41,'PvA Data'!$E$2:$E$1576,$D41) -> 0 | G41: =IF(E41=0,"",F41/E41) | H41: =SUMIFS('PvA Data'!$G$2:$G$1576,'PvA Data'!$A$2:$A$1576,$A41,'PvA Data'!$E$2:$E$1576,$D41,'PvA Data'!$C$2:$C$1576,"Nahunta") -> 0 | I41: =SUMIFS('PvA Data'!$G$2:$G$1576,'PvA Data'!$A$2:$A$1576,$A41,'PvA Data'!$E$2:$E$1576,$D41,'PvA Data'!$C$2:$C$1576,"Martin") -> 0 | J41: =SUMIFS('PvA Data'!$G$2:$G$1576,'PvA Data'!$A$2:$A$1576,$A41,'PvA Data'!$E$2:$E$1576,$D41,'PvA Data'!$C$2:$C$1576,"Custom") -> 0 | K41: =IF($F41=0,"",H41/$F41) | L41: =IF($F41=0,"",I41/$F41) | M41: =IF($F41=0,"",J41/$F41)
A42: 12_29_25 | B42: 46020 | C42: 666511 | D42: Kidney | E42: =SUMIFS('PvA Data'!$F$2:$F$1576,'PvA Data'!$A$2:$A$1576,$A42,'PvA Data'!$E$2:$E$1576,$D42) -> 3 | F42: =SUMIFS('PvA Data'!$G$2:$G$1576,'PvA Data'!$A$2:$A$1576,$A42,'PvA Data'!$E$2:$E$1576,$D42) -> 0 | G42: =IF(E42=0,"",F42/E42) -> 0 | H42: =SUMIFS('PvA Data'!$G$2:$G$1576,'PvA Data'!$A$2:$A$1576,$A42,'PvA Data'!$E$2:$E$1576,$D42,'PvA Data'!$C$2:$C$1576,"Nahunta") -> 0 | I42: =SUMIFS('PvA Data'!$G$2:$G$1576,'PvA Data'!$A$2:$A$1576,$A42,'PvA Data'!$E$2:$E$1576,$D42,'PvA Data'!$C$2:$C$1576,"Martin") -> 0 | J42: =SUMIFS('PvA Data'!$G$2:$G$1576,'PvA Data'!$A$2:$A$1576,$A42,'PvA Data'!$E$2:$E$1576,$D42,'PvA Data'!$C$2:$C$1576,"Custom") -> 0 | K42: =IF($F42=0,"",H42/$F42) | L42: =IF($F42=0,"",I42/$F42) | M42: =IF($F42=0,"",J42/$F42)
A43: 12_29_25 | B43: 46020 | C43: 666513 | D43: Liver w/GB | E43: =SUMIFS('PvA Data'!$F$2:$F$1576,'PvA Data'!$A$2:$A$1576,$A43,'PvA Data'!$E$2:$E$1576,$D43) -> 33 | F43: =SUMIFS('PvA Data'!$G$2:$G$1576,'PvA Data'!$A$2:$A$1576,$A43,'PvA Data'!$E$2:$E$1576,$D43) -> 20 | G43: =IF(E43=0,"",F43/E43) -> 0.60606061 | H43: =SUMIFS('PvA Data'!$G$2:$G$1576,'PvA Data'!$A$2:$A$1576,$A43,'PvA Data'!$E$2:$E$1576,$D43,'PvA Data'!$C$2:$C$1576,"Nahunta") -> 20 | I43: =SUMIFS('PvA Data'!$G$2:$G$1576,'PvA Data'!$A$2:$A$1576,$A43,'PvA Data'!$E$2:$E$1576,$D43,'PvA Data'!$C$2:$C$1576,"Martin") -> 0 | J43: =SUMIFS('PvA Data'!$G$2:$G$1576,'PvA Data'!$A$2:$A$1576,$A43,'PvA Data'!$E$2:$E$1576,$D43,'PvA Data'!$C$2:$C$1576,"Custom") -> 0 | K43: =IF($F43=0,"",H43/$F43) -> 1 | L43: =IF($F43=0,"",I43/$F43) -> 0 | M43: =IF($F43=0,"",J43/$F43) -> 0
A44: 12_29_25 | B44: 46020 | C44: 666516 | D44: Omentum | E44: =SUMIFS('PvA Data'!$F$2:$F$1576,'PvA Data'!$A$2:$A$1576,$A44,'PvA Data'!$E$2:$E$1576,$D44) -> 32 | F44: =SUMIFS('PvA Data'!$G$2:$G$1576,'PvA Data'!$A$2:$A$1576,$A44,'PvA Data'!$E$2:$E$1576,$D44) -> 26 | G44: =IF(E44=0,"",F44/E44) -> 0.8125 | H44: =SUMIFS('PvA Data'!$G$2:$G$1576,'PvA Data'!$A$2:$A$1576,$A44,'PvA Data'!$E$2:$E$1576,$D44,'PvA Data'!$C$2:$C$1576,"Nahunta") -> 26 | I44: =SUMIFS('PvA Data'!$G$2:$G$1576,'PvA Data'!$A$2:$A$1576,$A44,'PvA Data'!$E$2:$E$1576,$D44,'PvA Data'!$C$2:$C$1576,"Martin") -> 0 | J44: =SUMIFS('PvA Data'!$G$2:$G$1576,'PvA Data'!$A$2:$A$1576,$A44,'PvA Data'!$E$2:$E$1576,$D44,'PvA Data'!$C$2:$C$1576,"Custom") -> 0 | K44: =IF($F44=0,"",H44/$F44) -> 1 | L44: =IF($F44=0,"",I44/$F44) -> 0 | M44: =IF($F44=0,"",J44/$F44) -> 0
A45: 12_29_25 | B45: 46020 | C45: 666517 | D45: Pancreas | E45: =SUMIFS('PvA Data'!$F$2:$F$1576,'PvA Data'!$A$2:$A$1576,$A45,'PvA Data'!$E$2:$E$1576,$D45) -> 30 | F45: =SUMIFS('PvA Data'!$G$2:$G$1576,'PvA Data'!$A$2:$A$1576,$A45,'PvA Data'!$E$2:$E$1576,$D45) -> 30 | G45: =IF(E45=0,"",F45/E45) -> 1 | H45: =SUMIFS('PvA Data'!$G$2:$G$1576,'PvA Data'!$A$2:$A$1576,$A45,'PvA Data'!$E$2:$E$1576,$D45,'PvA Data'!$C$2:$C$1576,"Nahunta") -> 30 | I45: =SUMIFS('PvA Data'!$G$2:$G$1576,'PvA Data'!$A$2:$A$1576,$A45,'PvA Data'!$E$2:$E$1576,$D45,'PvA Data'!$C$2:$C$1576,"Martin") -> 0 | J45: =SUMIFS('PvA Data'!$G$2:$G$1576,'PvA Data'!$A$2:$A$1576,$A45,'PvA Data'!$E$2:$E$1576,$D45,'PvA Data'!$C$2:$C$1576,"Custom") -> 0 | K45: =IF($F45=0,"",H45/$F45) -> 1 | L45: =IF($F45=0,"",I45/$F45) -> 0 | M45: =IF($F45=0,"",J45/$F45) -> 0
A46: 12_29_25 | B46: 46020 | C46: 666518 | D46: Pelvic Block SM Intact | E46: =SUMIFS('PvA Data'!$F$2:$F$1576,'PvA Data'!$A$2:$A$1576,$A46,'PvA Data'!$E$2:$E$1576,$D46) -> 0 | F46: =SUMIFS('PvA Data'!$G$2:$G$1576,'PvA Data'!$A$2:$A$1576,$A46,'PvA Data'!$E$2:$E$1576,$D46) -> 0 | G46: =IF(E46=0,"",F46/E46) | H46: =SUMIFS('PvA Data'!$G$2:$G$1576,'PvA Data'!$A$2:$A$1576,$A46,'PvA Data'!$E$2:$E$1576,$D46,'PvA Data'!$C$2:$C$1576,"Nahunta") -> 0 | I46: =SUMIFS('PvA Data'!$G$2:$G$1576,'PvA Data'!$A$2:$A$1576,$A46,'PvA Data'!$E$2:$E$1576,$D46,'PvA Data'!$C$2:$C$1576,"Martin") -> 0 | J46: =SUMIFS('PvA Data'!$G$2:$G$1576,'PvA Data'!$A$2:$A$1576,$A46,'PvA Data'!$E$2:$E$1576,$D46,'PvA Data'!$C$2:$C$1576,"Custom") -> 0 | K46: =IF($F46=0,"",H46/$F46) | L46: =IF($F46=0,"",I46/$F46) | M46: =IF($F46=0,"",J46/$F46)
... A559: 06_15_26 | B559: 46188 | C559: 666536 | D559: XL Hearts | E559: =SUMIFS('PvA Data'!$F$2:$F$1576,'PvA Data'!$A$2:$A$1576,$A559,'PvA Data'!$E$2:$E$1576,$D559) -> 20 | F559: =SUMIFS('PvA Data'!$G$2:$G$1576,'PvA Data'!$A$2:$A$1576,$A559,'PvA Data'!$E$2:$E$1576,$D559) -> 0 | G559: =IF(E559=0,"",F559/E559) -> 0 | H559: =SUMIFS('PvA Data'!$G$2:$G$1576,'PvA Data'!$A$2:$A$1576,$A559,'PvA Data'!$E$2:$E$1576,$D559,'PvA Data'!$C$2:$C$1576,"Nahunta") -> 0 | I559: =SUMIFS('PvA Data'!$G$2:$G$1576,'PvA Data'!$A$2:$A$1576,$A559,'PvA Data'!$E$2:$E$1576,$D559,'PvA Data'!$C$2:$C$1576,"Martin") -> 0 | J559: =SUMIFS('PvA Data'!$G$2:$G$1576,'PvA Data'!$A$2:$A$1576,$A559,'PvA Data'!$E$2:$E$1576,$D559,'PvA Data'!$C$2:$C$1576,"Custom") -> 0 | K559: =IF($F559=0,"",H559/$F559) | L559: =IF($F559=0,"",I559/$F559) | M559: =IF($F559=0,"",J559/$F559)

Sheet Harvest Detail
A1: Week | B1: Week Start | C1: ISO Wk | D1: Day | E1: Date | F1: Technician | G1: Slaughterhouse | H1: Part Number | I1: Tissue | J1: Qty Harvested
A2: 12_29_25 | B2: 46020 | C2: 1 | D2: M | E2: 46020 | F2: Wilfredo | G2: Nahunta | H2: 666501 | I2: Aorta | J2: 15
A3: 12_29_25 | B3: 46020 | C3: 1 | D3: M | E3: 46020 | F3: Wilfredo | G3: Nahunta | H3: 666505 | I3: Liver | J3: 20
A4: 12_29_25 | B4: 46020 | C4: 1 | D4: M | E4: 46020 | F4: Wilfredo | G4: Nahunta | H4: 666507 | I4: Full Body | J4: 10
A5: 12_29_25 | B5: 46020 | C5: 1 | D5: M | E5: 46020 | F5: Wilfredo | G5: Nahunta | H5: 666509 | I5: Jejunum 6' | J5: 9
A6: 12_29_25 | B6: 46020 | C6: 1 | D6: M | E6: 46020 | F6: Wilfredo | G6: Nahunta | H6: 666513 | I6: Liver w/GB | J6: 16
A7: 12_29_25 | B7: 46020 | C7: 1 | D7: M | E7: 46020 | F7: Wilfredo | G7: Nahunta | H7: 666516 | I7: Omentum | J7: 14
A8: 12_29_25 | B8: 46020 | C8: 1 | D8: M | E8: 46020 | F8: Wilfredo | G8: Nahunta | H8: 666517 | I8: Pancreas | J8: 15
A9: 12_29_25 | B9: 46020 | C9: 1 | D9: M | E9: 46020 | F9: Wilfredo | G9: Nahunta | H9: 666519 | I9: Spleen | J9: 14
A10: 12_29_25 | B10: 46020 | C10: 1 | D10: M | E10: 46020 | F10: Wilfredo | G10: Nahunta | H10: 666522 | I10: Ureters | J10: 45
A11: 12_29_25 | B11: 46020 | C11: 1 | D11: M | E11: 46020 | F11: Wilfredo | G11: Nahunta | H11: 666530 | I11: Stomach | J11: 4
A12: 12_29_25 | B12: 46020 | C12: 1 | D12: M | E12: 46020 | F12: Wilfredo | G12: Nahunta | H12: 666531 | I12: Diaphragms | J12: 14
A13: 12_29_25 | B13: 46020 | C13: 1 | D13: M | E13: 46020 | F13: Wilfredo | G13: Nahunta | H13: 666536 | I13: XL Hearts | J13: 1
... A1093: 06_15_26 | B1093: 46188 | C1093: 25 | D1093: Th | E1093: 46191 | F1093: Wilfredo | G1093: Custom | H1093: 666522 | I1093: Ureters | J1093: 65

Sheet Productivity
A1: Technician Output & Productivity
A3: Hours per technician per week | B3: 8 | C3: editable — drives every per-hour figure
A5: Units harvested by technician, by week
A6: Technician | B6: 12_29_25 | C6: 01_05_26 | D6: 1_12_26 | E6: 1_19_26 | F6: 1_26_26 | G6: 02_02_26 | H6: 02_09_26 | I6: 02_16_26 | J6: 02_23_26 | K6: 03_02_26 | L6: 03_09_26 | M6: 03_16_26 | N6: 03_23_26 | O6: 03_30_26 | P6: 04_06_26 | Q6: 04_13_26 | R6: 04_20_26 | S6: 04_27_26 | T6: 05_04_26 | U6: 05_11_26 | V6: 05_18_26 | W6: 05_25_26 | X6: 06_01_26 | Y6: 06_08_26 | Z6: 06_15_26 | AA6: Total
A7: Jesus | B7: =SUMIFS('Harvest Detail'!$J$2:$J$1093,'Harvest Detail'!$F$2:$F$1093,$A7,'Harvest Detail'!$A$2:$A$1093,B$6) -> 591 | C7: =SUMIFS('Harvest Detail'!$J$2:$J$1093,'Harvest Detail'!$F$2:$F$1093,$A7,'Harvest Detail'!$A$2:$A$1093,C$6) -> 688 | D7: =SUMIFS('Harvest Detail'!$J$2:$J$1093,'Harvest Detail'!$F$2:$F$1093,$A7,'Harvest Detail'!$A$2:$A$1093,D$6) -> 616 | E7: =SUMIFS('Harvest Detail'!$J$2:$J$1093,'Harvest Detail'!$F$2:$F$1093,$A7,'Harvest Detail'!$A$2:$A$1093,E$6) -> 289 | F7: =SUMIFS('Harvest Detail'!$J$2:$J$1093,'Harvest Detail'!$F$2:$F$1093,$A7,'Harvest Detail'!$A$2:$A$1093,F$6) -> 568 | G7: =SUMIFS('Harvest Detail'!$J$2:$J$1093,'Harvest Detail'!$F$2:$F$1093,$A7,'Harvest Detail'!$A$2:$A$1093,G$6) -> 408 | H7: =SUMIFS('Harvest Detail'!$J$2:$J$1093,'Harvest Detail'!$F$2:$F$1093,$A7,'Harvest Detail'!$A$2:$A$1093,H$6) -> 693 | I7: =SUMIFS('Harvest Detail'!$J$2:$J$1093,'Harvest Detail'!$F$2:$F$1093,$A7,'Harvest Detail'!$A$2:$A$1093,I$6) -> 525 | ... Z7: =SUMIFS('Harvest Detail'!$J$2:$J$1093,'Harvest Detail'!$F$2:$F$1093,$A7,'Harvest Detail'!$A$2:$A$1093,Z$6) -> 572 | AA7: =SUM(B7:Z7) -> 15953
A8: Jordan | B8: =SUMIFS('Harvest Detail'!$J$2:$J$1093,'Harvest Detail'!$F$2:$F$1093,$A8,'Harvest Detail'!$A$2:$A$1093,B$6) -> 0 | C8: =SUMIFS('Harvest Detail'!$J$2:$J$1093,'Harvest Detail'!$F$2:$F$1093,$A8,'Harvest Detail'!$A$2:$A$1093,C$6) -> 0 | D8: =SUMIFS('Harvest Detail'!$J$2:$J$1093,'Harvest Detail'!$F$2:$F$1093,$A8,'Harvest Detail'!$A$2:$A$1093,D$6) -> 122 | E8: =SUMIFS('Harvest Detail'!$J$2:$J$1093,'Harvest Detail'!$F$2:$F$1093,$A8,'Harvest Detail'!$A$2:$A$1093,E$6) -> 0 | F8: =SUMIFS('Harvest Detail'!$J$2:$J$1093,'Harvest Detail'!$F$2:$F$1093,$A8,'Harvest Detail'!$A$2:$A$1093,F$6) -> 262 | G8: =SUMIFS('Harvest Detail'!$J$2:$J$1093,'Harvest Detail'!$F$2:$F$1093,$A8,'Harvest Detail'!$A$2:$A$1093,G$6) -> 120 | H8: =SUMIFS('Harvest Detail'!$J$2:$J$1093,'Harvest Detail'!$F$2:$F$1093,$A8,'Harvest Detail'!$A$2:$A$1093,H$6) -> 285 | I8: =SUMIFS('Harvest Detail'!$J$2:$J$1093,'Harvest Detail'!$F$2:$F$1093,$A8,'Harvest Detail'!$A$2:$A$1093,I$6) -> 81 | ... Z8: =SUMIFS('Harvest Detail'!$J$2:$J$1093,'Harvest Detail'!$F$2:$F$1093,$A8,'Harvest Detail'!$A$2:$A$1093,Z$6) -> 236 | AA8: =SUM(B8:Z8) -> 6348
A9: Wilfredo | B9: =SUMIFS('Harvest Detail'!$J$2:$J$1093,'Harvest Detail'!$F$2:$F$1093,$A9,'Harvest Detail'!$A$2:$A$1093,B$6) -> 299 | C9: =SUMIFS('Harvest Detail'!$J$2:$J$1093,'Harvest Detail'!$F$2:$F$1093,$A9,'Harvest Detail'!$A$2:$A$1093,C$6) -> 217 | D9: =SUMIFS('Harvest Detail'!$J$2:$J$1093,'Harvest Detail'!$F$2:$F$1093,$A9,'Harvest Detail'!$A$2:$A$1093,D$6) -> 354 | E9: =SUMIFS('Harvest Detail'!$J$2:$J$1093,'Harvest Detail'!$F$2:$F$1093,$A9,'Harvest Detail'!$A$2:$A$1093,E$6) -> 102 | F9: =SUMIFS('Harvest Detail'!$J$2:$J$1093,'Harvest Detail'!$F$2:$F$1093,$A9,'Harvest Detail'!$A$2:$A$1093,F$6) -> 244 | G9: =SUMIFS('Harvest Detail'!$J$2:$J$1093,'Harvest Detail'!$F$2:$F$1093,$A9,'Harvest Detail'!$A$2:$A$1093,G$6) -> 22 | H9: =SUMIFS('Harvest Detail'!$J$2:$J$1093,'Harvest Detail'!$F$2:$F$1093,$A9,'Harvest Detail'!$A$2:$A$1093,H$6) -> 221 | I9: =SUMIFS('Harvest Detail'!$J$2:$J$1093,'Harvest Detail'!$F$2:$F$1093,$A9,'Harvest Detail'!$A$2:$A$1093,I$6) -> 29 | ... Z9: =SUMIFS('Harvest Detail'!$J$2:$J$1093,'Harvest Detail'!$F$2:$F$1093,$A9,'Harvest Detail'!$A$2:$A$1093,Z$6) -> 331 | AA9: =SUM(B9:Z9) -> 5099
A11: Productivity summary (hours = weeks scheduled x hours/week input)
A12: Technician | B12: Weeks Scheduled | C12: Weeks w/ Output | D12: Total Units | E12: Total Hours | F12: Units / Hour
A13: Jesus | B13: =COUNTA($B$6:$Z$6) -> 25 | C13: =COUNTIF(B7:Z7,">0") -> 25 | D13: =AA7 -> 15953 | E13: =B13*$B$3 -> 200 | F13: =IF(E13=0,0,D13/E13) -> 79.765
A14: Jordan | B14: =COUNTA($B$6:$Z$6) -> 25 | C14: =COUNTIF(B8:Z8,">0") -> 22 | D14: =AA8 -> 6348 | E14: =B14*$B$3 -> 200 | F14: =IF(E14=0,0,D14/E14) -> 31.74
A15: Wilfredo | B15: =COUNTA($B$6:$Z$6) -> 25 | C15: =COUNTIF(B9:Z9,">0") -> 25 | D15: =AA9 -> 5099 | E15: =B15*$B$3 -> 200 | F15: =IF(E15=0,0,D15/E15) -> 25.495
A16: All technicians | B16: =B13 -> 25 | C16: =MAX(C13:C15) -> 25 | D16: =SUM(D13:D15) -> 27400 | E16: =SUM(E13:E15) -> 600 | F16: =IF(E16=0,0,D16/E16) -> 45.666667
A18: Units harvested by technician, by tissue
B19: 666501 | C19: 666502 | D19: 666505 | E19: 666506 | F19: 666507 | G19: 666509 | H19: 666510 | I19: 666511 | J19: 666513 | K19: 666516 | L19: 666517 | M19: 666518 | N19: 666519 | O19: 666521 | P19: 666522 | Q19: 666523 | R19: 666530 | S19: 666531 | T19: 666540 | U19: 666541 | V19: 666536
A20: Technician | B20: Aorta | C20: Bariatric | D20: Liver | E20: Pelvic Block Non-Intact | F20: Full Body | G20: Jejunum 6' | H20: Jejunum 2' | I20: Kidney | J20: Liver w/GB | K20: Omentum | L20: Pancreas | M20: Pelvic Block SM Intact | N20: Spleen | O20: Hearts | P20: Ureters | Q20: Vena Cava | R20: Stomach | S20: Diaphragms | T20: Male Pelvic | U20: Female Pelvic | V20: XL Hearts | W20: Total
A21: Jesus | B21: =SUMIFS('Harvest Detail'!$J$2:$J$1093,'Harvest Detail'!$F$2:$F$1093,$A21,'Harvest Detail'!$I$2:$I$1093,B$20) -> 4619 | C21: =SUMIFS('Harvest Detail'!$J$2:$J$1093,'Harvest Detail'!$F$2:$F$1093,$A21,'Harvest Detail'!$I$2:$I$1093,C$20) -> 2823 | D21: =SUMIFS('Harvest Detail'!$J$2:$J$1093,'Harvest Detail'!$F$2:$F$1093,$A21,'Harvest Detail'!$I$2:$I$1093,D$20) -> 20 | E21: =SUMIFS('Harvest Detail'!$J$2:$J$1093,'Harvest Detail'!$F$2:$F$1093,$A21,'Harvest Detail'!$I$2:$I$1093,E$20) -> 1846 | F21: =SUMIFS('Harvest Detail'!$J$2:$J$1093,'Harvest Detail'!$F$2:$F$1093,$A21,'Harvest Detail'!$I$2:$I$1093,F$20) -> 42 | G21: =SUMIFS('Harvest Detail'!$J$2:$J$1093,'Harvest Detail'!$F$2:$F$1093,$A21,'Harvest Detail'!$I$2:$I$1093,G$20) -> 100 | H21: =SUMIFS('Harvest Detail'!$J$2:$J$1093,'Harvest Detail'!$F$2:$F$1093,$A21,'Harvest Detail'!$I$2:$I$1093,H$20) -> 0 | I21: =SUMIFS('Harvest Detail'!$J$2:$J$1093,'Harvest Detail'!$F$2:$F$1093,$A21,'Harvest Detail'!$I$2:$I$1093,I$20) -> 8 | ... V21: =SUMIFS('Harvest Detail'!$J$2:$J$1093,'Harvest Detail'!$F$2:$F$1093,$A21,'Harvest Detail'!$I$2:$I$1093,V$20) -> 23 | W21: =SUM(B21:V21) -> 15953
A22: Jordan | B22: =SUMIFS('Harvest Detail'!$J$2:$J$1093,'Harvest Detail'!$F$2:$F$1093,$A22,'Harvest Detail'!$I$2:$I$1093,B$20) -> 1077 | C22: =SUMIFS('Harvest Detail'!$J$2:$J$1093,'Harvest Detail'!$F$2:$F$1093,$A22,'Harvest Detail'!$I$2:$I$1093,C$20) -> 400 | D22: =SUMIFS('Harvest Detail'!$J$2:$J$1093,'Harvest Detail'!$F$2:$F$1093,$A22,'Harvest Detail'!$I$2:$I$1093,D$20) -> 215 | E22: =SUMIFS('Harvest Detail'!$J$2:$J$1093,'Harvest Detail'!$F$2:$F$1093,$A22,'Harvest Detail'!$I$2:$I$1093,E$20) -> 19 | F22: =SUMIFS('Harvest Detail'!$J$2:$J$1093,'Harvest Detail'!$F$2:$F$1093,$A22,'Harvest Detail'!$I$2:$I$1093,F$20) -> 229 | G22: =SUMIFS('Harvest Detail'!$J$2:$J$1093,'Harvest Detail'!$F$2:$F$1093,$A22,'Harvest Detail'!$I$2:$I$1093,G$20) -> 610 | H22: =SUMIFS('Harvest Detail'!$J$2:$J$1093,'Harvest Detail'!$F$2:$F$1093,$A22,'Harvest Detail'!$I$2:$I$1093,H$20) -> 0 | I22: =SUMIFS('Harvest Detail'!$J$2:$J$1093,'Harvest Detail'!$F$2:$F$1093,$A22,'Harvest Detail'!$I$2:$I$1093,I$20) -> 50 | ... V22: =SUMIFS('Harvest Detail'!$J$2:$J$1093,'Harvest Detail'!$F$2:$F$1093,$A22,'Harvest Detail'!$I$2:$I$1093,V$20) -> 98 | W22: =SUM(B22:V22) -> 6348
A23: Wilfredo | B23: =SUMIFS('Harvest Detail'!$J$2:$J$1093,'Harvest Detail'!$F$2:$F$1093,$A23,'Harvest Detail'!$I$2:$I$1093,B$20) -> 513 | C23: =SUMIFS('Harvest Detail'!$J$2:$J$1093,'Harvest Detail'!$F$2:$F$1093,$A23,'Harvest Detail'!$I$2:$I$1093,C$20) -> 729 | D23: =SUMIFS('Harvest Detail'!$J$2:$J$1093,'Harvest Detail'!$F$2:$F$1093,$A23,'Harvest Detail'!$I$2:$I$1093,D$20) -> 453 | E23: =SUMIFS('Harvest Detail'!$J$2:$J$1093,'Harvest Detail'!$F$2:$F$1093,$A23,'Harvest Detail'!$I$2:$I$1093,E$20) -> 0 | F23: =SUMIFS('Harvest Detail'!$J$2:$J$1093,'Harvest Detail'!$F$2:$F$1093,$A23,'Harvest Detail'!$I$2:$I$1093,F$20) -> 121 | G23: =SUMIFS('Harvest Detail'!$J$2:$J$1093,'Harvest Detail'!$F$2:$F$1093,$A23,'Harvest Detail'!$I$2:$I$1093,G$20) -> 191 | H23: =SUMIFS('Harvest Detail'!$J$2:$J$1093,'Harvest Detail'!$F$2:$F$1093,$A23,'Harvest Detail'!$I$2:$I$1093,H$20) -> 0 | I23: =SUMIFS('Harvest Detail'!$J$2:$J$1093,'Harvest Detail'!$F$2:$F$1093,$A23,'Harvest Detail'!$I$2:$I$1093,I$20) -> 22 | ... V23: =SUMIFS('Harvest Detail'!$J$2:$J$1093,'Harvest Detail'!$F$2:$F$1093,$A23,'Harvest Detail'!$I$2:$I$1093,V$20) -> 19 | W23: =SUM(B23:V23) -> 5099
A24: TOTAL | B24: =SUM(B21:B23) -> 6209 | C24: =SUM(C21:C23) -> 3952 | D24: =SUM(D21:D23) -> 688 | E24: =SUM(E21:E23) -> 1865 | F24: =SUM(F21:F23) -> 392 | G24: =SUM(G21:G23) -> 901 | H24: =SUM(H21:H23) -> 0 | I24: =SUM(I21:I23) -> 80 | ... W24: =SUM(W21:W23) -> 27400

Sheet By Week & House
A1: Tissue Harvested by Week and Slaughterhouse (units)
D2: 666501 | E2: 666502 | F2: 666505 | G2: 666506 | H2: 666507 | I2: 666509 | J2: 666510 | K2: 666511 | L2: 666513 | M2: 666516 | N2: 666517 | O2: 666518 | P2: 666519 | Q2: 666521 | R2: 666522 | S2: 666523 | T2: 666530 | U2: 666531 | V2: 666540 | W2: 666541 | X2: 666536
A3: Week | B3: Week Start | C3: Slaughterhouse | D3: Aorta | E3: Bariatric | F3: Liver | G3: Pelvic Block Non-Intact | H3: Full Body | I3: Jejunum 6' | J3: Jejunum 2' | K3: Kidney | L3: Liver w/GB | M3: Omentum | N3: Pancreas | O3: Pelvic Block SM Intact | P3: Spleen | Q3: Hearts | R3: Ureters | S3: Vena Cava | T3: Stomach | U3: Diaphragms | V3: Male Pelvic | W3: Female Pelvic | X3: XL Hearts | Y3: Row Total
A4: 12_29_25 | B4: 46020 | C4: Nahunta | D4: =SUMIFS('Harvest Detail'!$J$2:$J$1093,'Harvest Detail'!$A$2:$A$1093,$A4,'Harvest Detail'!$G$2:$G$1093,$C4,'Harvest Detail'!$I$2:$I$1093,D$3) -> 27 | E4: =SUMIFS('Harvest Detail'!$J$2:$J$1093,'Harvest Detail'!$A$2:$A$1093,$A4,'Harvest Detail'!$G$2:$G$1093,$C4,'Harvest Detail'!$I$2:$I$1093,E$3) -> 0 | F4: =SUMIFS('Harvest Detail'!$J$2:$J$1093,'Harvest Detail'!$A$2:$A$1093,$A4,'Harvest Detail'!$G$2:$G$1093,$C4,'Harvest Detail'!$I$2:$I$1093,F$3) -> 20 | G4: =SUMIFS('Harvest Detail'!$J$2:$J$1093,'Harvest Detail'!$A$2:$A$1093,$A4,'Harvest Detail'!$G$2:$G$1093,$C4,'Harvest Detail'!$I$2:$I$1093,G$3) -> 0 | H4: =SUMIFS('Harvest Detail'!$J$2:$J$1093,'Harvest Detail'!$A$2:$A$1093,$A4,'Harvest Detail'!$G$2:$G$1093,$C4,'Harvest Detail'!$I$2:$I$1093,H$3) -> 19 | I4: =SUMIFS('Harvest Detail'!$J$2:$J$1093,'Harvest Detail'!$A$2:$A$1093,$A4,'Harvest Detail'!$G$2:$G$1093,$C4,'Harvest Detail'!$I$2:$I$1093,I$3) -> 23 | J4: =SUMIFS('Harvest Detail'!$J$2:$J$1093,'Harvest Detail'!$A$2:$A$1093,$A4,'Harvest Detail'!$G$2:$G$1093,$C4,'Harvest Detail'!$I$2:$I$1093,J$3) -> 0 | K4: =SUMIFS('Harvest Detail'!$J$2:$J$1093,'Harvest Detail'!$A$2:$A$1093,$A4,'Harvest Detail'!$G$2:$G$1093,$C4,'Harvest Detail'!$I$2:$I$1093,K$3) -> 0 | ... X4: =SUMIFS('Harvest Detail'!$J$2:$J$1093,'Harvest Detail'!$A$2:$A$1093,$A4,'Harvest Detail'!$G$2:$G$1093,$C4,'Harvest Detail'!$I$2:$I$1093,X$3) -> 1 | Y4: =SUM(D4:X4) -> 299
A5: 12_29_25 | B5: 46020 | C5: Martin | D5: =SUMIFS('Harvest Detail'!$J$2:$J$1093,'Harvest Detail'!$A$2:$A$1093,$A5,'Harvest Detail'!$G$2:$G$1093,$C5,'Harvest Detail'!$I$2:$I$1093,D$3) -> 150 | E5: =SUMIFS('Harvest Detail'!$J$2:$J$1093,'Harvest Detail'!$A$2:$A$1093,$A5,'Harvest Detail'!$G$2:$G$1093,$C5,'Harvest Detail'!$I$2:$I$1093,E$3) -> 35 | F5: =SUMIFS('Harvest Detail'!$J$2:$J$1093,'Harvest Detail'!$A$2:$A$1093,$A5,'Harvest Detail'!$G$2:$G$1093,$C5,'Harvest Detail'!$I$2:$I$1093,F$3) -> 0 | G5: =SUMIFS('Harvest Detail'!$J$2:$J$1093,'Harvest Detail'!$A$2:$A$1093,$A5,'Harvest Detail'!$G$2:$G$1093,$C5,'Harvest Detail'!$I$2:$I$1093,G$3) -> 0 | H5: =SUMIFS('Harvest Detail'!$J$2:$J$1093,'Harvest Detail'!$A$2:$A$1093,$A5,'Harvest Detail'!$G$2:$G$1093,$C5,'Harvest Detail'!$I$2:$I$1093,H$3) -> 0 | I5: =SUMIFS('Harvest Detail'!$J$2:$J$1093,'Harvest Detail'!$A$2:$A$1093,$A5,'Harvest Detail'!$G$2:$G$1093,$C5,'Harvest Detail'!$I$2:$I$1093,I$3) -> 0 | J5: =SUMIFS('Harvest Detail'!$J$2:$J$1093,'Harvest Detail'!$A$2:$A$1093,$A5,'Harvest Detail'!$G$2:$G$1093,$C5,'Harvest Detail'!$I$2:$I$1093,J$3) -> 0 | K5: =SUMIFS('Harvest Detail'!$J$2:$J$1093,'Harvest Detail'!$A$2:$A$1093,$A5,'Harvest Detail'!$G$2:$G$1093,$C5,'Harvest Detail'!$I$2:$I$1093,K$3) -> 0 | ... X5: =SUMIFS('Harvest Detail'!$J$2:$J$1093,'Harvest Detail'!$A$2:$A$1093,$A5,'Harvest Detail'!$G$2:$G$1093,$C5,'Harvest Detail'!$I$2:$I$1093,X$3) -> 0 | Y5: =SUM(D5:X5) -> 591
A6: 12_29_25 | B6: 46020 | C6: Custom | D6: =SUMIFS('Harvest Detail'!$J$2:$J$1093,'Harvest Detail'!$A$2:$A$1093,$A6,'Harvest Detail'!$G$2:$G$1093,$C6,'Harvest Detail'!$I$2:$I$1093,D$3) -> 0 | E6: =SUMIFS('Harvest Detail'!$J$2:$J$1093,'Harvest Detail'!$A$2:$A$1093,$A6,'Harvest Detail'!$G$2:$G$1093,$C6,'Harvest Detail'!$I$2:$I$1093,E$3) -> 0 | F6: =SUMIFS('Harvest Detail'!$J$2:$J$1093,'Harvest Detail'!$A$2:$A$1093,$A6,'Harvest Detail'!$G$2:$G$1093,$C6,'Harvest Detail'!$I$2:$I$1093,F$3) -> 0 | G6: =SUMIFS('Harvest Detail'!$J$2:$J$1093,'Harvest Detail'!$A$2:$A$1093,$A6,'Harvest Detail'!$G$2:$G$1093,$C6,'Harvest Detail'!$I$2:$I$1093,G$3) -> 0 | H6: =SUMIFS('Harvest Detail'!$J$2:$J$1093,'Harvest Detail'!$A$2:$A$1093,$A6,'Harvest Detail'!$G$2:$G$1093,$C6,'Harvest Detail'!$I$2:$I$1093,H$3) -> 0 | I6: =SUMIFS('Harvest Detail'!$J$2:$J$1093,'Harvest Detail'!$A$2:$A$1093,$A6,'Harvest Detail'!$G$2:$G$1093,$C6,'Harvest Detail'!$I$2:$I$1093,I$3) -> 0 | J6: =SUMIFS('Harvest Detail'!$J$2:$J$1093,'Harvest Detail'!$A$2:$A$1093,$A6,'Harvest Detail'!$G$2:$G$1093,$C6,'Harvest Detail'!$I$2:$I$1093,J$3) -> 0 | K6: =SUMIFS('Harvest Detail'!$J$2:$J$1093,'Harvest Detail'!$A$2:$A$1093,$A6,'Harvest Detail'!$G$2:$G$1093,$C6,'Harvest Detail'!$I$2:$I$1093,K$3) -> 0 | ... X6: =SUMIFS('Harvest Detail'!$J$2:$J$1093,'Harvest Detail'!$A$2:$A$1093,$A6,'Harvest Detail'!$G$2:$G$1093,$C6,'Harvest Detail'!$I$2:$I$1093,X$3) -> 0 | Y6: =SUM(D6:X6) -> 0
A7: 01_05_26 | B7: 46027 | C7: Nahunta | D7: =SUMIFS('Harvest Detail'!$J$2:$J$1093,'Harvest Detail'!$A$2:$A$1093,$A7,'Harvest Detail'!$G$2:$G$1093,$C7,'Harvest Detail'!$I$2:$I$1093,D$3) -> 6 | E7: =SUMIFS('Harvest Detail'!$J$2:$J$1093,'Harvest Detail'!$A$2:$A$1093,$A7,'Harvest Detail'!$G$2:$G$1093,$C7,'Harvest Detail'!$I$2:$I$1093,E$3) -> 0 | F7: =SUMIFS('Harvest Detail'!$J$2:$J$1093,'Harvest Detail'!$A$2:$A$1093,$A7,'Harvest Detail'!$G$2:$G$1093,$C7,'Harvest Detail'!$I$2:$I$1093,F$3) -> 0 | G7: =SUMIFS('Harvest Detail'!$J$2:$J$1093,'Harvest Detail'!$A$2:$A$1093,$A7,'Harvest Detail'!$G$2:$G$1093,$C7,'Harvest Detail'!$I$2:$I$1093,G$3) -> 0 | H7: =SUMIFS('Harvest Detail'!$J$2:$J$1093,'Harvest Detail'!$A$2:$A$1093,$A7,'Harvest Detail'!$G$2:$G$1093,$C7,'Harvest Detail'!$I$2:$I$1093,H$3) -> 41 | I7: =SUMIFS('Harvest Detail'!$J$2:$J$1093,'Harvest Detail'!$A$2:$A$1093,$A7,'Harvest Detail'!$G$2:$G$1093,$C7,'Harvest Detail'!$I$2:$I$1093,I$3) -> 83 | J7: =SUMIFS('Harvest Detail'!$J$2:$J$1093,'Harvest Detail'!$A$2:$A$1093,$A7,'Harvest Detail'!$G$2:$G$1093,$C7,'Harvest Detail'!$I$2:$I$1093,J$3) -> 0 | K7: =SUMIFS('Harvest Detail'!$J$2:$J$1093,'Harvest Detail'!$A$2:$A$1093,$A7,'Harvest Detail'!$G$2:$G$1093,$C7,'Harvest Detail'!$I$2:$I$1093,K$3) -> 6 | ... X7: =SUMIFS('Harvest Detail'!$J$2:$J$1093,'Harvest Detail'!$A$2:$A$1093,$A7,'Harvest Detail'!$G$2:$G$1093,$C7,'Harvest Detail'!$I$2:$I$1093,X$3) -> 14 | Y7: =SUM(D7:X7) -> 217
A8: 01_05_26 | B8: 46027 | C8: Martin | D8: =SUMIFS('Harvest Detail'!$J$2:$J$1093,'Harvest Detail'!$A$2:$A$1093,$A8,'Harvest Detail'!$G$2:$G$1093,$C8,'Harvest Detail'!$I$2:$I$1093,D$3) -> 150 | E8: =SUMIFS('Harvest Detail'!$J$2:$J$1093,'Harvest Detail'!$A$2:$A$1093,$A8,'Harvest Detail'!$G$2:$G$1093,$C8,'Harvest Detail'!$I$2:$I$1093,E$3) -> 115 | F8: =SUMIFS('Harvest Detail'!$J$2:$J$1093,'Harvest Detail'!$A$2:$A$1093,$A8,'Harvest Detail'!$G$2:$G$1093,$C8,'Harvest Detail'!$I$2:$I$1093,F$3) -> 0 | G8: =SUMIFS('Harvest Detail'!$J$2:$J$1093,'Harvest Detail'!$A$2:$A$1093,$A8,'Harvest Detail'!$G$2:$G$1093,$C8,'Harvest Detail'!$I$2:$I$1093,G$3) -> 200 | H8: =SUMIFS('Harvest Detail'!$J$2:$J$1093,'Harvest Detail'!$A$2:$A$1093,$A8,'Harvest Detail'!$G$2:$G$1093,$C8,'Harvest Detail'!$I$2:$I$1093,H$3) -> 0 | I8: =SUMIFS('Harvest Detail'!$J$2:$J$1093,'Harvest Detail'!$A$2:$A$1093,$A8,'Harvest Detail'!$G$2:$G$1093,$C8,'Harvest Detail'!$I$2:$I$1093,I$3) -> 0 | J8: =SUMIFS('Harvest Detail'!$J$2:$J$1093,'Harvest Detail'!$A$2:$A$1093,$A8,'Harvest Detail'!$G$2:$G$1093,$C8,'Harvest Detail'!$I$2:$I$1093,J$3) -> 0 | K8: =SUMIFS('Harvest Detail'!$J$2:$J$1093,'Harvest Detail'!$A$2:$A$1093,$A8,'Harvest Detail'!$G$2:$G$1093,$C8,'Harvest Detail'!$I$2:$I$1093,K$3) -> 0 | ... X8: =SUMIFS('Harvest Detail'!$J$2:$J$1093,'Harvest Detail'!$A$2:$A$1093,$A8,'Harvest Detail'!$G$2:$G$1093,$C8,'Harvest Detail'!$I$2:$I$1093,X$3) -> 0 | Y8: =SUM(D8:X8) -> 688
A9: 01_05_26 | B9: 46027 | C9: Custom | D9: =SUMIFS('Harvest Detail'!$J$2:$J$1093,'Harvest Detail'!$A$2:$A$1093,$A9,'Harvest Detail'!$G$2:$G$1093,$C9,'Harvest Detail'!$I$2:$I$1093,D$3) -> 0 | E9: =SUMIFS('Harvest Detail'!$J$2:$J$1093,'Harvest Detail'!$A$2:$A$1093,$A9,'Harvest Detail'!$G$2:$G$1093,$C9,'Harvest Detail'!$I$2:$I$1093,E$3) -> 0 | F9: =SUMIFS('Harvest Detail'!$J$2:$J$1093,'Harvest Detail'!$A$2:$A$1093,$A9,'Harvest Detail'!$G$2:$G$1093,$C9,'Harvest Detail'!$I$2:$I$1093,F$3) -> 0 | G9: =SUMIFS('Harvest Detail'!$J$2:$J$1093,'Harvest Detail'!$A$2:$A$1093,$A9,'Harvest Detail'!$G$2:$G$1093,$C9,'Harvest Detail'!$I$2:$I$1093,G$3) -> 0 | H9: =SUMIFS('Harvest Detail'!$J$2:$J$1093,'Harvest Detail'!$A$2:$A$1093,$A9,'Harvest Detail'!$G$2:$G$1093,$C9,'Harvest Detail'!$I$2:$I$1093,H$3) -> 0 | I9: =SUMIFS('Harvest Detail'!$J$2:$J$1093,'Harvest Detail'!$A$2:$A$1093,$A9,'Harvest Detail'!$G$2:$G$1093,$C9,'Harvest Detail'!$I$2:$I$1093,I$3) -> 0 | J9: =SUMIFS('Harvest Detail'!$J$2:$J$1093,'Harvest Detail'!$A$2:$A$1093,$A9,'Harvest Detail'!$G$2:$G$1093,$C9,'Harvest Detail'!$I$2:$I$1093,J$3) -> 0 | K9: =SUMIFS('Harvest Detail'!$J$2:$J$1093,'Harvest Detail'!$A$2:$A$1093,$A9,'Harvest Detail'!$G$2:$G$1093,$C9,'Harvest Detail'!$I$2:$I$1093,K$3) -> 0 | ... X9: =SUMIFS('Harvest Detail'!$J$2:$J$1093,'Harvest Detail'!$A$2:$A$1093,$A9,'Harvest Detail'!$G$2:$G$1093,$C9,'Harvest Detail'!$I$2:$I$1093,X$3) -> 0 | Y9: =SUM(D9:X9) -> 0
A10: 1_12_26 | B10: 46034 | C10: Nahunta | D10: =SUMIFS('Harvest Detail'!$J$2:$J$1093,'Harvest Detail'!$A$2:$A$1093,$A10,'Harvest Detail'!$G$2:$G$1093,$C10,'Harvest Detail'!$I$2:$I$1093,D$3) -> 0 | E10: =SUMIFS('Harvest Detail'!$J$2:$J$1093,'Harvest Detail'!$A$2:$A$1093,$A10,'Harvest Detail'!$G$2:$G$1093,$C10,'Harvest Detail'!$I$2:$I$1093,E$3) -> 0 | F10: =SUMIFS('Harvest Detail'!$J$2:$J$1093,'Harvest Detail'!$A$2:$A$1093,$A10,'Harvest Detail'!$G$2:$G$1093,$C10,'Harvest Detail'!$I$2:$I$1093,F$3) -> 19 | G10: =SUMIFS('Harvest Detail'!$J$2:$J$1093,'Harvest Detail'!$A$2:$A$1093,$A10,'Harvest Detail'!$G$2:$G$1093,$C10,'Harvest Detail'!$I$2:$I$1093,G$3) -> 0 | H10: =SUMIFS('Harvest Detail'!$J$2:$J$1093,'Harvest Detail'!$A$2:$A$1093,$A10,'Harvest Detail'!$G$2:$G$1093,$C10,'Harvest Detail'!$I$2:$I$1093,H$3) -> 31 | I10: =SUMIFS('Harvest Detail'!$J$2:$J$1093,'Harvest Detail'!$A$2:$A$1093,$A10,'Harvest Detail'!$G$2:$G$1093,$C10,'Harvest Detail'!$I$2:$I$1093,I$3) -> 63 | J10: =SUMIFS('Harvest Detail'!$J$2:$J$1093,'Harvest Detail'!$A$2:$A$1093,$A10,'Harvest Detail'!$G$2:$G$1093,$C10,'Harvest Detail'!$I$2:$I$1093,J$3) -> 0 | K10: =SUMIFS('Harvest Detail'!$J$2:$J$1093,'Harvest Detail'!$A$2:$A$1093,$A10,'Harvest Detail'!$G$2:$G$1093,$C10,'Harvest Detail'!$I$2:$I$1093,K$3) -> 8 | ... X10: =SUMIFS('Harvest Detail'!$J$2:$J$1093,'Harvest Detail'!$A$2:$A$1093,$A10,'Harvest Detail'!$G$2:$G$1093,$C10,'Harvest Detail'!$I$2:$I$1093,X$3) -> 2 | Y10: =SUM(D10:X10) -> 354
A11: 1_12_26 | B11: 46034 | C11: Martin | D11: =SUMIFS('Harvest Detail'!$J$2:$J$1093,'Harvest Detail'!$A$2:$A$1093,$A11,'Harvest Detail'!$G$2:$G$1093,$C11,'Harvest Detail'!$I$2:$I$1093,D$3) -> 0 | E11: =SUMIFS('Harvest Detail'!$J$2:$J$1093,'Harvest Detail'!$A$2:$A$1093,$A11,'Harvest Detail'!$G$2:$G$1093,$C11,'Harvest Detail'!$I$2:$I$1093,E$3) -> 142 | F11: =SUMIFS('Harvest Detail'!$J$2:$J$1093,'Harvest Detail'!$A$2:$A$1093,$A11,'Harvest Detail'!$G$2:$G$1093,$C11,'Harvest Detail'!$I$2:$I$1093,F$3) -> 0 | G11: =SUMIFS('Harvest Detail'!$J$2:$J$1093,'Harvest Detail'!$A$2:$A$1093,$A11,'Harvest Detail'!$G$2:$G$1093,$C11,'Harvest Detail'!$I$2:$I$1093,G$3) -> 8 | H11: =SUMIFS('Harvest Detail'!$J$2:$J$1093,'Harvest Detail'!$A$2:$A$1093,$A11,'Harvest Detail'!$G$2:$G$1093,$C11,'Harvest Detail'!$I$2:$I$1093,H$3) -> 0 | I11: =SUMIFS('Harvest Detail'!$J$2:$J$1093,'Harvest Detail'!$A$2:$A$1093,$A11,'Harvest Detail'!$G$2:$G$1093,$C11,'Harvest Detail'!$I$2:$I$1093,I$3) -> 0 | J11: =SUMIFS('Harvest Detail'!$J$2:$J$1093,'Harvest Detail'!$A$2:$A$1093,$A11,'Harvest Detail'!$G$2:$G$1093,$C11,'Harvest Detail'!$I$2:$I$1093,J$3) -> 0 | K11: =SUMIFS('Harvest Detail'!$J$2:$J$1093,'Harvest Detail'!$A$2:$A$1093,$A11,'Harvest Detail'!$G$2:$G$1093,$C11,'Harvest Detail'!$I$2:$I$1093,K$3) -> 0 | ... X11: =SUMIFS('Harvest Detail'!$J$2:$J$1093,'Harvest Detail'!$A$2:$A$1093,$A11,'Harvest Detail'!$G$2:$G$1093,$C11,'Harvest Detail'!$I$2:$I$1093,X$3) -> 0 | Y11: =SUM(D11:X11) -> 616
A12: 1_12_26 | B12: 46034 | C12: Custom | D12: =SUMIFS('Harvest Detail'!$J$2:$J$1093,'Harvest Detail'!$A$2:$A$1093,$A12,'Harvest Detail'!$G$2:$G$1093,$C12,'Harvest Detail'!$I$2:$I$1093,D$3) -> 0 | E12: =SUMIFS('Harvest Detail'!$J$2:$J$1093,'Harvest Detail'!$A$2:$A$1093,$A12,'Harvest Detail'!$G$2:$G$1093,$C12,'Harvest Detail'!$I$2:$I$1093,E$3) -> 0 | F12: =SUMIFS('Harvest Detail'!$J$2:$J$1093,'Harvest Detail'!$A$2:$A$1093,$A12,'Harvest Detail'!$G$2:$G$1093,$C12,'Harvest Detail'!$I$2:$I$1093,F$3) -> 41 | G12: =SUMIFS('Harvest Detail'!$J$2:$J$1093,'Harvest Detail'!$A$2:$A$1093,$A12,'Harvest Detail'!$G$2:$G$1093,$C12,'Harvest Detail'!$I$2:$I$1093,G$3) -> 0 | H12: =SUMIFS('Harvest Detail'!$J$2:$J$1093,'Harvest Detail'!$A$2:$A$1093,$A12,'Harvest Detail'!$G$2:$G$1093,$C12,'Harvest Detail'!$I$2:$I$1093,H$3) -> 0 | I12: =SUMIFS('Harvest Detail'!$J$2:$J$1093,'Harvest Detail'!$A$2:$A$1093,$A12,'Harvest Detail'!$G$2:$G$1093,$C12,'Harvest Detail'!$I$2:$I$1093,I$3) -> 0 | J12: =SUMIFS('Harvest Detail'!$J$2:$J$1093,'Harvest Detail'!$A$2:$A$1093,$A12,'Harvest Detail'!$G$2:$G$1093,$C12,'Harvest Detail'!$I$2:$I$1093,J$3) -> 0 | K12: =SUMIFS('Harvest Detail'!$J$2:$J$1093,'Harvest Detail'!$A$2:$A$1093,$A12,'Harvest Detail'!$G$2:$G$1093,$C12,'Harvest Detail'!$I$2:$I$1093,K$3) -> 0 | ... X12: =SUMIFS('Harvest Detail'!$J$2:$J$1093,'Harvest Detail'!$A$2:$A$1093,$A12,'Harvest Detail'!$G$2:$G$1093,$C12,'Harvest Detail'!$I$2:$I$1093,X$3) -> 0 | Y12: =SUM(D12:X12) -> 122
A13: 1_19_26 | B13: 46041 | C13: Nahunta | D13: =SUMIFS('Harvest Detail'!$J$2:$J$1093,'Harvest Detail'!$A$2:$A$1093,$A13,'Harvest Detail'!$G$2:$G$1093,$C13,'Harvest Detail'!$I$2:$I$1093,D$3) -> 0 | E13: =SUMIFS('Harvest Detail'!$J$2:$J$1093,'Harvest Detail'!$A$2:$A$1093,$A13,'Harvest Detail'!$G$2:$G$1093,$C13,'Harvest Detail'!$I$2:$I$1093,E$3) -> 0 | F13: =SUMIFS('Harvest Detail'!$J$2:$J$1093,'Harvest Detail'!$A$2:$A$1093,$A13,'Harvest Detail'!$G$2:$G$1093,$C13,'Harvest Detail'!$I$2:$I$1093,F$3) -> 0 | G13: =SUMIFS('Harvest Detail'!$J$2:$J$1093,'Harvest Detail'!$A$2:$A$1093,$A13,'Harvest Detail'!$G$2:$G$1093,$C13,'Harvest Detail'!$I$2:$I$1093,G$3) -> 0 | H13: =SUMIFS('Harvest Detail'!$J$2:$J$1093,'Harvest Detail'!$A$2:$A$1093,$A13,'Harvest Detail'!$G$2:$G$1093,$C13,'Harvest Detail'!$I$2:$I$1093,H$3) -> 17 | I13: =SUMIFS('Harvest Detail'!$J$2:$J$1093,'Harvest Detail'!$A$2:$A$1093,$A13,'Harvest Detail'!$G$2:$G$1093,$C13,'Harvest Detail'!$I$2:$I$1093,I$3) -> 22 | J13: =SUMIFS('Harvest Detail'!$J$2:$J$1093,'Harvest Detail'!$A$2:$A$1093,$A13,'Harvest Detail'!$G$2:$G$1093,$C13,'Harvest Detail'!$I$2:$I$1093,J$3) -> 0 | K13: =SUMIFS('Harvest Detail'!$J$2:$J$1093,'Harvest Detail'!$A$2:$A$1093,$A13,'Harvest Detail'!$G$2:$G$1093,$C13,'Harvest Detail'!$I$2:$I$1093,K$3) -> 0 | ... X13: =SUMIFS('Harvest Detail'!$J$2:$J$1093,'Harvest Detail'!$A$2:$A$1093,$A13,'Harvest Detail'!$G$2:$G$1093,$C13,'Harvest Detail'!$I$2:$I$1093,X$3) -> 0 | Y13: =SUM(D13:X13) -> 54
A14: 1_19_26 | B14: 46041 | C14: Martin | D14: =SUMIFS('Harvest Detail'!$J$2:$J$1093,'Harvest Detail'!$A$2:$A$1093,$A14,'Harvest Detail'!$G$2:$G$1093,$C14,'Harvest Detail'!$I$2:$I$1093,D$3) -> 0 | E14: =SUMIFS('Harvest Detail'!$J$2:$J$1093,'Harvest Detail'!$A$2:$A$1093,$A14,'Harvest Detail'!$G$2:$G$1093,$C14,'Harvest Detail'!$I$2:$I$1093,E$3) -> 121 | F14: =SUMIFS('Harvest Detail'!$J$2:$J$1093,'Harvest Detail'!$A$2:$A$1093,$A14,'Harvest Detail'!$G$2:$G$1093,$C14,'Harvest Detail'!$I$2:$I$1093,F$3) -> 0 | G14: =SUMIFS('Harvest Detail'!$J$2:$J$1093,'Harvest Detail'!$A$2:$A$1093,$A14,'Harvest Detail'!$G$2:$G$1093,$C14,'Harvest Detail'!$I$2:$I$1093,G$3) -> 27 | H14: =SUMIFS('Harvest Detail'!$J$2:$J$1093,'Harvest Detail'!$A$2:$A$1093,$A14,'Harvest Detail'!$G$2:$G$1093,$C14,'Harvest Detail'!$I$2:$I$1093,H$3) -> 0 | I14: =SUMIFS('Harvest Detail'!$J$2:$J$1093,'Harvest Detail'!$A$2:$A$1093,$A14,'Harvest Detail'!$G$2:$G$1093,$C14,'Harvest Detail'!$I$2:$I$1093,I$3) -> 0 | J14: =SUMIFS('Harvest Detail'!$J$2:$J$1093,'Harvest Detail'!$A$2:$A$1093,$A14,'Harvest Detail'!$G$2:$G$1093,$C14,'Harvest Detail'!$I$2:$I$1093,J$3) -> 0 | K14: =SUMIFS('Harvest Detail'!$J$2:$J$1093,'Harvest Detail'!$A$2:$A$1093,$A14,'Harvest Detail'!$G$2:$G$1093,$C14,'Harvest Detail'!$I$2:$I$1093,K$3) -> 0 | ... X14: =SUMIFS('Harvest Detail'!$J$2:$J$1093,'Harvest Detail'!$A$2:$A$1093,$A14,'Harvest Detail'!$G$2:$G$1093,$C14,'Harvest Detail'!$I$2:$I$1093,X$3) -> 0 | Y14: =SUM(D14:X14) -> 289
A15: 1_19_26 | B15: 46041 | C15: Custom | D15: =SUMIFS('Harvest Detail'!$J$2:$J$1093,'Harvest Detail'!$A$2:$A$1093,$A15,'Harvest Detail'!$G$2:$G$1093,$C15,'Harvest Detail'!$I$2:$I$1093,D$3) -> 0 | E15: =SUMIFS('Harvest Detail'!$J$2:$J$1093,'Harvest Detail'!$A$2:$A$1093,$A15,'Harvest Detail'!$G$2:$G$1093,$C15,'Harvest Detail'!$I$2:$I$1093,E$3) -> 28 | F15: =SUMIFS('Harvest Detail'!$J$2:$J$1093,'Harvest Detail'!$A$2:$A$1093,$A15,'Harvest Detail'!$G$2:$G$1093,$C15,'Harvest Detail'!$I$2:$I$1093,F$3) -> 0 | G15: =SUMIFS('Harvest Detail'!$J$2:$J$1093,'Harvest Detail'!$A$2:$A$1093,$A15,'Harvest Detail'!$G$2:$G$1093,$C15,'Harvest Detail'!$I$2:$I$1093,G$3) -> 0 | H15: =SUMIFS('Harvest Detail'!$J$2:$J$1093,'Harvest Detail'!$A$2:$A$1093,$A15,'Harvest Detail'!$G$2:$G$1093,$C15,'Harvest Detail'!$I$2:$I$1093,H$3) -> 0 | I15: =SUMIFS('Harvest Detail'!$J$2:$J$1093,'Harvest Detail'!$A$2:$A$1093,$A15,'Harvest Detail'!$G$2:$G$1093,$C15,'Harvest Detail'!$I$2:$I$1093,I$3) -> 0 | J15: =SUMIFS('Harvest Detail'!$J$2:$J$1093,'Harvest Detail'!$A$2:$A$1093,$A15,'Harvest Detail'!$G$2:$G$1093,$C15,'Harvest Detail'!$I$2:$I$1093,J$3) -> 0 | K15: =SUMIFS('Harvest Detail'!$J$2:$J$1093,'Harvest Detail'!$A$2:$A$1093,$A15,'Harvest Detail'!$G$2:$G$1093,$C15,'Harvest Detail'!$I$2:$I$1093,K$3) -> 0 | ... X15: =SUMIFS('Harvest Detail'!$J$2:$J$1093,'Harvest Detail'!$A$2:$A$1093,$A15,'Harvest Detail'!$G$2:$G$1093,$C15,'Harvest Detail'!$I$2:$I$1093,X$3) -> 0 | Y15: =SUM(D15:X15) -> 48
... A78: 06_15_26 | B78: 46188 | C78: Custom | D78: =SUMIFS('Harvest Detail'!$J$2:$J$1093,'Harvest Detail'!$A$2:$A$1093,$A78,'Harvest Detail'!$G$2:$G$1093,$C78,'Harvest Detail'!$I$2:$I$1093,D$3) -> 18 | E78: =SUMIFS('Harvest Detail'!$J$2:$J$1093,'Harvest Detail'!$A$2:$A$1093,$A78,'Harvest Detail'!$G$2:$G$1093,$C78,'Harvest Detail'!$I$2:$I$1093,E$3) -> 45 | F78: =SUMIFS('Harvest Detail'!$J$2:$J$1093,'Harvest Detail'!$A$2:$A$1093,$A78,'Harvest Detail'!$G$2:$G$1093,$C78,'Harvest Detail'!$I$2:$I$1093,F$3) -> 27 | G78: =SUMIFS('Harvest Detail'!$J$2:$J$1093,'Harvest Detail'!$A$2:$A$1093,$A78,'Harvest Detail'!$G$2:$G$1093,$C78,'Harvest Detail'!$I$2:$I$1093,G$3) -> 0 | H78: =SUMIFS('Harvest Detail'!$J$2:$J$1093,'Harvest Detail'!$A$2:$A$1093,$A78,'Harvest Detail'!$G$2:$G$1093,$C78,'Harvest Detail'!$I$2:$I$1093,H$3) -> 0 | I78: =SUMIFS('Harvest Detail'!$J$2:$J$1093,'Harvest Detail'!$A$2:$A$1093,$A78,'Harvest Detail'!$G$2:$G$1093,$C78,'Harvest Detail'!$I$2:$I$1093,I$3) -> 0 | J78: =SUMIFS('Harvest Detail'!$J$2:$J$1093,'Harvest Detail'!$A$2:$A$1093,$A78,'Harvest Detail'!$G$2:$G$1093,$C78,'Harvest Detail'!$I$2:$I$1093,J$3) -> 0 | K78: =SUMIFS('Harvest Detail'!$J$2:$J$1093,'Harvest Detail'!$A$2:$A$1093,$A78,'Harvest Detail'!$G$2:$G$1093,$C78,'Harvest Detail'!$I$2:$I$1093,K$3) -> 0 | ... X78: =SUMIFS('Harvest Detail'!$J$2:$J$1093,'Harvest Detail'!$A$2:$A$1093,$A78,'Harvest Detail'!$G$2:$G$1093,$C78,'Harvest Detail'!$I$2:$I$1093,X$3) -> 0 | Y78: =SUM(D78:X78) -> 331
A79: TOTAL | D79: =SUBTOTAL(109,D4:D78) -> 6209 | E79: =SUBTOTAL(109,E4:E78) -> 3952 | F79: =SUBTOTAL(109,F4:F78) -> 688 | G79: =SUBTOTAL(109,G4:G78) -> 1865 | H79: =SUBTOTAL(109,H4:H78) -> 392 | I79: =SUBTOTAL(109,I4:I78) -> 901 | J79: =SUBTOTAL(109,J4:J78) -> 0 | K79: =SUBTOTAL(109,K4:K78) -> 80 | ... Y79: =SUBTOTAL(109,Y4:Y78) -> 27400

Sheet Over Time
A1: Harvest Over Time, by Tissue (units)
A3: WEEKLY harvested per tissue
A4: Part Number | B4: Tissue | C4: 12_29_25 | D4: 01_05_26 | E4: 1_12_26 | F4: 1_19_26 | G4: 1_26_26 | H4: 02_02_26 | I4: 02_09_26 | J4: 02_16_26 | K4: 02_23_26 | L4: 03_02_26 | M4: 03_09_26 | N4: 03_16_26 | O4: 03_23_26 | P4: 03_30_26 | Q4: 04_06_26 | R4: 04_13_26 | S4: 04_20_26 | T4: 04_27_26 | U4: 05_04_26 | V4: 05_11_26 | W4: 05_18_26 | X4: 05_25_26 | Y4: 06_01_26 | Z4: 06_08_26 | AA4: 06_15_26 | AB4: Total
B5: Week start → | C5: 46020 | D5: 46027 | E5: 46034 | F5: 46041 | G5: 46048 | H5: 46055 | I5: 46062 | J5: 46069 | K5: 46076 | L5: 46083 | M5: 46090 | N5: 46097 | O5: 46104 | P5: 46111 | Q5: 46118 | R5: 46125 | S5: 46132 | T5: 46139 | U5: 46146 | V5: 46153 | W5: 46160 | X5: 46167 | Y5: 46174 | Z5: 46181 | AA5: 46188
A6: 666501 | B6: Aorta | C6: =SUMIFS('Harvest Detail'!$J$2:$J$1093,'Harvest Detail'!$I$2:$I$1093,$B6,'Harvest Detail'!$A$2:$A$1093,C$4) -> 177 | D6: =SUMIFS('Harvest Detail'!$J$2:$J$1093,'Harvest Detail'!$I$2:$I$1093,$B6,'Harvest Detail'!$A$2:$A$1093,D$4) -> 156 | E6: =SUMIFS('Harvest Detail'!$J$2:$J$1093,'Harvest Detail'!$I$2:$I$1093,$B6,'Harvest Detail'!$A$2:$A$1093,E$4) -> 0 | F6: =SUMIFS('Harvest Detail'!$J$2:$J$1093,'Harvest Detail'!$I$2:$I$1093,$B6,'Harvest Detail'!$A$2:$A$1093,F$4) -> 0 | G6: =SUMIFS('Harvest Detail'!$J$2:$J$1093,'Harvest Detail'!$I$2:$I$1093,$B6,'Harvest Detail'!$A$2:$A$1093,G$4) -> 0 | H6: =SUMIFS('Harvest Detail'!$J$2:$J$1093,'Harvest Detail'!$I$2:$I$1093,$B6,'Harvest Detail'!$A$2:$A$1093,H$4) -> 0 | I6: =SUMIFS('Harvest Detail'!$J$2:$J$1093,'Harvest Detail'!$I$2:$I$1093,$B6,'Harvest Detail'!$A$2:$A$1093,I$4) -> 327 | J6: =SUMIFS('Harvest Detail'!$J$2:$J$1093,'Harvest Detail'!$I$2:$I$1093,$B6,'Harvest Detail'!$A$2:$A$1093,J$4) -> 180 | ... AA6: =SUMIFS('Harvest Detail'!$J$2:$J$1093,'Harvest Detail'!$I$2:$I$1093,$B6,'Harvest Detail'!$A$2:$A$1093,AA$4) -> 299 | AB6: =SUM(C6:AA6) -> 6209
A7: 666502 | B7: Bariatric | C7: =SUMIFS('Harvest Detail'!$J$2:$J$1093,'Harvest Detail'!$I$2:$I$1093,$B7,'Harvest Detail'!$A$2:$A$1093,C$4) -> 35 | D7: =SUMIFS('Harvest Detail'!$J$2:$J$1093,'Harvest Detail'!$I$2:$I$1093,$B7,'Harvest Detail'!$A$2:$A$1093,D$4) -> 115 | E7: =SUMIFS('Harvest Detail'!$J$2:$J$1093,'Harvest Detail'!$I$2:$I$1093,$B7,'Harvest Detail'!$A$2:$A$1093,E$4) -> 142 | F7: =SUMIFS('Harvest Detail'!$J$2:$J$1093,'Harvest Detail'!$I$2:$I$1093,$B7,'Harvest Detail'!$A$2:$A$1093,F$4) -> 149 | G7: =SUMIFS('Harvest Detail'!$J$2:$J$1093,'Harvest Detail'!$I$2:$I$1093,$B7,'Harvest Detail'!$A$2:$A$1093,G$4) -> 127 | H7: =SUMIFS('Harvest Detail'!$J$2:$J$1093,'Harvest Detail'!$I$2:$I$1093,$B7,'Harvest Detail'!$A$2:$A$1093,H$4) -> 164 | I7: =SUMIFS('Harvest Detail'!$J$2:$J$1093,'Harvest Detail'!$I$2:$I$1093,$B7,'Harvest Detail'!$A$2:$A$1093,I$4) -> 72 | J7: =SUMIFS('Harvest Detail'!$J$2:$J$1093,'Harvest Detail'!$I$2:$I$1093,$B7,'Harvest Detail'!$A$2:$A$1093,J$4) -> 185 | ... AA7: =SUMIFS('Harvest Detail'!$J$2:$J$1093,'Harvest Detail'!$I$2:$I$1093,$B7,'Harvest Detail'!$A$2:$A$1093,AA$4) -> 136 | AB7: =SUM(C7:AA7) -> 3952
A8: 666505 | B8: Liver | C8: =SUMIFS('Harvest Detail'!$J$2:$J$1093,'Harvest Detail'!$I$2:$I$1093,$B8,'Harvest Detail'!$A$2:$A$1093,C$4) -> 20 | D8: =SUMIFS('Harvest Detail'!$J$2:$J$1093,'Harvest Detail'!$I$2:$I$1093,$B8,'Harvest Detail'!$A$2:$A$1093,D$4) -> 0 | E8: =SUMIFS('Harvest Detail'!$J$2:$J$1093,'Harvest Detail'!$I$2:$I$1093,$B8,'Harvest Detail'!$A$2:$A$1093,E$4) -> 60 | F8: =SUMIFS('Harvest Detail'!$J$2:$J$1093,'Harvest Detail'!$I$2:$I$1093,$B8,'Harvest Detail'!$A$2:$A$1093,F$4) -> 0 | G8: =SUMIFS('Harvest Detail'!$J$2:$J$1093,'Harvest Detail'!$I$2:$I$1093,$B8,'Harvest Detail'!$A$2:$A$1093,G$4) -> 60 | H8: =SUMIFS('Harvest Detail'!$J$2:$J$1093,'Harvest Detail'!$I$2:$I$1093,$B8,'Harvest Detail'!$A$2:$A$1093,H$4) -> 0 | I8: =SUMIFS('Harvest Detail'!$J$2:$J$1093,'Harvest Detail'!$I$2:$I$1093,$B8,'Harvest Detail'!$A$2:$A$1093,I$4) -> 60 | J8: =SUMIFS('Harvest Detail'!$J$2:$J$1093,'Harvest Detail'!$I$2:$I$1093,$B8,'Harvest Detail'!$A$2:$A$1093,J$4) -> 0 | ... AA8: =SUMIFS('Harvest Detail'!$J$2:$J$1093,'Harvest Detail'!$I$2:$I$1093,$B8,'Harvest Detail'!$A$2:$A$1093,AA$4) -> 40 | AB8: =SUM(C8:AA8) -> 688
A9: 666506 | B9: Pelvic Block Non-Intact | C9: =SUMIFS('Harvest Detail'!$J$2:$J$1093,'Harvest Detail'!$I$2:$I$1093,$B9,'Harvest Detail'!$A$2:$A$1093,C$4) -> 0 | D9: =SUMIFS('Harvest Detail'!$J$2:$J$1093,'Harvest Detail'!$I$2:$I$1093,$B9,'Harvest Detail'!$A$2:$A$1093,D$4) -> 200 | E9: =SUMIFS('Harvest Detail'!$J$2:$J$1093,'Harvest Detail'!$I$2:$I$1093,$B9,'Harvest Detail'!$A$2:$A$1093,E$4) -> 8 | F9: =SUMIFS('Harvest Detail'!$J$2:$J$1093,'Harvest Detail'!$I$2:$I$1093,$B9,'Harvest Detail'!$A$2:$A$1093,F$4) -> 27 | G9: =SUMIFS('Harvest Detail'!$J$2:$J$1093,'Harvest Detail'!$I$2:$I$1093,$B9,'Harvest Detail'!$A$2:$A$1093,G$4) -> 20 | H9: =SUMIFS('Harvest Detail'!$J$2:$J$1093,'Harvest Detail'!$I$2:$I$1093,$B9,'Harvest Detail'!$A$2:$A$1093,H$4) -> 140 | I9: =SUMIFS('Harvest Detail'!$J$2:$J$1093,'Harvest Detail'!$I$2:$I$1093,$B9,'Harvest Detail'!$A$2:$A$1093,I$4) -> 23 | J9: =SUMIFS('Harvest Detail'!$J$2:$J$1093,'Harvest Detail'!$I$2:$I$1093,$B9,'Harvest Detail'!$A$2:$A$1093,J$4) -> 42 | ... AA9: =SUMIFS('Harvest Detail'!$J$2:$J$1093,'Harvest Detail'!$I$2:$I$1093,$B9,'Harvest Detail'!$A$2:$A$1093,AA$4) -> 132 | AB9: =SUM(C9:AA9) -> 1865
A10: 666507 | B10: Full Body | C10: =SUMIFS('Harvest Detail'!$J$2:$J$1093,'Harvest Detail'!$I$2:$I$1093,$B10,'Harvest Detail'!$A$2:$A$1093,C$4) -> 19 | D10: =SUMIFS('Harvest Detail'!$J$2:$J$1093,'Harvest Detail'!$I$2:$I$1093,$B10,'Harvest Detail'!$A$2:$A$1093,D$4) -> 41 | E10: =SUMIFS('Harvest Detail'!$J$2:$J$1093,'Harvest Detail'!$I$2:$I$1093,$B10,'Harvest Detail'!$A$2:$A$1093,E$4) -> 31 | F10: =SUMIFS('Harvest Detail'!$J$2:$J$1093,'Harvest Detail'!$I$2:$I$1093,$B10,'Harvest Detail'!$A$2:$A$1093,F$4) -> 17 | G10: =SUMIFS('Harvest Detail'!$J$2:$J$1093,'Harvest Detail'!$I$2:$I$1093,$B10,'Harvest Detail'!$A$2:$A$1093,G$4) -> 5 | H10: =SUMIFS('Harvest Detail'!$J$2:$J$1093,'Harvest Detail'!$I$2:$I$1093,$B10,'Harvest Detail'!$A$2:$A$1093,H$4) -> 44 | I10: =SUMIFS('Harvest Detail'!$J$2:$J$1093,'Harvest Detail'!$I$2:$I$1093,$B10,'Harvest Detail'!$A$2:$A$1093,I$4) -> 29 | J10: =SUMIFS('Harvest Detail'!$J$2:$J$1093,'Harvest Detail'!$I$2:$I$1093,$B10,'Harvest Detail'!$A$2:$A$1093,J$4) -> 13 | ... AA10: =SUMIFS('Harvest Detail'!$J$2:$J$1093,'Harvest Detail'!$I$2:$I$1093,$B10,'Harvest Detail'!$A$2:$A$1093,AA$4) -> 0 | AB10: =SUM(C10:AA10) -> 392
A11: 666509 | B11: Jejunum 6' | C11: =SUMIFS('Harvest Detail'!$J$2:$J$1093,'Harvest Detail'!$I$2:$I$1093,$B11,'Harvest Detail'!$A$2:$A$1093,C$4) -> 23 | D11: =SUMIFS('Harvest Detail'!$J$2:$J$1093,'Harvest Detail'!$I$2:$I$1093,$B11,'Harvest Detail'!$A$2:$A$1093,D$4) -> 83 | E11: =SUMIFS('Harvest Detail'!$J$2:$J$1093,'Harvest Detail'!$I$2:$I$1093,$B11,'Harvest Detail'!$A$2:$A$1093,E$4) -> 63 | F11: =SUMIFS('Harvest Detail'!$J$2:$J$1093,'Harvest Detail'!$I$2:$I$1093,$B11,'Harvest Detail'!$A$2:$A$1093,F$4) -> 22 | G11: =SUMIFS('Harvest Detail'!$J$2:$J$1093,'Harvest Detail'!$I$2:$I$1093,$B11,'Harvest Detail'!$A$2:$A$1093,G$4) -> 60 | H11: =SUMIFS('Harvest Detail'!$J$2:$J$1093,'Harvest Detail'!$I$2:$I$1093,$B11,'Harvest Detail'!$A$2:$A$1093,H$4) -> 40 | I11: =SUMIFS('Harvest Detail'!$J$2:$J$1093,'Harvest Detail'!$I$2:$I$1093,$B11,'Harvest Detail'!$A$2:$A$1093,I$4) -> 0 | J11: =SUMIFS('Harvest Detail'!$J$2:$J$1093,'Harvest Detail'!$I$2:$I$1093,$B11,'Harvest Detail'!$A$2:$A$1093,J$4) -> 0 | ... AA11: =SUMIFS('Harvest Detail'!$J$2:$J$1093,'Harvest Detail'!$I$2:$I$1093,$B11,'Harvest Detail'!$A$2:$A$1093,AA$4) -> 20 | AB11: =SUM(C11:AA11) -> 901
A12: 666510 | B12: Jejunum 2' | C12: =SUMIFS('Harvest Detail'!$J$2:$J$1093,'Harvest Detail'!$I$2:$I$1093,$B12,'Harvest Detail'!$A$2:$A$1093,C$4) -> 0 | D12: =SUMIFS('Harvest Detail'!$J$2:$J$1093,'Harvest Detail'!$I$2:$I$1093,$B12,'Harvest Detail'!$A$2:$A$1093,D$4) -> 0 | E12: =SUMIFS('Harvest Detail'!$J$2:$J$1093,'Harvest Detail'!$I$2:$I$1093,$B12,'Harvest Detail'!$A$2:$A$1093,E$4) -> 0 | F12: =SUMIFS('Harvest Detail'!$J$2:$J$1093,'Harvest Detail'!$I$2:$I$1093,$B12,'Harvest Detail'!$A$2:$A$1093,F$4) -> 0 | G12: =SUMIFS('Harvest Detail'!$J$2:$J$1093,'Harvest Detail'!$I$2:$I$1093,$B12,'Harvest Detail'!$A$2:$A$1093,G$4) -> 0 | H12: =SUMIFS('Harvest Detail'!$J$2:$J$1093,'Harvest Detail'!$I$2:$I$1093,$B12,'Harvest Detail'!$A$2:$A$1093,H$4) -> 0 | I12: =SUMIFS('Harvest Detail'!$J$2:$J$1093,'Harvest Detail'!$I$2:$I$1093,$B12,'Harvest Detail'!$A$2:$A$1093,I$4) -> 0 | J12: =SUMIFS('Harvest Detail'!$J$2:$J$1093,'Harvest Detail'!$I$2:$I$1093,$B12,'Harvest Detail'!$A$2:$A$1093,J$4) -> 0 | ... AA12: =SUMIFS('Harvest Detail'!$J$2:$J$1093,'Harvest Detail'!$I$2:$I$1093,$B12,'Harvest Detail'!$A$2:$A$1093,AA$4) -> 0 | AB12: =SUM(C12:AA12) -> 0
A13: 666511 | B13: Kidney | C13: =SUMIFS('Harvest Detail'!$J$2:$J$1093,'Harvest Detail'!$I$2:$I$1093,$B13,'Harvest Detail'!$A$2:$A$1093,C$4) -> 0 | D13: =SUMIFS('Harvest Detail'!$J$2:$J$1093,'Harvest Detail'!$I$2:$I$1093,$B13,'Harvest Detail'!$A$2:$A$1093,D$4) -> 6 | E13: =SUMIFS('Harvest Detail'!$J$2:$J$1093,'Harvest Detail'!$I$2:$I$1093,$B13,'Harvest Detail'!$A$2:$A$1093,E$4) -> 8 | F13: =SUMIFS('Harvest Detail'!$J$2:$J$1093,'Harvest Detail'!$I$2:$I$1093,$B13,'Harvest Detail'!$A$2:$A$1093,F$4) -> 0 | G13: =SUMIFS('Harvest Detail'!$J$2:$J$1093,'Harvest Detail'!$I$2:$I$1093,$B13,'Harvest Detail'!$A$2:$A$1093,G$4) -> 0 | H13: =SUMIFS('Harvest Detail'!$J$2:$J$1093,'Harvest Detail'!$I$2:$I$1093,$B13,'Harvest Detail'!$A$2:$A$1093,H$4) -> 8 | I13: =SUMIFS('Harvest Detail'!$J$2:$J$1093,'Harvest Detail'!$I$2:$I$1093,$B13,'Harvest Detail'!$A$2:$A$1093,I$4) -> 0 | J13: =SUMIFS('Harvest Detail'!$J$2:$J$1093,'Harvest Detail'!$I$2:$I$1093,$B13,'Harvest Detail'!$A$2:$A$1093,J$4) -> 8 | ... AA13: =SUMIFS('Harvest Detail'!$J$2:$J$1093,'Harvest Detail'!$I$2:$I$1093,$B13,'Harvest Detail'!$A$2:$A$1093,AA$4) -> 0 | AB13: =SUM(C13:AA13) -> 80
A14: 666513 | B14: Liver w/GB | C14: =SUMIFS('Harvest Detail'!$J$2:$J$1093,'Harvest Detail'!$I$2:$I$1093,$B14,'Harvest Detail'!$A$2:$A$1093,C$4) -> 20 | D14: =SUMIFS('Harvest Detail'!$J$2:$J$1093,'Harvest Detail'!$I$2:$I$1093,$B14,'Harvest Detail'!$A$2:$A$1093,D$4) -> 0 | E14: =SUMIFS('Harvest Detail'!$J$2:$J$1093,'Harvest Detail'!$I$2:$I$1093,$B14,'Harvest Detail'!$A$2:$A$1093,E$4) -> 0 | F14: =SUMIFS('Harvest Detail'!$J$2:$J$1093,'Harvest Detail'!$I$2:$I$1093,$B14,'Harvest Detail'!$A$2:$A$1093,F$4) -> 0 | G14: =SUMIFS('Harvest Detail'!$J$2:$J$1093,'Harvest Detail'!$I$2:$I$1093,$B14,'Harvest Detail'!$A$2:$A$1093,G$4) -> 0 | H14: =SUMIFS('Harvest Detail'!$J$2:$J$1093,'Harvest Detail'!$I$2:$I$1093,$B14,'Harvest Detail'!$A$2:$A$1093,H$4) -> 0 | I14: =SUMIFS('Harvest Detail'!$J$2:$J$1093,'Harvest Detail'!$I$2:$I$1093,$B14,'Harvest Detail'!$A$2:$A$1093,I$4) -> 0 | J14: =SUMIFS('Harvest Detail'!$J$2:$J$1093,'Harvest Detail'!$I$2:$I$1093,$B14,'Harvest Detail'!$A$2:$A$1093,J$4) -> 0 | ... AA14: =SUMIFS('Harvest Detail'!$J$2:$J$1093,'Harvest Detail'!$I$2:$I$1093,$B14,'Harvest Detail'!$A$2:$A$1093,AA$4) -> 48 | AB14: =SUM(C14:AA14) -> 212
A15: 666516 | B15: Omentum | C15: =SUMIFS('Harvest Detail'!$J$2:$J$1093,'Harvest Detail'!$I$2:$I$1093,$B15,'Harvest Detail'!$A$2:$A$1093,C$4) -> 26 | D15: =SUMIFS('Harvest Detail'!$J$2:$J$1093,'Harvest Detail'!$I$2:$I$1093,$B15,'Harvest Detail'!$A$2:$A$1093,D$4) -> 6 | E15: =SUMIFS('Harvest Detail'!$J$2:$J$1093,'Harvest Detail'!$I$2:$I$1093,$B15,'Harvest Detail'!$A$2:$A$1093,E$4) -> 24 | F15: =SUMIFS('Harvest Detail'!$J$2:$J$1093,'Harvest Detail'!$I$2:$I$1093,$B15,'Harvest Detail'!$A$2:$A$1093,F$4) -> 0 | G15: =SUMIFS('Harvest Detail'!$J$2:$J$1093,'Harvest Detail'!$I$2:$I$1093,$B15,'Harvest Detail'!$A$2:$A$1093,G$4) -> 40 | H15: =SUMIFS('Harvest Detail'!$J$2:$J$1093,'Harvest Detail'!$I$2:$I$1093,$B15,'Harvest Detail'!$A$2:$A$1093,H$4) -> 0 | I15: =SUMIFS('Harvest Detail'!$J$2:$J$1093,'Harvest Detail'!$I$2:$I$1093,$B15,'Harvest Detail'!$A$2:$A$1093,I$4) -> 14 | J15: =SUMIFS('Harvest Detail'!$J$2:$J$1093,'Harvest Detail'!$I$2:$I$1093,$B15,'Harvest Detail'!$A$2:$A$1093,J$4) -> 6 | ... AA15: =SUMIFS('Harvest Detail'!$J$2:$J$1093,'Harvest Detail'!$I$2:$I$1093,$B15,'Harvest Detail'!$A$2:$A$1093,AA$4) -> 32 | AB15: =SUM(C15:AA15) -> 602
A16: 666517 | B16: Pancreas | C16: =SUMIFS('Harvest Detail'!$J$2:$J$1093,'Harvest Detail'!$I$2:$I$1093,$B16,'Harvest Detail'!$A$2:$A$1093,C$4) -> 30 | D16: =SUMIFS('Harvest Detail'!$J$2:$J$1093,'Harvest Detail'!$I$2:$I$1093,$B16,'Harvest Detail'!$A$2:$A$1093,D$4) -> 11 | E16: =SUMIFS('Harvest Detail'!$J$2:$J$1093,'Harvest Detail'!$I$2:$I$1093,$B16,'Harvest Detail'!$A$2:$A$1093,E$4) -> 38 | F16: =SUMIFS('Harvest Detail'!$J$2:$J$1093,'Harvest Detail'!$I$2:$I$1093,$B16,'Harvest Detail'!$A$2:$A$1093,F$4) -> 0 | G16: =SUMIFS('Harvest Detail'!$J$2:$J$1093,'Harvest Detail'!$I$2:$I$1093,$B16,'Harvest Detail'!$A$2:$A$1093,G$4) -> 48 | H16: =SUMIFS('Harvest Detail'!$J$2:$J$1093,'Harvest Detail'!$I$2:$I$1093,$B16,'Harvest Detail'!$A$2:$A$1093,H$4) -> 0 | I16: =SUMIFS('Harvest Detail'!$J$2:$J$1093,'Harvest Detail'!$I$2:$I$1093,$B16,'Harvest Detail'!$A$2:$A$1093,I$4) -> 42 | J16: =SUMIFS('Harvest Detail'!$J$2:$J$1093,'Harvest Detail'!$I$2:$I$1093,$B16,'Harvest Detail'!$A$2:$A$1093,J$4) -> 0 | ... AA16: =SUMIFS('Harvest Detail'!$J$2:$J$1093,'Harvest Detail'!$I$2:$I$1093,$B16,'Harvest Detail'!$A$2:$A$1093,AA$4) -> 32 | AB16: =SUM(C16:AA16) -> 634
A17: 666518 | B17: Pelvic Block SM Intact | C17: =SUMIFS('Harvest Detail'!$J$2:$J$1093,'Harvest Detail'!$I$2:$I$1093,$B17,'Harvest Detail'!$A$2:$A$1093,C$4) -> 0 | D17: =SUMIFS('Harvest Detail'!$J$2:$J$1093,'Harvest Detail'!$I$2:$I$1093,$B17,'Harvest Detail'!$A$2:$A$1093,D$4) -> 0 | E17: =SUMIFS('Harvest Detail'!$J$2:$J$1093,'Harvest Detail'!$I$2:$I$1093,$B17,'Harvest Detail'!$A$2:$A$1093,E$4) -> 0 | F17: =SUMIFS('Harvest Detail'!$J$2:$J$1093,'Harvest Detail'!$I$2:$I$1093,$B17,'Harvest Detail'!$A$2:$A$1093,F$4) -> 0 | G17: =SUMIFS('Harvest Detail'!$J$2:$J$1093,'Harvest Detail'!$I$2:$I$1093,$B17,'Harvest Detail'!$A$2:$A$1093,G$4) -> 0 | H17: =SUMIFS('Harvest Detail'!$J$2:$J$1093,'Harvest Detail'!$I$2:$I$1093,$B17,'Harvest Detail'!$A$2:$A$1093,H$4) -> 0 | I17: =SUMIFS('Harvest Detail'!$J$2:$J$1093,'Harvest Detail'!$I$2:$I$1093,$B17,'Harvest Detail'!$A$2:$A$1093,I$4) -> 0 | J17: =SUMIFS('Harvest Detail'!$J$2:$J$1093,'Harvest Detail'!$I$2:$I$1093,$B17,'Harvest Detail'!$A$2:$A$1093,J$4) -> 0 | ... AA17: =SUMIFS('Harvest Detail'!$J$2:$J$1093,'Harvest Detail'!$I$2:$I$1093,$B17,'Harvest Detail'!$A$2:$A$1093,AA$4) -> 0 | AB17: =SUM(C17:AA17) -> 0
... A26: 666536 | B26: XL Hearts | C26: =SUMIFS('Harvest Detail'!$J$2:$J$1093,'Harvest Detail'!$I$2:$I$1093,$B26,'Harvest Detail'!$A$2:$A$1093,C$4) -> 1 | D26: =SUMIFS('Harvest Detail'!$J$2:$J$1093,'Harvest Detail'!$I$2:$I$1093,$B26,'Harvest Detail'!$A$2:$A$1093,D$4) -> 14 | E26: =SUMIFS('Harvest Detail'!$J$2:$J$1093,'Harvest Detail'!$I$2:$I$1093,$B26,'Harvest Detail'!$A$2:$A$1093,E$4) -> 2 | F26: =SUMIFS('Harvest Detail'!$J$2:$J$1093,'Harvest Detail'!$I$2:$I$1093,$B26,'Harvest Detail'!$A$2:$A$1093,F$4) -> 0 | G26: =SUMIFS('Harvest Detail'!$J$2:$J$1093,'Harvest Detail'!$I$2:$I$1093,$B26,'Harvest Detail'!$A$2:$A$1093,G$4) -> 0 | H26: =SUMIFS('Harvest Detail'!$J$2:$J$1093,'Harvest Detail'!$I$2:$I$1093,$B26,'Harvest Detail'!$A$2:$A$1093,H$4) -> 0 | I26: =SUMIFS('Harvest Detail'!$J$2:$J$1093,'Harvest Detail'!$I$2:$I$1093,$B26,'Harvest Detail'!$A$2:$A$1093,I$4) -> 0 | J26: =SUMIFS('Harvest Detail'!$J$2:$J$1093,'Harvest Detail'!$I$2:$I$1093,$B26,'Harvest Detail'!$A$2:$A$1093,J$4) -> 2 | ... AA26: =SUMIFS('Harvest Detail'!$J$2:$J$1093,'Harvest Detail'!$I$2:$I$1093,$B26,'Harvest Detail'!$A$2:$A$1093,AA$4) -> 0 | AB26: =SUM(C26:AA26) -> 140
B27: All tissues | C27: =SUM(C6:C26) -> 890 | D27: =SUM(D6:D26) -> 905 | E27: =SUM(E6:E26) -> 1092 | F27: =SUM(F6:F26) -> 391 | G27: =SUM(G6:G26) -> 1074 | H27: =SUM(H6:H26) -> 550 | I27: =SUM(I6:I26) -> 1199 | J27: =SUM(J6:J26) -> 635 | ... AB27: =SUM(AB6:AB26) -> 27400
A29: CUMULATIVE harvested per tissue (running total)
A30: Part Number | B30: Tissue | C30: 12_29_25 | D30: 01_05_26 | E30: 1_12_26 | F30: 1_19_26 | G30: 1_26_26 | H30: 02_02_26 | I30: 02_09_26 | J30: 02_16_26 | K30: 02_23_26 | L30: 03_02_26 | M30: 03_09_26 | N30: 03_16_26 | O30: 03_23_26 | P30: 03_30_26 | Q30: 04_06_26 | R30: 04_13_26 | S30: 04_20_26 | T30: 04_27_26 | U30: 05_04_26 | V30: 05_11_26 | W30: 05_18_26 | X30: 05_25_26 | Y30: 06_01_26 | Z30: 06_08_26 | AA30: 06_15_26 | AB30: Total
B31: Week start → | C31: 46020 | D31: 46027 | E31: 46034 | F31: 46041 | G31: 46048 | H31: 46055 | I31: 46062 | J31: 46069 | K31: 46076 | L31: 46083 | M31: 46090 | N31: 46097 | O31: 46104 | P31: 46111 | Q31: 46118 | R31: 46125 | S31: 46132 | T31: 46139 | U31: 46146 | V31: 46153 | W31: 46160 | X31: 46167 | Y31: 46174 | Z31: 46181 | AA31: 46188
A32: =A6 -> 666501 | B32: =B6 -> Aorta | C32: =C6 -> 177 | D32: =C32+D6 -> 333 | E32: =D32+E6 -> 333 | F32: =E32+F6 -> 333 | G32: =F32+G6 -> 333 | H32: =G32+H6 -> 333 | I32: =H32+I6 -> 660 | J32: =I32+J6 -> 840 | K32: =J32+K6 -> 1149 | ... AA32: =Z32+AA6 -> 6209 | AB32: =AA32 -> 6209
A33: =A7 -> 666502 | B33: =B7 -> Bariatric | C33: =C7 -> 35 | D33: =C33+D7 -> 150 | E33: =D33+E7 -> 292 | F33: =E33+F7 -> 441 | G33: =F33+G7 -> 568 | H33: =G33+H7 -> 732 | I33: =H33+I7 -> 804 | J33: =I33+J7 -> 989 | K33: =J33+K7 -> 1160 | ... AA33: =Z33+AA7 -> 3952 | AB33: =AA33 -> 3952
A34: =A8 -> 666505 | B34: =B8 -> Liver | C34: =C8 -> 20 | D34: =C34+D8 -> 20 | E34: =D34+E8 -> 80 | F34: =E34+F8 -> 80 | G34: =F34+G8 -> 140 | H34: =G34+H8 -> 140 | I34: =H34+I8 -> 200 | J34: =I34+J8 -> 200 | K34: =J34+K8 -> 264 | ... AA34: =Z34+AA8 -> 688 | AB34: =AA34 -> 688
A35: =A9 -> 666506 | B35: =B9 -> Pelvic Block Non-Intact | C35: =C9 -> 0 | D35: =C35+D9 -> 200 | E35: =D35+E9 -> 208 | F35: =E35+F9 -> 235 | G35: =F35+G9 -> 255 | H35: =G35+H9 -> 395 | I35: =H35+I9 -> 418 | J35: =I35+J9 -> 460 | K35: =J35+K9 -> 507 | ... AA35: =Z35+AA9 -> 1865 | AB35: =AA35 -> 1865
A36: =A10 -> 666507 | B36: =B10 -> Full Body | C36: =C10 -> 19 | D36: =C36+D10 -> 60 | E36: =D36+E10 -> 91 | F36: =E36+F10 -> 108 | G36: =F36+G10 -> 113 | H36: =G36+H10 -> 157 | I36: =H36+I10 -> 186 | J36: =I36+J10 -> 199 | K36: =J36+K10 -> 215 | ... AA36: =Z36+AA10 -> 392 | AB36: =AA36 -> 392
A37: =A11 -> 666509 | B37: =B11 -> Jejunum 6' | C37: =C11 -> 23 | D37: =C37+D11 -> 106 | E37: =D37+E11 -> 169 | F37: =E37+F11 -> 191 | G37: =F37+G11 -> 251 | H37: =G37+H11 -> 291 | I37: =H37+I11 -> 291 | J37: =I37+J11 -> 291 | K37: =J37+K11 -> 386 | ... AA37: =Z37+AA11 -> 901 | AB37: =AA37 -> 901
A38: =A12 -> 666510 | B38: =B12 -> Jejunum 2' | C38: =C12 -> 0 | D38: =C38+D12 -> 0 | E38: =D38+E12 -> 0 | F38: =E38+F12 -> 0 | G38: =F38+G12 -> 0 | H38: =G38+H12 -> 0 | I38: =H38+I12 -> 0 | J38: =I38+J12 -> 0 | K38: =J38+K12 -> 0 | ... AA38: =Z38+AA12 -> 0 | AB38: =AA38 -> 0
A39: =A13 -> 666511 | B39: =B13 -> Kidney | C39: =C13 -> 0 | D39: =C39+D13 -> 6 | E39: =D39+E13 -> 14 | F39: =E39+F13 -> 14 | G39: =F39+G13 -> 14 | H39: =G39+H13 -> 22 | I39: =H39+I13 -> 22 | J39: =I39+J13 -> 30 | K39: =J39+K13 -> 34 | ... AA39: =Z39+AA13 -> 80 | AB39: =AA39 -> 80
A40: =A14 -> 666513 | B40: =B14 -> Liver w/GB | C40: =C14 -> 20 | D40: =C40+D14 -> 20 | E40: =D40+E14 -> 20 | F40: =E40+F14 -> 20 | G40: =F40+G14 -> 20 | H40: =G40+H14 -> 20 | I40: =H40+I14 -> 20 | J40: =I40+J14 -> 20 | K40: =J40+K14 -> 20 | ... AA40: =Z40+AA14 -> 212 | AB40: =AA40 -> 212
A41: =A15 -> 666516 | B41: =B15 -> Omentum | C41: =C15 -> 26 | D41: =C41+D15 -> 32 | E41: =D41+E15 -> 56 | F41: =E41+F15 -> 56 | G41: =F41+G15 -> 96 | H41: =G41+H15 -> 96 | I41: =H41+I15 -> 110 | J41: =I41+J15 -> 116 | K41: =J41+K15 -> 184 | ... AA41: =Z41+AA15 -> 602 | AB41: =AA41 -> 602
A42: =A16 -> 666517 | B42: =B16 -> Pancreas | C42: =C16 -> 30 | D42: =C42+D16 -> 41 | E42: =D42+E16 -> 79 | F42: =E42+F16 -> 79 | G42: =F42+G16 -> 127 | H42: =G42+H16 -> 127 | I42: =H42+I16 -> 169 | J42: =I42+J16 -> 169 | K42: =J42+K16 -> 235 | ... AA42: =Z42+AA16 -> 634 | AB42: =AA42 -> 634
A43: =A17 -> 666518 | B43: =B17 -> Pelvic Block SM Intact | C43: =C17 -> 0 | D43: =C43+D17 -> 0 | E43: =D43+E17 -> 0 | F43: =E43+F17 -> 0 | G43: =F43+G17 -> 0 | H43: =G43+H17 -> 0 | I43: =H43+I17 -> 0 | J43: =I43+J17 -> 0 | K43: =J43+K17 -> 0 | ... AA43: =Z43+AA17 -> 0 | AB43: =AA43 -> 0
... A52: =A26 -> 666536 | B52: =B26 -> XL Hearts | C52: =C26 -> 1 | D52: =C52+D26 -> 15 | E52: =D52+E26 -> 17 | F52: =E52+F26 -> 17 | G52: =F52+G26 -> 17 | H52: =G52+H26 -> 17 | I52: =H52+I26 -> 17 | J52: =I52+J26 -> 19 | K52: =J52+K26 -> 27 | ... AA52: =Z52+AA26 -> 140 | AB52: =AA52 -> 140
B53: All tissues | C53: =SUM(C32:C52) -> 890 | D53: =SUM(D32:D52) -> 1795 | E53: =SUM(E32:E52) -> 2887 | F53: =SUM(F32:F52) -> 3278 | G53: =SUM(G32:G52) -> 4352 | H53: =SUM(H32:H52) -> 4902 | I53: =SUM(I32:I52) -> 6101 | J53: =SUM(J32:J52) -> 6736 | ... AB53: =SUM(AB32:AB52) -> 27400

Sheet PvA Data
A1: Week | B1: Week Start | C1: Slaughterhouse | D1: PN | E1: Tissue | F1: Ask | G1: Attained | I1: Ask basis: biweekly target split 50/50 across the two weeks of each pair (week 1 / week 2 of 2). Full biweekly = sum of the pair; a single week = half. Corrects prior double-count where wk2 held the remaining-to-go.
A2: 12_29_25 | B2: 46020 | C2: Nahunta | D2: 666501 | E2: Aorta | F2: 16.5 | G2: 27
A3: 12_29_25 | B3: 46020 | C3: Nahunta | D3: 666502 | E3: Bariatric | F3: 0 | G3: 0
A4: 12_29_25 | B4: 46020 | C4: Nahunta | D4: 666505 | E4: Liver | F4: 10 | G4: 20
A5: 12_29_25 | B5: 46020 | C5: Nahunta | D5: 666506 | E5: Pelvic Block Non-Intact | F5: 0 | G5: 0
A6: 12_29_25 | B6: 46020 | C6: Nahunta | D6: 666507 | E6: Full Body | F6: 30 | G6: 19
A7: 12_29_25 | B7: 46020 | C7: Nahunta | D7: 666509 | E7: Jejunum 6' | F7: 80 | G7: 23
A8: 12_29_25 | B8: 46020 | C8: Nahunta | D8: 666510 | E8: Jejunum 2' | F8: 0 | G8: 0
A9: 12_29_25 | B9: 46020 | C9: Nahunta | D9: 666511 | E9: Kidney | F9: 3 | G9: 0
A10: 12_29_25 | B10: 46020 | C10: Nahunta | D10: 666513 | E10: Liver w/GB | F10: 10 | G10: 20
A11: 12_29_25 | B11: 46020 | C11: Nahunta | D11: 666516 | E11: Omentum | F11: 16 | G11: 26
A12: 12_29_25 | B12: 46020 | C12: Nahunta | D12: 666517 | E12: Pancreas | F12: 20.5 | G12: 30
A13: 12_29_25 | B13: 46020 | C13: Nahunta | D13: 666518 | E13: Pelvic Block SM Intact | F13: 0 | G13: 0
... A1576: 06_15_26 | B1576: 46188 | C1576: Custom | D1576: 666536 | E1576: XL Hearts | F1576: 0 | G1576: 0

Sheet Tissue Codes
A1: Tissue Reference
A3: Part Number | B3: Agile Description | C3: Common Name
A4: 666501 | B4: TISS,PORCINE,AORTA SEGMENTS | C4: Aorta
A5: 666502 | B5: TISS,PORCINE,BARIATRIC BLOCK | C5: Bariatric
A6: 666505 | B6: TISS,PORCINE,LIVER | C6: Liver
A7: 666506 | B7: TISS,PORCINE,PELVIC BLOCK | C7: Pelvic Block Non-Intact
A8: 666507 | B8: TISS,PORCINE,FULL THOR AND BARI BLOCK | C8: Full Body
A9: 666509 | B9: TISS,PORCINE,JEJUNUM,W/LYMPH NODES (6FT) | C9: Jejunum 6'
A10: 666510 | B10: TISS,PORCINE,JEJUNUM,W/LYMPH NODES (2FT) | C10: Jejunum 2'
A11: 666511 | B11: TISS,PORCINE,KIDNEY BLOCK | C11: Kidney
A12: 666513 | B12: TISS,PORCINE,LIVER WITH GALLBLADDER | C12: Liver w/GB
A13: 666516 | B13: TISS,PORCINE,OMENTUM | C13: Omentum
A14: 666517 | B14: TISSUE, PORCINE, PANCREAS | C14: Pancreas
A15: 666518 | B15: TISS,PORCINE,FEM,PELVIC BLOCK,INTACT,SM | C15: Pelvic Block SM Intact
... A24: 666536 | B24: TISS,PORCINE,THORACIC BLOCK, LARGE | C24: XL Hearts

Sheet 12_29_25
D1: Demand | E1: Nahunta Ask | F1: Nahunta Achieved | G1: Martin Ask | H1: Martin Achieved | I1: Custom Ask | J1: Custom Achieved | K1: Total Goal | L1: Total Achieved | M1: Nahunta | N1: Martin | O1: Custom | P1: Nahunta | Q1: Martin | R1: Custom | S1: Nahunta | T1: Martin | U1: Custom | V1: Nahunta | W1: Martin | X1: Custom | Y1: Nahunta | Z1: Martin | AA1: Custom
C2: Tech Harvesting | M2: Wilfredo | N2: Jesus | O2: Jordan | P2: Wilfredo | Q2: Jesus | R2: Jordan | S2: Wilfredo | T2: Jesus | U2: Jordan | V2: Wilfredo | W2: Jesus | X2: Jordan | Y2: Wilfredo | Z2: Jesus | AA2: Jordan
A3: PN | B3: Agile Description | C3: Common Name | M3: M | N3: M | O3: M | P3: T | Q3: T | R3: T | S3: W | T3: W | U3: W | V3: Th | W3: Th | X3: Th | Y3: F | Z3: F | AA3: F
C4: Total Pigs Received | F4: =+M4+P4+S4+V4+Y4 -> 60 | H4: =+N4+Q4+T4+W4+Z4 -> 346 | J4: =+O4+R4+U4+X4+AA4 -> 0 | M4: 31 | N4: 88 | P4: 29 | Q4: 123 | T4: 135
A5: 666501 | B5: TISS,PORCINE,AORTA SEGMENTS | C5: Aorta | E5: 33 | F5: =SUM(M5,P5,S5,V5,Y5) -> 27 | G5: 300 | H5: =SUM(N5,Q5,T5,W5,Z5) -> 150 | I5: 30 | J5: =SUM(O5,R5,U5,X5,AA5) -> 0 | K5: =+E5+G5+I5 -> 363 | L5: =SUM(F5,H5,J5) -> 177 | M5: 15 | N5: 51 | P5: 12 | Q5: 51 | T5: 48
A6: 666502 | B6: TISS,PORCINE,BARIATRIC BLOCK | C6: Bariatric | E6: 0 | F6: =SUM(M6,P6,S6,V6,Y6) -> 0 | G6: 150 | H6: =SUM(N6,Q6,T6,W6,Z6) -> 35 | I6: 40 | J6: =SUM(O6,R6,U6,X6,AA6) -> 0 | K6: =+E6+G6+I6 -> 190 | L6: =SUM(F6,H6,J6) -> 35 | N6: 11 | Q6: 10 | T6: 14
A7: 666505 | B7: TISS,PORCINE,LIVER | C7: Liver | E7: 20 | F7: =SUM(M7,P7,S7,V7,Y7) -> 20 | H7: =SUM(N7,Q7,T7,W7,Z7) -> 0 | I7: 42 | J7: =SUM(O7,R7,U7,X7,AA7) -> 0 | K7: =+E7+G7+I7 -> 62 | L7: =SUM(F7,H7,J7) -> 20 | M7: 20
A8: 666506 | B8: TISS,PORCINE,PELVIC BLOCK | C8: Pelvic Block Non-Intact | F8: =SUM(M8,P8,S8,V8,Y8) -> 0 | G8: 200 | H8: =SUM(N8,Q8,T8,W8,Z8) -> 0 | J8: =SUM(O8,R8,U8,X8,AA8) -> 0 | K8: =+E8+G8+I8 -> 200 | L8: =SUM(F8,H8,J8) -> 0
A9: 666507 | B9: TISS,PORCINE,FULL THOR AND BARI BLOCK | C9: Full Body | E9: 60 | F9: =SUM(M9,P9,S9,V9,Y9) -> 19 | H9: =SUM(N9,Q9,T9,W9,Z9) -> 0 | J9: =SUM(O9,R9,U9,X9,AA9) -> 0 | K9: =+E9+G9+I9 -> 60 | L9: =SUM(F9,H9,J9) -> 19 | M9: 10 | P9: 9
A10: 666509 | B10: TISS,PORCINE,JEJUNUM,W/LYMPH NODES (6FT) | C10: Jejunum 6' | E10: 160 | F10: =SUM(M10,P10,S10,V10,Y10) -> 23 | H10: =SUM(N10,Q10,T10,W10,Z10) -> 0 | J10: =SUM(O10,R10,U10,X10,AA10) -> 0 | K10: =+E10+G10+I10 -> 160 | L10: =SUM(F10,H10,J10) -> 23 | M10: 9 | P10: 14
A11: 666510 | B11: TISS,PORCINE,JEJUNUM,W/LYMPH NODES (2FT) | C11: Jejunum 2' | F11: =SUM(M11,P11,S11,V11,Y11) -> 0 | H11: =SUM(N11,Q11,T11,W11,Z11) -> 0 | J11: =SUM(O11,R11,U11,X11,AA11) -> 0 | K11: =+E11+G11+I11 -> 0 | L11: =SUM(F11,H11,J11) -> 0
A12: 666511 | B12: TISS,PORCINE,KIDNEY BLOCK | C12: Kidney | E12: 6 | F12: =SUM(M12,P12,S12,V12,Y12) -> 0 | H12: =SUM(N12,Q12,T12,W12,Z12) -> 0 | J12: =SUM(O12,R12,U12,X12,AA12) -> 0 | K12: =+E12+G12+I12 -> 6 | L12: =SUM(F12,H12,J12) -> 0
A13: 666513 | B13: TISS,PORCINE,LIVER WITH GALLBLADDER | C13: Liver w/GB | E13: 20 | F13: =SUM(M13,P13,S13,V13,Y13) -> 20 | H13: =SUM(N13,Q13,T13,W13,Z13) -> 0 | I13: 46 | J13: =SUM(O13,R13,U13,X13,AA13) -> 0 | K13: =+E13+G13+I13 -> 66 | L13: =SUM(F13,H13,J13) -> 20 | M13: 16 | P13: 4
A14: 666516 | B14: TISS,PORCINE,OMENTUM | C14: Omentum | E14: 32 | F14: =SUM(M14,P14,S14,V14,Y14) -> 26 | H14: =SUM(N14,Q14,T14,W14,Z14) -> 0 | I14: 32 | J14: =SUM(O14,R14,U14,X14,AA14) -> 0 | K14: =+E14+G14+I14 -> 64 | L14: =SUM(F14,H14,J14) -> 26 | M14: 14 | P14: 12
A15: 666517 | B15: TISSUE, PORCINE, PANCREAS | C15: Pancreas | E15: 41 | F15: =SUM(M15,P15,S15,V15,Y15) -> 30 | H15: =SUM(N15,Q15,T15,W15,Z15) -> 0 | I15: 19 | J15: =SUM(O15,R15,U15,X15,AA15) -> 0 | K15: =+E15+G15+I15 -> 60 | L15: =SUM(F15,H15,J15) -> 30 | M15: 15 | P15: 15
A16: 666518 | B16: TISS,PORCINE,FEM,PELVIC BLOCK,INTACT,SM | C16: Pelvic Block SM Intact | F16: =SUM(M16,P16,S16,V16,Y16) -> 0 | H16: =SUM(N16,Q16,T16,W16,Z16) -> 0 | J16: =SUM(O16,R16,U16,X16,AA16) -> 0 | K16: =+E16+G16+I16 -> 0 | L16: =SUM(F16,H16,J16) -> 0
A17: 666519 | B17: TISSUE, PORCINE, SPLEEN | C17: Spleen | E17: 32 | F17: =SUM(M17,P17,S17,V17,Y17) -> 27 | H17: =SUM(N17,Q17,T17,W17,Z17) -> 0 | I17: 32 | J17: =SUM(O17,R17,U17,X17,AA17) -> 0 | K17: =+E17+G17+I17 -> 64 | L17: =SUM(F17,H17,J17) -> 27 | M17: 14 | P17: 13
A18: 666521 | B18: TISS,PORCINE,THORACIC BLOCK | C18: Hearts | F18: =SUM(M18,P18,S18,V18,Y18) -> 0 | H18: =SUM(N18,Q18,T18,W18,Z18) -> 0 | J18: =SUM(O18,R18,U18,X18,AA18) -> 0 | K18: =+E18+G18+I18 -> 0 | L18: =SUM(F18,H18,J18) -> 0
A19: 666522 | B19: TISS,PORCINE,URETER | C19: Ureters | E19: 130 | F19: =SUM(M19,P19,S19,V19,Y19) -> 85 | G19: 190 | H19: =SUM(N19,Q19,T19,W19,Z19) -> 190 | I19: 80 | J19: =SUM(O19,R19,U19,X19,AA19) -> 0 | K19: =+E19+G19+I19 -> 400 | L19: =SUM(F19,H19,J19) -> 275 | M19: 45 | N19: 115 | P19: 40 | Q19: 45 | T19: 30
A20: 666523 | B20: TISSUE, PORCINE, VENA CAVA | C20: Vena Cava | F20: =SUM(M20,P20,S20,V20,Y20) -> 0 | G20: 112 | H20: =SUM(N20,Q20,T20,W20,Z20) -> 0 | I20: 28 | J20: =SUM(O20,R20,U20,X20,AA20) -> 0 | K20: =+E20+G20+I20 -> 140 | L20: =SUM(F20,H20,J20) -> 0
A21: 666530 | B21: TISS,PORCINE,STOMACH | C21: Stomach | E21: 4 | F21: =SUM(M21,P21,S21,V21,Y21) -> 4 | H21: =SUM(N21,Q21,T21,W21,Z21) -> 0 | I21: 12 | J21: =SUM(O21,R21,U21,X21,AA21) -> 0 | K21: =+E21+G21+I21 -> 16 | L21: =SUM(F21,H21,J21) -> 4 | M21: 4
A22: 666531 | B22: TISS,PORCINE,DIAPHRAGM | C22: Diaphragms | E22: 17 | F22: =SUM(M22,P22,S22,V22,Y22) -> 17 | H22: =SUM(N22,Q22,T22,W22,Z22) -> 0 | I22: 7 | J22: =SUM(O22,R22,U22,X22,AA22) -> 0 | K22: =+E22+G22+I22 -> 24 | L22: =SUM(F22,H22,J22) -> 17 | M22: 14 | P22: 3
A23: 666540 | B23: Male Pelvic | C23: Male Pelvic | F23: =SUM(M23,P23,S23,V23,Y23) -> 0 | G23: 240 | H23: =SUM(N23,Q23,T23,W23,Z23) -> 41 | J23: =SUM(O23,R23,U23,X23,AA23) -> 0 | K23: =+E23+G23+I23 -> 240 | L23: =SUM(F23,H23,J23) -> 41 | N23: 20 | Q23: 17 | T23: 4
A24: 666541 | B24: Female Pelvic | C24: Female Pelvic | F24: =SUM(M24,P24,S24,V24,Y24) -> 0 | G24: 240 | H24: =SUM(N24,Q24,T24,W24,Z24) -> 175 | J24: =SUM(O24,R24,U24,X24,AA24) -> 0 | K24: =+E24+G24+I24 -> 240 | L24: =SUM(F24,H24,J24) -> 175 | N24: 51 | Q24: 67 | T24: 57
A25: 666536 | B25: TISS,PORCINE,THORACIC BLOCK, LARGE | C25: XL Hearts | E25: 20 | F25: =SUM(M25,P25,S25,V25,Y25) -> 1 | H25: =SUM(N25,Q25,T25,W25,Z25) -> 0 | J25: =SUM(O25,R25,U25,X25,AA25) -> 0 | K25: =+E25+G25+H25 -> 20 | L25: =SUM(F25,H25,J25) -> 1 | M25: 1
C48: Name | J48: Name | K48: Goal | L48: Harvested | M48: +/- | N48: % of goal
C49: =+N2 -> Jesus | J49: Jordan | K49: =SUM(E5:E22) -> 555 | L49: =SUM(F5:F22) -> 298 | M49: =+L49-K49 -> -257 | N49: =+L49/K49 -> 0.53693694
C50: =+M2 -> Wilfredo | J50: Wilfredo | K50: =SUM(G5:G22) -> 952 | L50: =SUM(H5:H22) -> 375 | M50: =+L50-K50 -> -577 | N50: =+L50/K50 -> 0.39390756
J51: Damien | K51: =SUM(I5:I22) -> 368 | L51: =SUM(J5:J22) -> 0 | M51: =+L51-K51 -> -368 | N51: =+L51/K51 -> 0

Sheet 01_05_26
D1: Demand | E1: Nahunta Ask | F1: Nahunta Achieved | G1: Martin Ask | H1: Martin Achieved | I1: Custom Ask | J1: Custom Achieved | K1: Total Goal | L1: Total Achieved | M1: Nahunta | N1: Martin | O1: Custom | P1: Nahunta | Q1: Martin | R1: Custom | S1: Nahunta | T1: Martin | U1: Custom | V1: Nahunta | W1: Martin | X1: Custom | Y1: Nahunta | Z1: Martin | AA1: Custom
C2: Tech Harvesting | M2: Wilfredo | N2: Jesus | O2: Jordan | P2: Wilfredo | Q2: Jesus | R2: Jordan | S2: Wilfredo | T2: Jesus | U2: Jordan | V2: Wilfredo | W2: Jesus | X2: Jordan | Y2: Wilfredo | Z2: Jesus | AA2: Jordan
A3: PN | B3: Agile Description | C3: Common Name | M3: M | N3: M | O3: M | P3: T | Q3: T | R3: T | S3: W | T3: W | U3: W | V3: Th | W3: Th | X3: Th | Y3: F | Z3: F | AA3: F
C4: Total Pigs Received | F4: =+M4+P4+S4+V4+Y4 -> 100 | H4: =+N4+Q4+T4+W4+Z4 -> 534 | J4: =+O4+R4+U4+X4+AA4 -> 0 | M4: 21 | N4: 185 | Q4: 125 | S4: 28 | T4: 76 | V4: 31 | W4: 148 | Y4: 20
A5: 666501 | B5: TISS,PORCINE,AORTA SEGMENTS | C5: Aorta | E5: 6 | F5: =SUM(M5,P5,S5,V5,Y5) -> 6 | G5: 150 | H5: =SUM(N5,Q5,T5,W5,Z5) -> 150 | I5: 30 | J5: =SUM(O5,R5,U5,X5,AA5) -> 0 | K5: =+E5+G5+I5 -> 186 | L5: =SUM(F5,H5,J5) -> 156 | M5: 3 | N5: 150 | S5: 3
A6: 666502 | B6: TISS,PORCINE,BARIATRIC BLOCK | C6: Bariatric | E6: 0 | F6: =SUM(M6,P6,S6,V6,Y6) -> 0 | G6: 115 | H6: =SUM(N6,Q6,T6,W6,Z6) -> 115 | I6: 40 | J6: =SUM(O6,R6,U6,X6,AA6) -> 0 | K6: =+E6+G6+I6 -> 155 | L6: =SUM(F6,H6,J6) -> 115 | N6: 17 | Q6: 33 | T6: 18 | W6: 47
A7: 666505 | B7: TISS,PORCINE,LIVER | C7: Liver | E7: 0 | F7: =SUM(M7,P7,S7,V7,Y7) -> 0 | G7: 0 | H7: =SUM(N7,Q7,T7,W7,Z7) -> 0 | I7: 42 | J7: =SUM(O7,R7,U7,X7,AA7) -> 0 | K7: =+E7+G7+I7 -> 42 | L7: =SUM(F7,H7,J7) -> 0
A8: 666506 | B8: TISS,PORCINE,PELVIC BLOCK | C8: Pelvic Block Non-Intact | E8: 0 | F8: =SUM(M8,P8,S8,V8,Y8) -> 0 | G8: 200 | H8: =SUM(N8,Q8,T8,W8,Z8) -> 200 | I8: 0 | J8: =SUM(O8,R8,U8,X8,AA8) -> 0 | K8: =+E8+G8+I8 -> 200 | L8: =SUM(F8,H8,J8) -> 200 | N8: 20 | Q8: 74 | T8: 46 | W8: 60
A9: 666507 | B9: TISS,PORCINE,FULL THOR AND BARI BLOCK | C9: Full Body | E9: 41 | F9: =SUM(M9,P9,S9,V9,Y9) -> 41 | G9: 0 | H9: =SUM(N9,Q9,T9,W9,Z9) -> 0 | I9: 0 | J9: =SUM(O9,R9,U9,X9,AA9) -> 0 | K9: =+E9+G9+I9 -> 41 | L9: =SUM(F9,H9,J9) -> 41 | M9: 18 | S9: 22 | V9: 1
A10: 666509 | B10: TISS,PORCINE,JEJUNUM,W/LYMPH NODES (6FT) | C10: Jejunum 6' | E10: 137 | F10: =SUM(M10,P10,S10,V10,Y10) -> 83 | G10: 0 | H10: =SUM(N10,Q10,T10,W10,Z10) -> 0 | I10: 0 | J10: =SUM(O10,R10,U10,X10,AA10) -> 0 | K10: =+E10+G10+I10 -> 137 | L10: =SUM(F10,H10,J10) -> 83 | M10: 17 | S10: 20 | V10: 25 | Y10: 21
A11: 666510 | B11: TISS,PORCINE,JEJUNUM,W/LYMPH NODES (2FT) | C11: Jejunum 2' | E11: 0 | F11: =SUM(M11,P11,S11,V11,Y11) -> 0 | G11: 0 | H11: =SUM(N11,Q11,T11,W11,Z11) -> 0 | I11: 0 | J11: =SUM(O11,R11,U11,X11,AA11) -> 0 | K11: =+E11+G11+I11 -> 0 | L11: =SUM(F11,H11,J11) -> 0
A12: 666511 | B12: TISS,PORCINE,KIDNEY BLOCK | C12: Kidney | E12: 6 | F12: =SUM(M12,P12,S12,V12,Y12) -> 6 | G12: 0 | H12: =SUM(N12,Q12,T12,W12,Z12) -> 0 | I12: 0 | J12: =SUM(O12,R12,U12,X12,AA12) -> 0 | K12: =+E12+G12+I12 -> 6 | L12: =SUM(F12,H12,J12) -> 6 | V12: 4 | Y12: 2
A13: 666513 | B13: TISS,PORCINE,LIVER WITH GALLBLADDER | C13: Liver w/GB | E13: 0 | F13: =SUM(M13,P13,S13,V13,Y13) -> 0 | G13: 0 | H13: =SUM(N13,Q13,T13,W13,Z13) -> 0 | I13: 46 | J13: =SUM(O13,R13,U13,X13,AA13) -> 0 | K13: =+E13+G13+I13 -> 46 | L13: =SUM(F13,H13,J13) -> 0
A14: 666516 | B14: TISS,PORCINE,OMENTUM | C14: Omentum | E14: 6 | F14: =SUM(M14,P14,S14,V14,Y14) -> 6 | G14: 0 | H14: =SUM(N14,Q14,T14,W14,Z14) -> 0 | I14: 32 | J14: =SUM(O14,R14,U14,X14,AA14) -> 0 | K14: =+E14+G14+I14 -> 38 | L14: =SUM(F14,H14,J14) -> 6 | M14: 4 | S14: 2
A15: 666517 | B15: TISSUE, PORCINE, PANCREAS | C15: Pancreas | E15: 11 | F15: =SUM(M15,P15,S15,V15,Y15) -> 11 | G15: 0 | H15: =SUM(N15,Q15,T15,W15,Z15) -> 0 | I15: 19 | J15: =SUM(O15,R15,U15,X15,AA15) -> 0 | K15: =+E15+G15+I15 -> 30 | L15: =SUM(F15,H15,J15) -> 11 | M15: 4 | S15: 7
A16: 666518 | B16: TISS,PORCINE,FEM,PELVIC BLOCK,INTACT,SM | C16: Pelvic Block SM Intact | E16: 0 | F16: =SUM(M16,P16,S16,V16,Y16) -> 0 | G16: 0 | H16: =SUM(N16,Q16,T16,W16,Z16) -> 0 | I16: 0 | J16: =SUM(O16,R16,U16,X16,AA16) -> 0 | K16: =+E16+G16+I16 -> 0 | L16: =SUM(F16,H16,J16) -> 0
A17: 666519 | B17: TISSUE, PORCINE, SPLEEN | C17: Spleen | E17: 5 | F17: =SUM(M17,P17,S17,V17,Y17) -> 5 | G17: 0 | H17: =SUM(N17,Q17,T17,W17,Z17) -> 0 | I17: 32 | J17: =SUM(O17,R17,U17,X17,AA17) -> 0 | K17: =+E17+G17+I17 -> 37 | L17: =SUM(F17,H17,J17) -> 5 | M17: 4 | S17: 1
A18: 666521 | B18: TISS,PORCINE,THORACIC BLOCK | C18: Hearts | E18: 0 | F18: =SUM(M18,P18,S18,V18,Y18) -> 0 | G18: 0 | H18: =SUM(N18,Q18,T18,W18,Z18) -> 0 | I18: 0 | J18: =SUM(O18,R18,U18,X18,AA18) -> 0 | K18: =+E18+G18+I18 -> 0 | L18: =SUM(F18,H18,J18) -> 0
A19: 666522 | B19: TISS,PORCINE,URETER | C19: Ureters | E19: 45 | F19: =SUM(M19,P19,S19,V19,Y19) -> 45 | G19: 0 | H19: =SUM(N19,Q19,T19,W19,Z19) -> 0 | I19: 80 | J19: =SUM(O19,R19,U19,X19,AA19) -> 0 | K19: =+E19+G19+I19 -> 125 | L19: =SUM(F19,H19,J19) -> 45 | M19: 40 | S19: 5
A20: 666523 | B20: TISSUE, PORCINE, VENA CAVA | C20: Vena Cava | E20: 0 | F20: =SUM(M20,P20,S20,V20,Y20) -> 0 | G20: 112 | H20: =SUM(N20,Q20,T20,W20,Z20) -> 112 | I20: 28 | J20: =SUM(O20,R20,U20,X20,AA20) -> 0 | K20: =+E20+G20+I20 -> 140 | L20: =SUM(F20,H20,J20) -> 112 | N20: 112
A21: 666530 | B21: TISS,PORCINE,STOMACH | C21: Stomach | E21: 0 | F21: =SUM(M21,P21,S21,V21,Y21) -> 0 | G21: 0 | H21: =SUM(N21,Q21,T21,W21,Z21) -> 0 | I21: 12 | J21: =SUM(O21,R21,U21,X21,AA21) -> 0 | K21: =+E21+G21+I21 -> 12 | L21: =SUM(F21,H21,J21) -> 0
A22: 666531 | B22: TISS,PORCINE,DIAPHRAGM | C22: Diaphragms | E22: 0 | F22: =SUM(M22,P22,S22,V22,Y22) -> 0 | G22: 0 | H22: =SUM(N22,Q22,T22,W22,Z22) -> 0 | I22: 7 | J22: =SUM(O22,R22,U22,X22,AA22) -> 0 | K22: =+E22+G22+I22 -> 7 | L22: =SUM(F22,H22,J22) -> 0
A23: 666540 | B23: Male Pelvic | C23: Male Pelvic | E23: 0 | F23: =SUM(M23,P23,S23,V23,Y23) -> 0 | G23: 199 | H23: =SUM(N23,Q23,T23,W23,Z23) -> 46 | I23: 0 | J23: =SUM(O23,R23,U23,X23,AA23) -> 0 | K23: =+E23+G23+I23 -> 199 | L23: =SUM(F23,H23,J23) -> 46 | Q23: 11 | T23: 10 | W23: 25
A24: 666541 | B24: Female Pelvic | C24: Female Pelvic | E24: 0 | F24: =SUM(M24,P24,S24,V24,Y24) -> 0 | G24: 65 | H24: =SUM(N24,Q24,T24,W24,Z24) -> 65 | I24: 0 | J24: =SUM(O24,R24,U24,X24,AA24) -> 0 | K24: =+E24+G24+I24 -> 65 | L24: =SUM(F24,H24,J24) -> 65 | N24: 55 | Q24: 10
A25: 666536 | B25: TISS,PORCINE,THORACIC BLOCK, LARGE | C25: XL Hearts | E25: 19 | F25: =SUM(M25,P25,S25,V25,Y25) -> 14 | G25: 0 | H25: =SUM(N25,Q25,T25,W25,Z25) -> 0 | I25: 0 | J25: =SUM(O25,R25,U25,X25,AA25) -> 0 | K25: =+E25+G25+H25 -> 19 | L25: =SUM(F25,H25,J25) -> 14 | M25: 6 | S25: 1 | V25: 6 | Y25: 1
C48: Name | J48: Name | K48: Goal | L48: Harvested | M48: +/- | N48: % of goal
C49: =+N2 -> Jesus | J49: Jordan | K49: =SUM(E5:E22) -> 257 | L49: =SUM(F5:F22) -> 203 | M49: =+L49-K49 -> -54 | N49: =+L49/K49 -> 0.78988327
C50: =+M2 -> Wilfredo | J50: Wilfredo | K50: =SUM(G5:G22) -> 577 | L50: =SUM(H5:H22) -> 577 | M50: =+L50-K50 -> 0 | N50: =+L50/K50 -> 1
J51: Damien | K51: =SUM(I5:I22) -> 368 | L51: =SUM(J5:J22) -> 0 | M51: =+L51-K51 -> -368 | N51: =+L51/K51 -> 0

Sheet Sheet3
A1: Weeks of 1/5 &1/12 | Q1: total
B2: Nahunta | C2: Wilfredo | D2: Nahunta Ask | E2: Nahunta Daily goal | F2: Monday achieved | G2: Tuesday Achieved | H2: Wednesday Achieved | I2: Thursday Achieved | J2: Friday Achieved | K2: 2nd wk daily goals | L2: Monday achieved | M2: Tuesday Achieved | N2: Wednesday Achieved | O2: Thursday Achieved | P2: Friday Achieved | R2: Left to harvest
A3: 666501 | B3: TISS,PORCINE,AORTA SEGMENTS | C3: Aorta | D3: 33 | E3: =+D3/6 -> 5.5 | F3: 33 | G3: 12 | H3: 0 | I3: 0 | J3: 0 | K3: =(+D3-SUM(F3:J3))/3.5 -> -3.4285714 | L3: 3 | M3: 0 | N3: 3 | O3: 0 | P3: 0 | Q3: =SUM(F3:J3)+SUM(L3:P3) -> 51 | R3: =+D3-Q3 -> -18 | S3: =+R3/2.25 -> -8
A4: 666502 | B4: TISS,PORCINE,BARIATRIC BLOCK | C4: Bariatric | D4: 0 | E4: =+D4/6 -> 0 | F4: 0 | G4: 0 | H4: 0 | I4: 0 | J4: 0 | K4: =(+D4-SUM(F4:J4))/3.5 -> 0 | L4: 0 | M4: 0 | N4: 0 | O4: 0 | P4: 0 | Q4: =SUM(F4:J4)+SUM(L4:P4) -> 0 | R4: =+D4-Q4 -> 0 | S4: =+R4/2.25 -> 0
A5: 666505 | B5: TISS,PORCINE,LIVER | C5: Liver | D5: 20 | E5: =+D5/6 -> 3.3333333 | F5: 20 | G5: 0 | H5: 0 | I5: 0 | J5: 0 | K5: =(+D5-SUM(F5:J5))/3.5 -> 0 | L5: 0 | M5: 0 | N5: 0 | O5: 0 | P5: 0 | Q5: =SUM(F5:J5)+SUM(L5:P5) -> 20 | R5: =+D5-Q5 -> 0 | S5: =+R5/2.25 -> 0
A6: 666506 | B6: TISS,PORCINE,PELVIC BLOCK | C6: Pelvic Block Non-Intact | D6: 0 | E6: =+D6/6 -> 0 | F6: 0 | G6: 0 | H6: 0 | I6: 0 | J6: 0 | K6: =(+D6-SUM(F6:J6))/3.5 -> 0 | L6: 0 | M6: 0 | N6: 0 | O6: 0 | P6: 0 | Q6: =SUM(F6:J6)+SUM(L6:P6) -> 0 | R6: =+D6-Q6 -> 0 | S6: =+R6/2.25 -> 0
A7: 666507 | B7: TISS,PORCINE,FULL THOR AND BARI BLOCK | C7: Full Body | D7: 60 | E7: =+D7/6 -> 10 | F7: 10 | G7: 9 | H7: 0 | I7: 0 | J7: 0 | K7: =(+D7-SUM(F7:J7))/3.5 -> 11.714286 | L7: 18 | M7: 0 | N7: 22 | O7: 1 | P7: 0 | Q7: =SUM(F7:J7)+SUM(L7:P7) -> 60 | R7: =+D7-Q7 -> 0 | S7: =+R7/2.25 -> 0
A8: 666509 | B8: TISS,PORCINE,JEJUNUM,W/LYMPH NODES (6FT) | C8: Jejunum 6' | D8: 160 | E8: =+D8/6 -> 26.666667 | F8: 9 | G8: 14 | H8: 0 | I8: 0 | J8: 0 | K8: =(+D8-SUM(F8:J8))/3.5 -> 39.142857 | L8: 0 | M8: 0 | N8: 0 | O8: 0 | P8: 0 | Q8: =SUM(F8:J8)+SUM(L8:P8) -> 23 | R8: =+D8-Q8 -> 137 | S8: =+R8/2 -> 68.5
A9: 666510 | B9: TISS,PORCINE,JEJUNUM,W/LYMPH NODES (2FT) | C9: Jejunum | D9: 0 | E9: =+D9/6 -> 0 | F9: 0 | G9: 0 | H9: 0 | I9: 0 | J9: 0 | K9: =(+D9-SUM(F9:J9))/3.5 -> 0 | L9: 0 | M9: 0 | N9: 0 | O9: 4 | P9: 2 | Q9: =SUM(F9:J9)+SUM(L9:P9) -> 6 | R9: =+D9-Q9 -> -6 | S9: =+R9/2.25 -> -2.6666667
A10: 666511 | B10: TISS,PORCINE,KIDNEY BLOCK | C10: Kidney | D10: 6 | E10: =+D10/6 -> 1 | F10: 0 | G10: 0 | H10: 0 | I10: 0 | J10: 0 | K10: =(+D10-SUM(F10:J10))/3.5 -> 1.7142857 | L10: 0 | M10: 0 | N10: 0 | O10: 0 | P10: 0 | Q10: =SUM(F10:J10)+SUM(L10:P10) -> 0 | R10: =+D10-Q10 -> 6 | S10: =+R10/2.25 -> 2.6666667
A11: 666513 | B11: TISS,PORCINE,LIVER WITH GALLBLADDER | C11: Liver w/GB | D11: 20 | E11: =+D11/6 -> 3.3333333 | F11: 16 | G11: 4 | H11: 0 | I11: 0 | J11: 0 | K11: =(+D11-SUM(F11:J11))/3.5 -> 0 | L11: 4 | M11: 0 | N11: 2 | O11: 0 | P11: 0 | Q11: =SUM(F11:J11)+SUM(L11:P11) -> 26 | R11: =+D11-Q11 -> -6 | S11: =+R11/2.25 -> -2.6666667
A12: 666516 | B12: TISS,PORCINE,OMENTUM | C12: Omentum | D12: 32 | E12: =+D12/6 -> 5.3333333 | F12: 14 | G12: 12 | H12: 0 | I12: 0 | J12: 0 | K12: =(+D12-SUM(F12:J12))/3.5 -> 1.7142857 | L12: 4 | M12: 0 | N12: 7 | O12: 0 | P12: 0 | Q12: =SUM(F12:J12)+SUM(L12:P12) -> 37 | R12: =+D12-Q12 -> -5 | S12: =+R12/2.25 -> -2.2222222
A13: 666517 | B13: TISSUE, PORCINE, PANCREAS | C13: Pancreas | D13: 41 | E13: =+D13/6 -> 6.8333333 | F13: 15 | G13: 15 | H13: 0 | I13: 0 | J13: 0 | K13: =(+D13-SUM(F13:J13))/3.5 -> 3.1428571 | L13: 0 | M13: 0 | N13: 0 | O13: 0 | P13: 0 | Q13: =SUM(F13:J13)+SUM(L13:P13) -> 30 | R13: =+D13-Q13 -> 11 | S13: =+R13/2.25 -> 4.8888889
A14: 666518 | B14: TISS,PORCINE,FEM,PELVIC BLOCK,INTACT,SM | C14: Pelvic Block SM Intact | D14: 0 | E14: =+D14/6 -> 0 | F14: 0 | G14: 0 | H14: 0 | I14: 0 | J14: 0 | K14: =(+D14-SUM(F14:J14))/3.5 -> 0 | L14: 4 | M14: 0 | N14: 1 | O14: 0 | P14: 0 | Q14: =SUM(F14:J14)+SUM(L14:P14) -> 5 | R14: =+D14-Q14 -> -5 | S14: =+R14/2.25 -> -2.2222222
A15: 666519 | B15: TISSUE, PORCINE, SPLEEN | C15: Spleen | D15: 32 | E15: =+D15/6 -> 5.3333333 | F15: 14 | G15: 13 | H15: 0 | I15: 0 | J15: 0 | K15: =(+D15-SUM(F15:J15))/3.5 -> 1.4285714 | L15: 0 | M15: 0 | N15: 0 | O15: 0 | P15: 0 | Q15: =SUM(F15:J15)+SUM(L15:P15) -> 27 | R15: =+D15-Q15 -> 5 | S15: =+R15/2.25 -> 2.2222222
A16: 666521 | B16: TISS,PORCINE,THORACIC BLOCK | C16: Hearts | D16: 0 | E16: =+D16/6 -> 0 | F16: 0 | G16: 0 | H16: 0 | I16: 0 | J16: 0 | K16: =(+D16-SUM(F16:J16))/3.5 -> 0 | L16: 40 | M16: 0 | N16: 5 | O16: 0 | P16: 0 | Q16: =SUM(F16:J16)+SUM(L16:P16) -> 45 | R16: =+D16-Q16 -> -45 | S16: =+R16/2.25 -> -20
A17: 666522 | B17: TISS,PORCINE,URETER | C17: Ureters | D17: 130 | E17: =+D17/6 -> 21.666667 | F17: 45 | G17: 40 | H17: 0 | I17: 0 | J17: 0 | K17: =(+D17-SUM(F17:J17))/3.5 -> 12.857143 | L17: 0 | M17: 0 | N17: 0 | O17: 0 | P17: 0 | Q17: =SUM(F17:J17)+SUM(L17:P17) -> 85 | R17: =+D17-Q17 -> 45 | S17: =+R17/2.25 -> 20
A18: 666523 | B18: TISSUE, PORCINE, VENA CAVA | C18: Vena Cava | D18: 0 | E18: =+D18/6 -> 0 | F18: 0 | G18: 0 | H18: 0 | I18: 0 | J18: 0 | K18: =(+D18-SUM(F18:J18))/3.5 -> 0 | L18: 0 | M18: 0 | N18: 0 | O18: 0 | P18: 0 | Q18: =SUM(F18:J18)+SUM(L18:P18) -> 0 | R18: =+D18-Q18 -> 0 | S18: =+R18/2.25 -> 0
A19: 666530 | B19: TISS,PORCINE,STOMACH | C19: Stomach | D19: 4 | E19: =+D19/6 -> 0.66666667 | F19: 4 | G19: 0 | H19: 0 | I19: 0 | J19: 0 | K19: =(+D19-SUM(F19:J19))/3.5 -> 0 | L19: 0 | M19: 0 | N19: 0 | O19: 0 | P19: 0 | Q19: =SUM(F19:J19)+SUM(L19:P19) -> 4 | R19: =+D19-Q19 -> 0 | S19: =+R19/2.25 -> 0
A20: 666531 | B20: TISS,PORCINE,DIAPHRAGM | C20: Diaphragms | D20: 17 | E20: =+D20/6 -> 2.8333333 | F20: 14 | G20: 3 | H20: 0 | I20: 0 | J20: 0 | K20: =(+D20-SUM(F20:J20))/3.5 -> 0 | L20: 0 | M20: 0 | N20: 0 | O20: 0 | P20: 0 | Q20: =SUM(F20:J20)+SUM(L20:P20) -> 17 | R20: =+D20-Q20 -> 0
A21: 666540 | B21: Male Pelvic | C21: Male Pelvic | D21: 0 | E21: =+D21/6 -> 0 | F21: 0 | G21: 0 | H21: 0 | I21: 0 | J21: 0 | K21: =(+D21-SUM(F21:J21))/3.5 -> 0 | L21: 0 | M21: 0 | N21: 0 | O21: 0 | P21: 0 | Q21: =SUM(F21:J21)+SUM(L21:P21) -> 0 | R21: =+D21-Q21 -> 0
A22: 666541 | B22: Female Pelvic | C22: Female Pelvic | D22: 0 | E22: =+D22/6 -> 0 | F22: 0 | G22: 0 | H22: 0 | I22: 0 | J22: 0 | K22: =(+D22-SUM(F22:J22))/3.5 -> 0 | L22: 0 | M22: 0 | N22: 0 | O22: 0 | P22: 0 | Q22: =SUM(F22:J22)+SUM(L22:P22) -> 0 | R22: =+D22-Q22 -> 0
A23: 666536 | B23: TISS,PORCINE,THORACIC BLOCK, LARGE | D23: 20 | E23: =+D23/6 -> 3.3333333 | F23: 1 | G23: 0 | H23: 0 | I23: 0 | J23: 0 | K23: =(+D23-SUM(F23:J23))/3.5 -> 5.4285714 | L23: 6 | M23: 0 | N23: 1 | O23: 6 | P23: 1
A25: =+A1 -> Weeks of 1/5 &1/12
B26: Martins | C26: Jordan | D26: Martin Ask | E26: Martin Daily Goal | F26: Monday achieved | G26: Tuesday Achieved | H26: Wed Achieved | I26: Thursday Achieved | J26: Friday Achieved | K26: =+K2 -> 2nd wk daily goals | L26: Monday achieved | M26: Tuesday Achieved | N26: Wed Achieved | O26: Thursday Achieved | P26: Friday Achieved | R26: Left to harvest
A27: 666501 | B27: TISS,PORCINE,AORTA SEGMENTS | C27: Aorta | D27: 300 | E27: =+D27/7 -> 42.857143 | F27: 51 | G27: 51 | H27: 48 | I27: 0 | J27: 0 | K27: =(+D27-SUM(F27:J27))/4 -> 37.5 | L27: 150 | M27: 0 | N27: 0 | O27: 0 | P27: 0 | Q27: =SUM(F27:J27)+SUM(L27:P27) -> 300 | R27: =+D27-Q27 -> 0 | S27: =+R27/3 -> 0
A28: 666502 | B28: TISS,PORCINE,BARIATRIC BLOCK | C28: Bariatric | D28: 150 | E28: =+D28/7 -> 21.428571 | F28: 11 | G28: 10 | H28: 14 | I28: 0 | J28: 0 | K28: =(+D28-SUM(F28:J28))/4 -> 28.75 | L28: 17 | M28: 33 | N28: 18 | O28: 47 | P28: 0 | Q28: =SUM(F28:J28)+SUM(L28:P28) -> 150 | R28: =+D28-Q28 -> 0 | S28: =+R28/3 -> 0
A29: 666505 | B29: TISS,PORCINE,LIVER | C29: Liver | D29: 0 | E29: =+D29/7 -> 0 | F29: 0 | G29: 0 | H29: 0 | I29: 0 | J29: 0 | K29: =(+D29-SUM(F29:J29))/4 -> 0 | L29: 0 | M29: 0 | N29: 0 | O29: 0 | P29: 0 | Q29: =SUM(F29:J29)+SUM(L29:P29) -> 0 | R29: =+D29-Q29 -> 0 | S29: =+R29/3 -> 0
A30: 666506 | B30: TISS,PORCINE,PELVIC BLOCK | C30: Pelvic Block Non-Intact | D30: 200 | E30: =+D30/7 -> 28.571429 | F30: 0 | G30: 0 | H30: 0 | I30: 0 | J30: 0 | K30: =(+D30-SUM(F30:J30))/4 -> 50 | L30: 20 | M30: 74 | N30: 46 | O30: 60 | P30: 0 | Q30: =SUM(F30:J30)+SUM(L30:P30) -> 200 | R30: =+D30-Q30 -> 0 | S30: =+R30/3 -> 0
A31: 666507 | B31: TISS,PORCINE,FULL THOR AND BARI BLOCK | C31: Full Body | D31: 0 | E31: =+D31/7 -> 0 | F31: 0 | G31: 0 | H31: 0 | I31: 0 | J31: 0 | K31: =(+D31-SUM(F31:J31))/4 -> 0 | L31: 0 | M31: 0 | N31: 0 | O31: 0 | P31: 0 | Q31: =SUM(F31:J31)+SUM(L31:P31) -> 0 | R31: =+D31-Q31 -> 0 | S31: =+R31/3 -> 0
A32: 666509 | B32: TISS,PORCINE,JEJUNUM,W/LYMPH NODES (6FT) | C32: Jejunum 6' | D32: 0 | E32: =+D32/7 -> 0 | F32: 0 | G32: 0 | H32: 0 | I32: 0 | J32: 0 | K32: =(+D32-SUM(F32:J32))/4 -> 0 | L32: 0 | M32: 0 | N32: 0 | O32: 0 | P32: 0 | Q32: =SUM(F32:J32)+SUM(L32:P32) -> 0 | R32: =+D32-Q32 -> 0 | S32: =+R32/3 -> 0
A33: 666510 | B33: TISS,PORCINE,JEJUNUM,W/LYMPH NODES (2FT) | C33: Jejunum | D33: 0 | E33: =+D33/7 -> 0 | F33: 0 | G33: 0 | H33: 0 | I33: 0 | J33: 0 | K33: =(+D33-SUM(F33:J33))/4 -> 0 | L33: 0 | M33: 0 | N33: 0 | O33: 0 | P33: 0 | Q33: =SUM(F33:J33)+SUM(L33:P33) -> 0 | R33: =+D33-Q33 -> 0 | S33: =+R33/3 -> 0
A34: 666511 | B34: TISS,PORCINE,KIDNEY BLOCK | C34: Kidney | D34: 0 | E34: =+D34/7 -> 0 | F34: 0 | G34: 0 | H34: 0 | I34: 0 | J34: 0 | K34: =(+D34-SUM(F34:J34))/4 -> 0 | L34: 0 | M34: 0 | N34: 0 | O34: 0 | P34: 0 | Q34: =SUM(F34:J34)+SUM(L34:P34) -> 0 | R34: =+D34-Q34 -> 0 | S34: =+R34/3 -> 0
A35: 666513 | B35: TISS,PORCINE,LIVER WITH GALLBLADDER | C35: Liver w/GB | D35: 0 | E35: =+D35/7 -> 0 | F35: 0 | G35: 0 | H35: 0 | I35: 0 | J35: 0 | K35: =(+D35-SUM(F35:J35))/4 -> 0 | L35: 0 | M35: 0 | N35: 0 | O35: 0 | P35: 0 | Q35: =SUM(F35:J35)+SUM(L35:P35) -> 0 | R35: =+D35-Q35 -> 0 | S35: =+R35/3 -> 0
A36: 666516 | B36: TISS,PORCINE,OMENTUM | C36: Omentum | D36: 0 | E36: =+D36/7 -> 0 | F36: 0 | G36: 0 | H36: 0 | I36: 0 | J36: 0 | K36: =(+D36-SUM(F36:J36))/4 -> 0 | L36: 0 | M36: 0 | N36: 0 | O36: 0 | P36: 0 | Q36: =SUM(F36:J36)+SUM(L36:P36) -> 0 | R36: =+D36-Q36 -> 0 | S36: =+R36/3 -> 0
A37: 666517 | B37: TISSUE, PORCINE, PANCREAS | C37: Pancreas | D37: 0 | E37: =+D37/7 -> 0 | F37: 0 | G37: 0 | H37: 0 | I37: 0 | J37: 0 | K37: =(+D37-SUM(F37:J37))/4 -> 0 | L37: 0 | M37: 0 | N37: 0 | O37: 0 | P37: 0 | Q37: =SUM(F37:J37)+SUM(L37:P37) -> 0 | R37: =+D37-Q37 -> 0 | S37: =+R37/2 -> 0
A38: 666518 | B38: TISS,PORCINE,FEM,PELVIC BLOCK,INTACT,SM | C38: Pelvic Block SM Intact | D38: 0 | E38: =+D38/7 -> 0 | F38: 0 | G38: 0 | H38: 0 | I38: 0 | J38: 0 | K38: =(+D38-SUM(F38:J38))/4 -> 0 | L38: 0 | M38: 0 | N38: 0 | O38: 0 | P38: 0 | Q38: =SUM(F38:J38)+SUM(L38:P38) -> 0 | R38: =+D38-Q38 -> 0 | S38: =+R38/3 -> 0
A39: 666519 | B39: TISSUE, PORCINE, SPLEEN | C39: Spleen | D39: 0 | E39: =+D39/7 -> 0 | F39: 0 | G39: 0 | H39: 0 | I39: 0 | J39: 0 | K39: =(+D39-SUM(F39:J39))/4 -> 0 | L39: 0 | M39: 0 | N39: 0 | O39: 0 | P39: 0 | Q39: =SUM(F39:J39)+SUM(L39:P39) -> 0 | R39: =+D39-Q39 -> 0
A40: 666521 | B40: TISS,PORCINE,THORACIC BLOCK | C40: Hearts | D40: 0 | E40: =+D40/7 -> 0 | F40: 0 | G40: 0 | H40: 0 | I40: 0 | J40: 0 | K40: =(+D40-SUM(F40:J40))/4 -> 0 | L40: 0 | M40: 0 | N40: 0 | O40: 0 | P40: 0 | Q40: =SUM(F40:J40)+SUM(L40:P40) -> 0 | R40: =+D40-Q40 -> 0
A41: 666522 | B41: TISS,PORCINE,URETER | C41: Ureters | D41: 190 | E41: =+D41/7 -> 27.142857 | F41: 115 | G41: 45 | H41: 30 | I41: 0 | J41: 0 | K41: =(+D41-SUM(F41:J41))/4 -> 0 | L41: 112 | M41: 0 | N41: 0 | O41: 0 | P41: 0 | Q41: =SUM(F41:J41)+SUM(L41:P41) -> 302 | R41: =+D41-Q41 -> -112
A42: 666523 | B42: TISSUE, PORCINE, VENA CAVA | C42: Vena Cava | D42: 112 | E42: =+D42/7 -> 16 | F42: 0 | G42: 0 | H42: 0 | I42: 0 | J42: 0 | K42: =(+D42-SUM(F42:J42))/4 -> 28 | L42: 0 | M42: 0 | N42: 0 | O42: 0 | P42: 0 | Q42: =SUM(F42:J42)+SUM(L42:P42) -> 0 | R42: =+D42-Q42 -> 112
A43: 666530 | B43: TISS,PORCINE,STOMACH | C43: Stomach | D43: 0 | E43: =+D43/7 -> 0 | F43: 0 | G43: 0 | H43: 0 | I43: 0 | J43: 0 | K43: =(+D43-SUM(F43:J43))/4 -> 0 | L43: 0 | M43: 0 | N43: 0 | O43: 0 | P43: 0 | Q43: =SUM(F43:J43)+SUM(L43:P43) -> 0 | R43: =+D43-Q43 -> 0
A44: 666531 | B44: TISS,PORCINE,DIAPHRAGM | C44: Diaphragms | D44: 0 | E44: =+D44/7 -> 0 | F44: 0 | G44: 0 | H44: 0 | I44: 0 | J44: 0 | K44: =(+D44-SUM(F44:J44))/4 -> 0 | L44: 0 | M44: 11 | N44: 10 | O44: 25 | P44: 0 | Q44: =SUM(F44:J44)+SUM(L44:P44) -> 46 | R44: =+D44-Q44 -> -46 | S44: =+R44/3 -> -15.333333
A45: 666540 | B45: Male Pelvic | C45: Male Pelvic | D45: 240 | E45: =+D45/7 -> 34.285714 | F45: 20 | G45: 17 | H45: 4 | I45: 0 | J45: 0 | K45: =(+D45-SUM(F45:J45))/4 -> 49.75 | L45: 0 | M45: 11 | N45: 10 | O45: 25 | P45: 0 | Q45: =SUM(F45:J45)+SUM(L45:P45) -> 87 | R45: =+D45-Q45 -> 153 | S45: =+R45/3 -> 51
A46: 666541 | B46: Female Pelvic | D46: 240 | E46: =+D46/7 -> 34.285714 | F46: 51 | G46: 67 | H46: 57 | I46: 0 | J46: 0 | K46: =(+D46-SUM(F46:J46))/4 -> 16.25 | L46: 55 | M46: 10 | N46: 0 | O46: 0 | P46: 0
A47: 666536 | B47: TISS,PORCINE,THORACIC BLOCK, LARGE | C47: Female Pelvic | D47: 0 | E47: =+D47/7 -> 0 | F47: 0 | G47: 0 | H47: 0 | I47: 0 | J47: 0 | K47: =(+D47-SUM(F47:J47))/4 -> 0 | L47: 0 | M47: 0 | N47: 0 | O47: 0 | P47: 0 | Q47: =SUM(F47:J47)+SUM(L47:P47) -> 0 | R47: =+D47-Q47 -> 0 | S47: =+R47/3 -> 0
A49: =+A1 -> Weeks of 1/5 &1/12
B50: Custom | D50: Custom Ask | E50: Custom Daily Goal | F50: Monday achieved | G50: Tuesday Achieved | H50: Wednesday Achieved | I50: Thursday Achieved | J50: Friday Achieved | K50: =+K26 -> 2nd wk daily goals | L50: Monday achieved | M50: Tuesday Achieved | N50: Wednesday Achieved | O50: Thursday Achieved | P50: Friday Achieved | R50: Left to harvest
A51: 666501 | B51: TISS,PORCINE,AORTA SEGMENTS | C51: Aorta | D51: 30 | E51: =+D51/2 -> 15 | F51: 0 | G51: 0 | H51: 0 | I51: 0 | J51: 0 | K51: =(+D51-SUM(F51:J51))/4 -> 7.5 | L51: 0 | M51: 0 | N51: 0 | O51: 0 | P51: 0 | Q51: =SUM(F51:J51)+SUM(L51:P51) -> 0 | R51: =+D51-Q51 -> 30
A52: 666502 | B52: TISS,PORCINE,BARIATRIC BLOCK | C52: Bariatric | D52: 40 | E52: =+D52/2 -> 20 | F52: 0 | G52: 0 | H52: 0 | I52: 0 | J52: 0 | K52: =(+D52-SUM(F52:J52))/4 -> 10 | L52: 0 | M52: 0 | N52: 0 | O52: 0 | P52: 0 | Q52: =SUM(F52:J52)+SUM(L52:P52) -> 0 | R52: =+D52-Q52 -> 40
A53: 666505 | B53: TISS,PORCINE,LIVER | C53: Liver | D53: 42 | E53: =+D53/2 -> 21 | F53: 0 | G53: 0 | H53: 0 | I53: 0 | J53: 0 | K53: =(+D53-SUM(F53:J53))/4 -> 10.5 | L53: 0 | M53: 0 | N53: 0 | O53: 0 | P53: 0 | Q53: =SUM(F53:J53)+SUM(L53:P53) -> 0 | R53: =+D53-Q53 -> 42
A54: 666506 | B54: TISS,PORCINE,PELVIC BLOCK | C54: Pelvic Block Non-Intact | D54: 0 | E54: =+D54/2 -> 0 | F54: 0 | G54: 0 | H54: 0 | I54: 0 | J54: 0 | K54: =(+D54-SUM(F54:J54))/4 -> 0 | L54: 0 | M54: 0 | N54: 0 | O54: 0 | P54: 0 | Q54: =SUM(F54:J54)+SUM(L54:P54) -> 0 | R54: =+D54-Q54 -> 0
A55: 666507 | B55: TISS,PORCINE,FULL THOR AND BARI BLOCK | C55: Full Body | D55: 0 | E55: =+D55/2 -> 0 | F55: 0 | G55: 0 | H55: 0 | I55: 0 | J55: 0 | K55: =(+D55-SUM(F55:J55))/4 -> 0 | L55: 0 | M55: 0 | N55: 0 | O55: 0 | P55: 0 | Q55: =SUM(F55:J55)+SUM(L55:P55) -> 0 | R55: =+D55-Q55 -> 0
A56: 666509 | B56: TISS,PORCINE,JEJUNUM,W/LYMPH NODES (6FT) | C56: Jejunum 6' | D56: 0 | E56: =+D56/2 -> 0 | F56: 0 | G56: 0 | H56: 0 | I56: 0 | J56: 0 | K56: =(+D56-SUM(F56:J56))/4 -> 0 | L56: 0 | M56: 0 | N56: 0 | O56: 0 | P56: 0 | Q56: =SUM(F56:J56)+SUM(L56:P56) -> 0 | R56: =+D56-Q56 -> 0
A57: 666510 | B57: TISS,PORCINE,JEJUNUM,W/LYMPH NODES (2FT) | C57: Jejunum | D57: 0 | E57: =+D57/2 -> 0 | F57: 0 | G57: 0 | H57: 0 | I57: 0 | J57: 0 | K57: =(+D57-SUM(F57:J57))/4 -> 0 | L57: 0 | M57: 0 | N57: 0 | O57: 0 | P57: 0 | Q57: =SUM(F57:J57)+SUM(L57:P57) -> 0 | R57: =+D57-Q57 -> 0
A58: 666511 | B58: TISS,PORCINE,KIDNEY BLOCK | C58: Kidney | D58: 0 | E58: =+D58/2 -> 0 | F58: 0 | G58: 0 | H58: 0 | I58: 0 | J58: 0 | K58: =(+D58-SUM(F58:J58))/4 -> 0 | L58: 0 | M58: 0 | N58: 0 | O58: 0 | P58: 0 | Q58: =SUM(F58:J58)+SUM(L58:P58) -> 0 | R58: =+D58-Q58 -> 0
A59: 666513 | B59: TISS,PORCINE,LIVER WITH GALLBLADDER | C59: Liver w/GB | D59: 46 | E59: =+D59/2 -> 23 | F59: 0 | G59: 0 | H59: 0 | I59: 0 | J59: 0 | K59: =(+D59-SUM(F59:J59))/4 -> 11.5 | L59: 0 | M59: 0 | N59: 0 | O59: 0 | P59: 0 | Q59: =SUM(F59:J59)+SUM(L59:P59) -> 0 | R59: =+D59-Q59 -> 46
A60: 666516 | B60: TISS,PORCINE,OMENTUM | C60: Omentum | D60: 32 | E60: =+D60/2 -> 16 | F60: 0 | G60: 0 | H60: 0 | I60: 0 | J60: 0 | K60: =(+D60-SUM(F60:J60))/4 -> 8 | L60: 0 | M60: 0 | N60: 0 | O60: 0 | P60: 0 | Q60: =SUM(F60:J60)+SUM(L60:P60) -> 0 | R60: =+D60-Q60 -> 32
A61: 666517 | B61: TISSUE, PORCINE, PANCREAS | C61: Pancreas | D61: 19 | E61: =+D61/2 -> 9.5 | F61: 0 | G61: 0 | H61: 0 | I61: 0 | J61: 0 | K61: =(+D61-SUM(F61:J61))/4 -> 4.75 | L61: 0 | M61: 0 | N61: 0 | O61: 0 | P61: 0 | Q61: =SUM(F61:J61)+SUM(L61:P61) -> 0 | R61: =+D61-Q61 -> 19
A62: 666518 | B62: TISS,PORCINE,FEM,PELVIC BLOCK,INTACT,SM | C62: Pelvic Block SM Intact | D62: 0 | E62: =+D62/2 -> 0 | F62: 0 | G62: 0 | H62: 0 | I62: 0 | J62: 0 | K62: =(+D62-SUM(F62:J62))/4 -> 0 | L62: 0 | M62: 0 | N62: 0 | O62: 0 | P62: 0 | Q62: =SUM(F62:J62)+SUM(L62:P62) -> 0 | R62: =+D62-Q62 -> 0
... A69: 666540 | B69: Male Pelvic | C69: Male Pelvic | D69: 0 | E69: =+D69/2 -> 0 | F69: 0 | G69: 0 | H69: 0 | I69: 0 | J69: 0 | K69: =(+D69-SUM(F69:J69))/4 -> 0 | L69: 0 | M69: 0 | N69: 0 | O69: 0 | P69: 0 | Q69: =SUM(F69:J69)+SUM(L69:P69) -> 0 | R69: =+D69-Q69 -> 0
A70: 666541 | B70: Female Pelvic | C70: Female Pelvic | D70: 0 | E70: =+D70/2 -> 0 | F70: 0 | G70: 0 | H70: 0 | I70: 0 | J70: 0 | K70: =(+D70-SUM(F70:J70))/4 -> 0 | L70: 0 | M70: 0 | N70: 0 | O70: 0 | P70: 0
A71: 666536 | B71: TISS,PORCINE,THORACIC BLOCK, LARGE | C71: Female Pelvic | D71: 0 | E71: =+D71/2 -> 0 | F71: 0 | G71: 0 | H71: 0 | I71: 0 | J71: 0 | K71: =(+D71-SUM(F71:J71))/4 -> 0 | L71: 0 | M71: 0 | N71: 0 | O71: 0 | P71: 0 | Q71: =SUM(F71:J71)+SUM(L71:P71) -> 0 | R71: =+D71-Q71 -> 0

Sheet Sheet4
C1: 2 Week WO total Ask
D2: Demand | E2: Nahunta Ask | F2: Nahunta Achieved | G2: Martin Ask | H2: Martin Achieved | I2: Custom Ask | J2: Custom Achieved | K2: Total Goal | L2: Total Achieved
C3: Tech Harvesting
A4: PN | B4: Agile Description | C4: Common Name
C5: Total Pigs Received | F5: 60 | H5: 346 | J5: 0 | L5: =SUM(F5:J5) -> 406
A6: 666501 | B6: TISS,PORCINE,AORTA SEGMENTS | C6: Aorta | D6: =+K6 -> 363 | E6: 33 | F6: 33 | G6: 300 | H6: 300 | I6: 30 | J6: 0 | K6: 363 | L6: =SUM(F6,H6,J6) -> 333
A7: 666502 | B7: TISS,PORCINE,BARIATRIC BLOCK | C7: Bariatric | D7: =+K7 -> 190 | E7: 0 | F7: 0 | G7: 150 | H7: 150 | I7: 40 | J7: 0 | K7: 190 | L7: =SUM(F7,H7,J7) -> 150
A8: 666505 | B8: TISS,PORCINE,LIVER | C8: Liver | D8: =+K8 -> 62 | E8: 20 | F8: 20 | G8: 0 | H8: 0 | I8: 42 | J8: 0 | K8: 62 | L8: =SUM(F8,H8,J8) -> 20
A9: 666506 | B9: TISS,PORCINE,PELVIC BLOCK | C9: Pelvic Block Non-Intact | D9: =+K9 -> 200 | E9: 0 | F9: 0 | G9: 200 | H9: 200 | I9: 0 | J9: 0 | K9: 200 | L9: =SUM(F9,H9,J9) -> 200
A10: 666507 | B10: TISS,PORCINE,FULL THOR AND BARI BLOCK | C10: Full Body | D10: =+K10 -> 60 | E10: 60 | F10: 60 | G10: 0 | H10: 0 | I10: 0 | J10: 0 | K10: 60 | L10: =SUM(F10,H10,J10) -> 60
A11: 666509 | B11: TISS,PORCINE,JEJUNUM,W/LYMPH NODES (6FT) | C11: Jejunum 6' | D11: =+K11 -> 160 | E11: 160 | F11: 106 | G11: 0 | H11: 0 | I11: 0 | J11: 0 | K11: 160 | L11: =SUM(F11,H11,J11) -> 106
A12: 666510 | B12: TISS,PORCINE,JEJUNUM,W/LYMPH NODES (2FT) | C12: Jejunum | D12: =+K12 -> 0 | E12: 0 | F12: 0 | G12: 0 | H12: 0 | I12: 0 | J12: 0 | K12: 0 | L12: =SUM(F12,H12,J12) -> 0
A13: 666511 | B13: TISS,PORCINE,KIDNEY BLOCK | C13: Kidney | D13: =+K13 -> 6 | E13: 6 | F13: 6 | G13: 0 | H13: 0 | I13: 0 | J13: 0 | K13: 6 | L13: =SUM(F13,H13,J13) -> 6
A14: 666513 | B14: TISS,PORCINE,LIVER WITH GALLBLADDER | C14: Liver w/GB | D14: =+K14 -> 66 | E14: 20 | F14: 20 | G14: 0 | H14: 0 | I14: 46 | J14: 0 | K14: 66 | L14: =SUM(F14,H14,J14) -> 20
A15: 666516 | B15: TISS,PORCINE,OMENTUM | C15: Omentum | D15: =+K15 -> 64 | E15: 32 | F15: 32 | G15: 0 | H15: 0 | I15: 32 | J15: 0 | K15: 64 | L15: =SUM(F15,H15,J15) -> 32
A16: 666517 | B16: TISSUE, PORCINE, PANCREAS | C16: Pancreas | D16: =+K16 -> 60 | E16: 41 | F16: 41 | G16: 0 | H16: 0 | I16: 19 | J16: 0 | K16: 60 | L16: =SUM(F16,H16,J16) -> 41
A17: 666518 | B17: TISS,PORCINE,FEM,PELVIC BLOCK,INTACT,SM | C17: Pelvic Block SM Intact | D17: =+K17 -> 0 | E17: 0 | F17: 0 | G17: 0 | H17: 0 | I17: 0 | J17: 0 | K17: 0 | L17: =SUM(F17,H17,J17) -> 0
... A25: 666541 | B25: Female Pelvic | C25: Female Pelvic | D25: =+K25 -> 240 | E25: 0 | F25: 0 | G25: 240 | H25: 240 | I25: 0 | J25: 0 | K25: 240 | L25: =SUM(F25,H25,J25) -> 240
A26: 666536 | B26: TISS,PORCINE,THORACIC BLOCK, LARGE | C26: XL Hearts | E26: 20 | F26: 15 | G26: 0 | H26: 0 | I26: 0 | J26: 0 | K26: 20 | L26: =SUM(F26,H26,J26) -> 15

Sheet 1_12_26
C1: week 1 of 2 | D1: Demand | E1: Nahunta Ask | F1: Nahunta Achieved | G1: Martin Ask | H1: Martin Achieved | I1: Custom Ask | J1: Custom Achieved | K1: Total Goal | L1: Total Achieved | M1: Nahunta | N1: Martin | O1: Custom | P1: Nahunta | Q1: Martin | R1: Custom | S1: Nahunta | T1: Martin | U1: Custom | V1: Nahunta | W1: Martin | X1: Custom | Y1: Nahunta | Z1: Martin | AA1: Custom
C2: Tech Harvesting | M2: Wilfredo | N2: Jesus | O2: Jordan | P2: Wilfredo | Q2: Jesus | R2: Jordan | S2: Wilfredo | T2: Jesus | U2: Jordan | V2: Wilfredo | W2: Jesus | X2: Jordan | Y2: Wilfredo | Z2: Jesus | AA2: Jordan
A3: PN | B3: Agile Description | C3: Common Name | M3: M | N3: M | O3: M | P3: T | Q3: T | R3: T | S3: W | T3: W | U3: W | V3: Th | W3: Th | X3: Th | Y3: F | Z3: F | AA3: F
C4: Total Pigs Received | F4: =+M4+P4+S4+V4+Y4 -> 111 | H4: =+N4+Q4+T4+W4+Z4 -> 400 | J4: =+O4+R4+U4+X4+AA4 -> 48 | L4: =SUM(F4:J4) -> 559 | M4: 30 | N4: 135 | O4: 48 | Q4: 100 | S4: 31 | T4: 10 | V4: 26 | W4: 75 | Y4: 24 | Z4: 80
A5: 666501 | B5: TISS,PORCINE,AORTA SEGMENTS | C5: Aorta | F5: =SUM(M5,P5,S5,V5,Y5) -> 0 | H5: =SUM(N5,Q5,T5,W5,Z5) -> 0 | J5: =SUM(O5,R5,U5,X5,AA5) -> 0 | K5: =+E5+G5+I5 -> 0 | L5: =SUM(F5,H5,J5) -> 0
A6: 666502 | B6: TISS,PORCINE,BARIATRIC BLOCK | C6: Bariatric | F6: =SUM(M6,P6,S6,V6,Y6) -> 0 | G6: 307 | H6: =SUM(N6,Q6,T6,W6,Z6) -> 142 | I6: 40 | J6: =SUM(O6,R6,U6,X6,AA6) -> 0 | K6: =+E6+G6+I6 -> 347 | L6: =SUM(F6,H6,J6) -> 142 | N6: 25 | Q6: 32 | T6: 50 | W6: 12 | Z6: 23
A7: 666505 | B7: TISS,PORCINE,LIVER | C7: Liver | E7: 19 | F7: =SUM(M7,P7,S7,V7,Y7) -> 19 | H7: =SUM(N7,Q7,T7,W7,Z7) -> 0 | I7: 41 | J7: =SUM(O7,R7,U7,X7,AA7) -> 41 | K7: =+E7+G7+I7 -> 60 | L7: =SUM(F7,H7,J7) -> 60 | M7: 9 | O7: 41 | S7: 10
A8: 666506 | B8: TISS,PORCINE,PELVIC BLOCK | C8: Pelvic Block Non-Intact | F8: =SUM(M8,P8,S8,V8,Y8) -> 0 | G8: 200 | H8: =SUM(N8,Q8,T8,W8,Z8) -> 8 | J8: =SUM(O8,R8,U8,X8,AA8) -> 0 | K8: =+E8+G8+I8 -> 200 | L8: =SUM(F8,H8,J8) -> 8 | Z8: 8
A9: 666507 | B9: TISS,PORCINE,FULL THOR AND BARI BLOCK | C9: Full Body | E9: 50 | F9: =SUM(M9,P9,S9,V9,Y9) -> 31 | H9: =SUM(N9,Q9,T9,W9,Z9) -> 0 | J9: =SUM(O9,R9,U9,X9,AA9) -> 0 | K9: =+E9+G9+I9 -> 50 | L9: =SUM(F9,H9,J9) -> 31 | M9: 11 | S9: 6 | V9: 7 | Y9: 7
A10: 666509 | B10: TISS,PORCINE,JEJUNUM,W/LYMPH NODES (6FT) | C10: Jejunum 6' | E10: 100 | F10: =SUM(M10,P10,S10,V10,Y10) -> 63 | H10: =SUM(N10,Q10,T10,W10,Z10) -> 0 | J10: =SUM(O10,R10,U10,X10,AA10) -> 0 | K10: =+E10+G10+I10 -> 100 | L10: =SUM(F10,H10,J10) -> 63 | M10: 13 | S10: 19 | V10: 21 | Y10: 10
A11: 666510 | B11: TISS,PORCINE,JEJUNUM,W/LYMPH NODES (2FT) | C11: Jejunum 2' | F11: =SUM(M11,P11,S11,V11,Y11) -> 0 | H11: =SUM(N11,Q11,T11,W11,Z11) -> 0 | J11: =SUM(O11,R11,U11,X11,AA11) -> 0 | K11: =+E11+G11+I11 -> 0 | L11: =SUM(F11,H11,J11) -> 0
A12: 666511 | B12: TISS,PORCINE,KIDNEY BLOCK | C12: Kidney | E12: 8 | F12: =SUM(M12,P12,S12,V12,Y12) -> 8 | H12: =SUM(N12,Q12,T12,W12,Z12) -> 0 | J12: =SUM(O12,R12,U12,X12,AA12) -> 0 | K12: =+E12+G12+I12 -> 8 | L12: =SUM(F12,H12,J12) -> 8 | Y12: 8
A13: 666513 | B13: TISS,PORCINE,LIVER WITH GALLBLADDER | C13: Liver w/GB | F13: =SUM(M13,P13,S13,V13,Y13) -> 0 | H13: =SUM(N13,Q13,T13,W13,Z13) -> 0 | J13: =SUM(O13,R13,U13,X13,AA13) -> 0 | K13: =+E13+G13+I13 -> 0 | L13: =SUM(F13,H13,J13) -> 0
A14: 666516 | B14: TISS,PORCINE,OMENTUM | C14: Omentum | E14: 20 | F14: =SUM(M14,P14,S14,V14,Y14) -> 20 | H14: =SUM(N14,Q14,T14,W14,Z14) -> 0 | I14: 20 | J14: =SUM(O14,R14,U14,X14,AA14) -> 4 | K14: =+E14+G14+I14 -> 40 | L14: =SUM(F14,H14,J14) -> 24 | O14: 4 | S14: 20
A15: 666517 | B15: TISSUE, PORCINE, PANCREAS | C15: Pancreas | E15: 33 | F15: =SUM(M15,P15,S15,V15,Y15) -> 33 | H15: =SUM(N15,Q15,T15,W15,Z15) -> 0 | I15: 15 | J15: =SUM(O15,R15,U15,X15,AA15) -> 5 | K15: =+E15+G15+I15 -> 48 | L15: =SUM(F15,H15,J15) -> 38 | M15: 14 | O15: 5 | S15: 19
A16: 666518 | B16: TISS,PORCINE,FEM,PELVIC BLOCK,INTACT,SM | C16: Pelvic Block SM Intact | F16: =SUM(M16,P16,S16,V16,Y16) -> 0 | H16: =SUM(N16,Q16,T16,W16,Z16) -> 0 | J16: =SUM(O16,R16,U16,X16,AA16) -> 0 | K16: =+E16+G16+I16 -> 0 | L16: =SUM(F16,H16,J16) -> 0
A17: 666519 | B17: TISSUE, PORCINE, SPLEEN | C17: Spleen | E17: 30 | F17: =SUM(M17,P17,S17,V17,Y17) -> 30 | H17: =SUM(N17,Q17,T17,W17,Z17) -> 0 | I17: 30 | J17: =SUM(O17,R17,U17,X17,AA17) -> 4 | K17: =+E17+G17+I17 -> 60 | L17: =SUM(F17,H17,J17) -> 34 | M17: 6 | O17: 4 | S17: 24
A18: 666521 | B18: TISS,PORCINE,THORACIC BLOCK | C18: Hearts | F18: =SUM(M18,P18,S18,V18,Y18) -> 0 | H18: =SUM(N18,Q18,T18,W18,Z18) -> 0 | J18: =SUM(O18,R18,U18,X18,AA18) -> 0 | K18: =+E18+G18+I18 -> 0 | L18: =SUM(F18,H18,J18) -> 0
A19: 666522 | B19: TISS,PORCINE,URETER | C19: Ureters | E19: 140 | F19: =SUM(M19,P19,S19,V19,Y19) -> 125 | G19: 205 | H19: 205 | I19: 85 | J19: =SUM(O19,R19,U19,X19,AA19) -> 65 | K19: =+E19+G19+I19 -> 430 | L19: =SUM(F19,H19,J19) -> 395 | M19: 45 | N19: 165 | O19: 65 | Q19: 50 | S19: 20 | V19: 40 | Y19: 20
A20: 666523 | B20: TISSUE, PORCINE, VENA CAVA | C20: Vena Cava | F20: =SUM(M20,P20,S20,V20,Y20) -> 0 | G20: 47 | H20: =SUM(N20,Q20,T20,W20,Z20) -> 47 | I20: 12 | J20: =SUM(O20,R20,U20,X20,AA20) -> 3 | K20: =+E20+G20+I20 -> 59 | L20: =SUM(F20,H20,J20) -> 50 | N20: 47 | O20: 3
A21: 666530 | B21: TISS,PORCINE,STOMACH | C21: Stomach | E21: 5 | F21: =SUM(M21,P21,S21,V21,Y21) -> 5 | H21: =SUM(N21,Q21,T21,W21,Z21) -> 0 | I21: 15 | J21: =SUM(O21,R21,U21,X21,AA21) -> 0 | K21: =+E21+G21+I21 -> 20 | L21: =SUM(F21,H21,J21) -> 5 | M21: 1 | S21: 4
A22: 666531 | B22: TISS,PORCINE,DIAPHRAGM | C22: Diaphragms | E22: 18 | F22: =SUM(M22,P22,S22,V22,Y22) -> 18 | H22: =SUM(N22,Q22,T22,W22,Z22) -> 0 | I22: 8 | J22: =SUM(O22,R22,U22,X22,AA22) -> 0 | K22: =+E22+G22+I22 -> 26 | L22: =SUM(F22,H22,J22) -> 18 | M22: 1 | S22: 17
A23: 666540 | B23: Male Pelvic | C23: Male Pelvic | F23: =SUM(M23,P23,S23,V23,Y23) -> 0 | G23: 240 | H23: =SUM(N23,Q23,T23,W23,Z23) -> 45 | J23: =SUM(O23,R23,U23,X23,AA23) -> 0 | K23: =+E23+G23+I23 -> 240 | L23: =SUM(F23,H23,J23) -> 45 | N23: 6 | Q23: 12 | T23: 11 | W23: 10 | Z23: 6
A24: 666541 | B24: Female Pelvic | C24: Female Pelvic | F24: =SUM(M24,P24,S24,V24,Y24) -> 0 | G24: 240 | H24: 158 | J24: =SUM(O24,R24,U24,X24,AA24) -> 0 | K24: =+E24+G24+I24 -> 240 | L24: =SUM(F24,H24,J24) -> 158 | N24: 28 | Q24: 40 | T24: 28 | W24: 41 | Z24: 22
A25: 666536 | B25: TISS,PORCINE,THORACIC BLOCK, LARGE | C25: XL Hearts | E25: 2 | F25: =SUM(M25,P25,S25,V25,Y25) -> 2 | H25: =SUM(N25,Q25,T25,W25,Z25) -> 0 | J25: =SUM(O25,R25,U25,X25,AA25) -> 0 | K25: =+E25+G25+H25 -> 2 | L25: =SUM(F25,H25,J25) -> 2 | S25: 2
C48: Name | J48: Name | K48: Goal | L48: Harvested | M48: +/- | N48: % of goal
C49: =+N2 -> Jesus | J49: Jordan | K49: =SUM(E5:E22) -> 423 | L49: =SUM(F5:F22) -> 352 | M49: =+L49-K49 -> -71 | N49: =+L49/K49 -> 0.8321513
C50: =+M2 -> Wilfredo | J50: Wilfredo | K50: =SUM(G5:G22) -> 759 | L50: =SUM(H5:H22) -> 402 | M50: =+L50-K50 -> -357 | N50: =+L50/K50 -> 0.52964427
J51: Damien | K51: =SUM(I5:I22) -> 266 | L51: =SUM(J5:J22) -> 122 | M51: =+L51-K51 -> -144 | N51: =+L51/K51 -> 0.45864662

Sheet 1_19_26
C1: Week 2 of 2 | D1: Demand | E1: Nahunta Ask | F1: Nahunta Achieved | G1: Martin Ask | H1: Martin Achieved | I1: Custom Ask | J1: Custom Achieved | K1: Total Goal | L1: Total Achieved | M1: Nahunta | N1: Martin | O1: Custom | P1: Nahunta | Q1: Martin | R1: Custom | S1: Nahunta | T1: Martin | U1: Custom | V1: Nahunta | W1: Martin | X1: Custom | Y1: Nahunta | Z1: Martin | AA1: Custom
C2: Tech Harvesting | M2: Wilfredo | N2: Jesus | O2: Jordan | P2: Wilfredo | Q2: Jesus | R2: Jordan | S2: Wilfredo | T2: Jesus | U2: Jordan | V2: Wilfredo | W2: Jesus | X2: Wilfredo | Y2: Wilfredo | Z2: Jesus | AA2: Jordan
A3: PN | B3: Agile Description | C3: Common Name | M3: M | N3: M | O3: M | P3: T | Q3: T | R3: T | S3: W | T3: W | U3: W | V3: Th | W3: Th | X3: Th | Y3: F | Z3: F | AA3: F
C4: Total Pigs Received | F4: =+M4+P4+S4+V4+Y4 -> 40 | H4: =+N4+Q4+T4+W4+Z4 -> 223 | J4: =+O4+R4+U4+X4+AA4 -> 36 | Q4: 120 | S4: 28 | W4: 28 | X4: 36 | Y4: 12 | Z4: 75
A5: 666501 | B5: TISS,PORCINE,AORTA SEGMENTS | C5: Aorta | E5: 0 | F5: =+M5+P5+S5+V5+Y5 -> 0 | G5: 0 | H5: =+M5+Q5+T5+W5+Z5 -> 0 | I5: 0 | J5: =+O5+R5+U5+X5+AA5 -> 0 | K5: =+E5+G5+I5 -> 0 | L5: =SUM(F5,H5,J5) -> 0
A6: 666502 | B6: TISS,PORCINE,BARIATRIC BLOCK | C6: Bariatric | E6: 0 | F6: =+M6+P6+S6+V6+Y6 -> 0 | G6: 165 | H6: =+M6+Q6+T6+W6+Z6 -> 121 | I6: 40 | J6: =+O6+R6+U6+X6+AA6 -> 28 | K6: =+E6+G6+I6 -> 205 | L6: =SUM(F6,H6,J6) -> 149 | Q6: 36 | T6: 40 | W6: 25 | X6: 28 | Z6: 20
A7: 666505 | B7: TISS,PORCINE,LIVER | C7: Liver | E7: 0 | F7: =+M7+P7+S7+V7+Y7 -> 0 | G7: 0 | H7: =+M7+Q7+T7+W7+Z7 -> 0 | I7: 0 | J7: =+O7+R7+U7+X7+AA7 -> 0 | K7: =+E7+G7+I7 -> 0 | L7: =SUM(F7,H7,J7) -> 0
A8: 666506 | B8: TISS,PORCINE,PELVIC BLOCK | C8: Pelvic Block Non-Intact | E8: 0 | F8: =+M8+P8+S8+V8+Y8 -> 0 | G8: 192 | H8: =+M8+Q8+T8+W8+Z8 -> 27 | I8: 0 | J8: =+O8+R8+U8+X8+AA8 -> 0 | K8: =+E8+G8+I8 -> 192 | L8: =SUM(F8,H8,J8) -> 27 | Q8: 5 | T8: 10 | W8: 3 | Z8: 9
A9: 666507 | B9: TISS,PORCINE,FULL THOR AND BARI BLOCK | C9: Full Body | E9: 19 | F9: =+M9+P9+S9+V9+Y9 -> 17 | G9: 0 | H9: =+M9+Q9+T9+W9+Z9 -> 0 | I9: 0 | J9: =+O9+R9+U9+X9+AA9 -> 0 | K9: =+E9+G9+I9 -> 19 | L9: =SUM(F9,H9,J9) -> 17 | S9: 12 | Y9: 5
A10: 666509 | B10: TISS,PORCINE,JEJUNUM,W/LYMPH NODES (6FT) | C10: Jejunum 6' | E10: 37 | F10: =+M10+P10+S10+V10+Y10 -> 22 | G10: 0 | H10: =+M10+Q10+T10+W10+Z10 -> 0 | I10: 0 | J10: =+O10+R10+U10+X10+AA10 -> 0 | K10: =+E10+G10+I10 -> 37 | L10: =SUM(F10,H10,J10) -> 22 | S10: 22
A11: 666510 | B11: TISS,PORCINE,JEJUNUM,W/LYMPH NODES (2FT) | C11: Jejunum 2' | E11: 0 | F11: =+M11+P11+S11+V11+Y11 -> 0 | G11: 0 | H11: =+M11+Q11+T11+W11+Z11 -> 0 | I11: 0 | J11: =+O11+R11+U11+X11+AA11 -> 0 | K11: =+E11+G11+I11 -> 0 | L11: =SUM(F11,H11,J11) -> 0
A12: 666511 | B12: TISS,PORCINE,KIDNEY BLOCK | C12: Kidney | E12: 0 | F12: =+M12+P12+S12+V12+Y12 -> 0 | G12: 0 | H12: =+M12+Q12+T12+W12+Z12 -> 0 | I12: 0 | J12: =+O12+R12+U12+X12+AA12 -> 0 | K12: =+E12+G12+I12 -> 0 | L12: =SUM(F12,H12,J12) -> 0
A13: 666513 | B13: TISS,PORCINE,LIVER WITH GALLBLADDER | C13: Liver w/GB | E13: 0 | F13: =+M13+P13+S13+V13+Y13 -> 0 | G13: 0 | H13: =+M13+Q13+T13+W13+Z13 -> 0 | I13: 0 | J13: =+O13+R13+U13+X13+AA13 -> 0 | K13: =+E13+G13+I13 -> 0 | L13: =SUM(F13,H13,J13) -> 0
A14: 666516 | B14: TISS,PORCINE,OMENTUM | C14: Omentum | E14: 0 | F14: =+M14+P14+S14+V14+Y14 -> 0 | G14: 0 | H14: =+M14+Q14+T14+W14+Z14 -> 0 | I14: 16 | J14: =+O14+R14+U14+X14+AA14 -> 0 | K14: =+E14+G14+I14 -> 16 | L14: =SUM(F14,H14,J14) -> 0
A15: 666517 | B15: TISSUE, PORCINE, PANCREAS | C15: Pancreas | E15: 0 | F15: =+M15+P15+S15+V15+Y15 -> 0 | G15: 0 | H15: =+M15+Q15+T15+W15+Z15 -> 0 | I15: 10 | J15: =+O15+R15+U15+X15+AA15 -> 0 | K15: =+E15+G15+I15 -> 10 | L15: =SUM(F15,H15,J15) -> 0
A16: 666518 | B16: TISS,PORCINE,FEM,PELVIC BLOCK,INTACT,SM | C16: Pelvic Block SM Intact | E16: 0 | F16: =+M16+P16+S16+V16+Y16 -> 0 | G16: 0 | H16: =+M16+Q16+T16+W16+Z16 -> 0 | I16: 0 | J16: =+O16+R16+U16+X16+AA16 -> 0 | K16: =+E16+G16+I16 -> 0 | L16: =SUM(F16,H16,J16) -> 0
A17: 666519 | B17: TISSUE, PORCINE, SPLEEN | C17: Spleen | E17: 0 | F17: =+M17+P17+S17+V17+Y17 -> 0 | G17: 0 | H17: =+M17+Q17+T17+W17+Z17 -> 0 | I17: 26 | J17: =+O17+R17+U17+X17+AA17 -> 0 | K17: =+E17+G17+I17 -> 26 | L17: =SUM(F17,H17,J17) -> 0
A18: 666521 | B18: TISS,PORCINE,THORACIC BLOCK | C18: Hearts | E18: 0 | F18: =+M18+P18+S18+V18+Y18 -> 0 | G18: 0 | H18: =+M18+Q18+T18+W18+Z18 -> 0 | I18: 0 | J18: =+O18+R18+U18+X18+AA18 -> 0 | K18: =+E18+G18+I18 -> 0 | L18: =SUM(F18,H18,J18) -> 0
A19: 666522 | B19: TISS,PORCINE,URETER | C19: Ureters | E19: 15 | F19: =+M19+P19+S19+V19+Y19 -> 15 | G19: 0 | H19: =+M19+Q19+T19+W19+Z19 -> 0 | I19: 20 | J19: =+O19+R19+U19+X19+AA19 -> 20 | K19: =+E19+G19+I19 -> 35 | L19: =SUM(F19,H19,J19) -> 35 | S19: 15 | X19: 20
A20: 666523 | B20: TISSUE, PORCINE, VENA CAVA | C20: Vena Cava | E20: 0 | F20: =+M20+P20+S20+V20+Y20 -> 0 | G20: 0 | H20: =+M20+Q20+T20+W20+Z20 -> 0 | I20: 9 | J20: =+O20+R20+U20+X20+AA20 -> 0 | K20: =+E20+G20+I20 -> 9 | L20: =SUM(F20,H20,J20) -> 0
A21: 666530 | B21: TISS,PORCINE,STOMACH | C21: Stomach | E21: 0 | F21: =+M21+P21+S21+V21+Y21 -> 0 | G21: 0 | H21: =+M21+Q21+T21+W21+Z21 -> 0 | I21: 15 | J21: =+O21+R21+U21+X21+AA21 -> 0 | K21: =+E21+G21+I21 -> 15 | L21: =SUM(F21,H21,J21) -> 0
A22: 666531 | B22: TISS,PORCINE,DIAPHRAGM | C22: Diaphragms | E22: 0 | F22: =+M22+P22+S22+V22+Y22 -> 0 | G22: 0 | H22: =+M22+Q22+T22+W22+Z22 -> 0 | I22: 8 | J22: =+O22+R22+U22+X22+AA22 -> 0 | K22: =+E22+G22+I22 -> 8 | L22: =SUM(F22,H22,J22) -> 0
A23: 666540 | B23: Male Pelvic | C23: Male Pelvic | E23: 0 | F23: =+M23+P23+S23+V23+Y23 -> 0 | G23: 195 | H23: =+M23+Q23+T23+W23+Z23 -> 20 | I23: 0 | J23: =+O23+R23+U23+X23+AA23 -> 0 | K23: =+E23+G23+I23 -> 195 | L23: =SUM(F23,H23,J23) -> 20 | Q23: 12 | T23: 5 | W23: 2 | Z23: 1
A24: 666541 | B24: Female Pelvic | C24: Female Pelvic | E24: 0 | F24: =+M24+P24+S24+V24+Y24 -> 0 | G24: 82 | H24: =+M24+Q24+T24+W24+Z24 -> 121 | I24: 0 | J24: =+O24+R24+U24+X24+AA24 -> 0 | K24: =+E24+G24+I24 -> 82 | L24: =SUM(F24,H24,J24) -> 121 | Q24: 43 | T24: 37 | W24: 24 | Z24: 17
A25: 666536 | B25: TISS,PORCINE,THORACIC BLOCK, LARGE | C25: XL Hearts | E25: 0 | F25: =+M25+P25+S25+V25+Y25 -> 0 | G25: 0 | H25: =+M25+Q25+T25+W25+Z25 -> 0 | I25: 0 | J25: =+O25+R25+U25+X25+AA25 -> 0 | K25: =+E25+G25+H25 -> 0 | L25: =SUM(F25,H25,J25) -> 0
G33: 0
C48: Name | J48: Name | K48: Goal | L48: Harvested | M48: +/- | N48: % of goal
C49: =+N2 -> Jesus | J49: Jordan | K49: =SUM(E5:E22) -> 71 | L49: =SUM(F5:F22) -> 54 | M49: =+L49-K49 -> -17 | N49: =+L49/K49 -> 0.76056338
C50: =+M2 -> Wilfredo | J50: Wilfredo | K50: =SUM(G5:G22) -> 357 | L50: =SUM(H5:H22) -> 148 | M50: =+L50-K50 -> -209 | N50: =+L50/K50 -> 0.41456583
J51: Damien | K51: =SUM(I5:I22) -> 144 | L51: =SUM(J5:J22) -> 48 | M51: =+L51-K51 -> -96 | N51: =+L51/K51 -> 0.33333333

Sheet Sheet7
A1: Weeks of 1/12 &1/19 | Q1: total
B2: Nahunta | C2: Wilfredo | D2: Nahunta Ask | E2: Nahunta Daily goal | F2: Monday achieved | G2: Tuesday Achieved | H2: Wednesday Achieved | I2: Thursday Achieved | J2: Friday Achieved | K2: 2nd wk daily goals | L2: Monday achieved | M2: Tuesday Achieved | N2: Wednesday Achieved | O2: Thursday Achieved | P2: Friday Achieved | R2: Left to harvest
A3: 666501 | B3: TISS,PORCINE,AORTA SEGMENTS | C3: Aorta | D3: 0 | E3: =+D3/6 -> 0 | F3: 0 | G3: 0 | H3: 0 | I3: 0 | J3: 0 | K3: =(+D3-SUM(F3:J3))/3.5 -> 0 | L3: 0 | M3: 0 | N3: 0 | O3: 0 | P3: 0 | Q3: =SUM(F3:J3)+SUM(L3:P3) -> 0 | R3: =+D3-Q3 -> 0 | S3: =+R3/2.25 -> 0
A4: 666502 | B4: TISS,PORCINE,BARIATRIC BLOCK | C4: Bariatric | D4: 0 | E4: =+D4/6 -> 0 | F4: 0 | G4: 0 | H4: 0 | I4: 0 | J4: 0 | K4: =(+D4-SUM(F4:J4))/3.5 -> 0 | L4: 0 | M4: 0 | N4: 0 | O4: 0 | P4: 0 | Q4: =SUM(F4:J4)+SUM(L4:P4) -> 0 | R4: =+D4-Q4 -> 0 | S4: =+R4/2.25 -> 0
A5: 666505 | B5: TISS,PORCINE,LIVER | C5: Liver | D5: 19 | E5: =+D5/6 -> 3.1666667 | F5: 9 | G5: 0 | H5: 10 | I5: 0 | J5: 0 | K5: =(+D5-SUM(F5:J5))/3.5 -> 0 | L5: 0 | M5: 0 | N5: 0 | O5: 0 | P5: 0 | Q5: =SUM(F5:J5)+SUM(L5:P5) -> 19 | R5: =+D5-Q5 -> 0 | S5: =+R5/2.25 -> 0
A6: 666506 | B6: TISS,PORCINE,PELVIC BLOCK | C6: Pelvic Block Non-Intact | D6: 0 | E6: =+D6/6 -> 0 | F6: 0 | G6: 0 | H6: 0 | I6: 0 | J6: 0 | K6: =(+D6-SUM(F6:J6))/3.5 -> 0 | L6: 0 | M6: 0 | N6: 0 | O6: 0 | P6: 0 | Q6: =SUM(F6:J6)+SUM(L6:P6) -> 0 | R6: =+D6-Q6 -> 0 | S6: =+R6/2.25 -> 0
A7: 666507 | B7: TISS,PORCINE,FULL THOR AND BARI BLOCK | C7: Full Body | D7: 50 | E7: =+D7/6 -> 8.3333333 | F7: 11 | G7: 0 | H7: 6 | I7: 7 | J7: 7 | K7: =(+D7-SUM(F7:J7))/3.5 -> 5.4285714 | L7: 0 | M7: 0 | N7: 12 | O7: 0 | P7: 5 | Q7: =SUM(F7:J7)+SUM(L7:P7) -> 48 | R7: =+D7-Q7 -> 2 | S7: =+R7/2.25 -> 0.88888889
A8: 666509 | B8: TISS,PORCINE,JEJUNUM,W/LYMPH NODES (6FT) | C8: Jejunum 6' | D8: 100 | E8: =+D8/6 -> 16.666667 | F8: 13 | G8: 0 | H8: 19 | I8: 21 | J8: 10 | K8: =(+D8-SUM(F8:J8))/3.5 -> 10.571429 | L8: 0 | M8: 0 | N8: 0 | O8: 0 | P8: 0 | Q8: =SUM(F8:J8)+SUM(L8:P8) -> 63 | R8: =+D8-Q8 -> 37 | S8: =+R8/2 -> 18.5
A9: 666510 | B9: TISS,PORCINE,JEJUNUM,W/LYMPH NODES (2FT) | C9: Jejunum | D9: 0 | E9: =+D9/6 -> 0 | F9: 0 | G9: 0 | H9: 0 | I9: 0 | J9: 0 | K9: =(+D9-SUM(F9:J9))/3.5 -> 0 | L9: 0 | M9: 0 | N9: 0 | O9: 0 | P9: 0 | Q9: =SUM(F9:J9)+SUM(L9:P9) -> 0 | R9: =+D9-Q9 -> 0 | S9: =+R9/2.25 -> 0
A10: 666511 | B10: TISS,PORCINE,KIDNEY BLOCK | C10: Kidney | D10: 8 | E10: =+D10/6 -> 1.3333333 | F10: 0 | G10: 0 | H10: 0 | I10: 0 | J10: 8 | K10: =(+D10-SUM(F10:J10))/3.5 -> 0 | L10: 0 | M10: 0 | N10: 0 | O10: 0 | P10: 0 | Q10: =SUM(F10:J10)+SUM(L10:P10) -> 8 | R10: =+D10-Q10 -> 0 | S10: =+R10/2.25 -> 0
A11: 666513 | B11: TISS,PORCINE,LIVER WITH GALLBLADDER | C11: Liver w/GB | D11: 0 | E11: =+D11/6 -> 0 | F11: 0 | G11: 0 | H11: 0 | I11: 0 | J11: 0 | K11: =(+D11-SUM(F11:J11))/3.5 -> 0 | L11: 0 | M11: 0 | N11: 0 | O11: 0 | P11: 0 | Q11: =SUM(F11:J11)+SUM(L11:P11) -> 0 | R11: =+D11-Q11 -> 0 | S11: =+R11/2.25 -> 0
A12: 666516 | B12: TISS,PORCINE,OMENTUM | C12: Omentum | D12: 20 | E12: =+D12/6 -> 3.3333333 | F12: 0 | G12: 0 | H12: 20 | I12: 0 | J12: 0 | K12: =(+D12-SUM(F12:J12))/3.5 -> 0 | L12: 0 | M12: 0 | N12: 0 | O12: 0 | P12: 0 | Q12: =SUM(F12:J12)+SUM(L12:P12) -> 20 | R12: =+D12-Q12 -> 0 | S12: =+R12/2.25 -> 0
A13: 666517 | B13: TISSUE, PORCINE, PANCREAS | C13: Pancreas | D13: 33 | E13: =+D13/6 -> 5.5 | F13: 14 | G13: 0 | H13: 19 | I13: 0 | J13: 0 | K13: =(+D13-SUM(F13:J13))/3.5 -> 0 | L13: 0 | M13: 0 | N13: 0 | O13: 0 | P13: 0 | Q13: =SUM(F13:J13)+SUM(L13:P13) -> 33 | R13: =+D13-Q13 -> 0 | S13: =+R13/2.25 -> 0
A14: 666518 | B14: TISS,PORCINE,FEM,PELVIC BLOCK,INTACT,SM | C14: Pelvic Block SM Intact | D14: 0 | E14: =+D14/6 -> 0 | F14: 0 | G14: 0 | H14: 0 | I14: 0 | J14: 0 | K14: =(+D14-SUM(F14:J14))/3.5 -> 0 | L14: 0 | M14: 0 | N14: 0 | O14: 0 | P14: 0 | Q14: =SUM(F14:J14)+SUM(L14:P14) -> 0 | R14: =+D14-Q14 -> 0 | S14: =+R14/2.25 -> 0
A15: 666519 | B15: TISSUE, PORCINE, SPLEEN | C15: Spleen | D15: 30 | E15: =+D15/6 -> 5 | F15: 6 | G15: 0 | H15: 24 | I15: 0 | J15: 0 | K15: =(+D15-SUM(F15:J15))/3.5 -> 0 | L15: 0 | M15: 0 | N15: 0 | O15: 0 | P15: 0 | Q15: =SUM(F15:J15)+SUM(L15:P15) -> 30 | R15: =+D15-Q15 -> 0 | S15: =+R15/2.25 -> 0
A16: 666521 | B16: TISS,PORCINE,THORACIC BLOCK | C16: Hearts | D16: 0 | E16: =+D16/6 -> 0 | F16: 0 | G16: 0 | H16: 0 | I16: 0 | J16: 0 | K16: =(+D16-SUM(F16:J16))/3.5 -> 0 | L16: 0 | M16: 0 | N16: 15 | O16: 0 | P16: 0 | Q16: =SUM(F16:J16)+SUM(L16:P16) -> 15 | R16: =+D16-Q16 -> -15 | S16: =+R16/2.25 -> -6.6666667
A17: 666522 | B17: TISS,PORCINE,URETER | C17: Ureters | D17: 140 | E17: =+D17/6 -> 23.333333 | F17: 45 | G17: 0 | H17: 20 | I17: 40 | J17: 20 | K17: =(+D17-SUM(F17:J17))/3.5 -> 4.2857143 | L17: 0 | M17: 0 | N17: 0 | O17: 0 | P17: 0 | Q17: =SUM(F17:J17)+SUM(L17:P17) -> 125 | R17: =+D17-Q17 -> 15 | S17: =+R17/2.25 -> 6.6666667
A18: 666523 | B18: TISSUE, PORCINE, VENA CAVA | C18: Vena Cava | D18: 0 | E18: =+D18/6 -> 0 | F18: 0 | G18: 0 | H18: 0 | I18: 0 | J18: 0 | K18: =(+D18-SUM(F18:J18))/3.5 -> 0 | L18: 0 | M18: 0 | N18: 0 | O18: 0 | P18: 0 | Q18: =SUM(F18:J18)+SUM(L18:P18) -> 0 | R18: =+D18-Q18 -> 0 | S18: =+R18/2.25 -> 0
A19: 666530 | B19: TISS,PORCINE,STOMACH | C19: Stomach | D19: 5 | E19: =+D19/6 -> 0.83333333 | F19: 1 | G19: 0 | H19: 4 | I19: 0 | J19: 0 | K19: =(+D19-SUM(F19:J19))/3.5 -> 0 | L19: 0 | M19: 0 | N19: 0 | O19: 0 | P19: 0 | Q19: =SUM(F19:J19)+SUM(L19:P19) -> 5 | R19: =+D19-Q19 -> 0 | S19: =+R19/2.25 -> 0
A20: 666531 | B20: TISS,PORCINE,DIAPHRAGM | C20: Diaphragms | D20: 18 | E20: =+D20/6 -> 3 | F20: 1 | G20: 0 | H20: 17 | I20: 0 | J20: 0 | K20: =(+D20-SUM(F20:J20))/3.5 -> 0 | L20: 0 | M20: 0 | N20: 0 | O20: 0 | P20: 0 | Q20: =SUM(F20:J20)+SUM(L20:P20) -> 18 | R20: =+D20-Q20 -> 0
A21: 666540 | B21: Male Pelvic | C21: Male Pelvic | D21: 0 | E21: =+D21/6 -> 0 | F21: 0 | G21: 0 | H21: 0 | I21: 0 | J21: 0 | K21: =(+D21-SUM(F21:J21))/3.5 -> 0 | L21: 0 | M21: 0 | N21: 0 | O21: 0 | P21: 0 | Q21: =SUM(F21:J21)+SUM(L21:P21) -> 0 | R21: =+D21-Q21 -> 0
A22: 666541 | B22: Female Pelvic | C22: Female Pelvic | D22: 0 | E22: =+D22/6 -> 0 | F22: 0 | G22: 0 | H22: 0 | I22: 0 | J22: 0 | K22: =(+D22-SUM(F22:J22))/3.5 -> 0 | L22: 0 | M22: 0 | N22: 0 | O22: 0 | P22: 0 | Q22: =SUM(F22:J22)+SUM(L22:P22) -> 0 | R22: =+D22-Q22 -> 0
A23: 666536 | B23: TISS,PORCINE,THORACIC BLOCK, LARGE | D23: 2 | E23: =+D23/6 -> 0.33333333 | F23: 0 | G23: 0 | H23: 2 | I23: 0 | J23: 0 | K23: =(+D23-SUM(F23:J23))/3.5 -> 0 | L23: 0 | M23: 0 | N23: 0 | O23: 0 | P23: 0
A25: =+A1 -> Weeks of 1/12 &1/19
B26: Martins | C26: Jordan | D26: Martin Ask | E26: Martin Daily Goal | F26: Monday achieved | G26: Tuesday Achieved | H26: Wed Achieved | I26: Thursday Achieved | J26: Friday Achieved | K26: =+K2 -> 2nd wk daily goals | L26: Monday achieved | M26: Tuesday Achieved | N26: Wed Achieved | O26: Thursday Achieved | P26: Friday Achieved | R26: Left to harvest
A27: 666501 | B27: TISS,PORCINE,AORTA SEGMENTS | C27: Aorta | D27: 0 | E27: =+D27/7 -> 0 | F27: 0 | G27: 0 | H27: 0 | I27: 0 | J27: 0 | K27: =(+D27-SUM(F27:J27))/4 -> 0 | L27: 0 | M27: 0 | N27: 0 | O27: 0 | P27: 0 | Q27: =SUM(F27:J27)+SUM(L27:P27) -> 0 | R27: =+D27-Q27 -> 0 | S27: =+R27/3 -> 0
A28: 666502 | B28: TISS,PORCINE,BARIATRIC BLOCK | C28: Bariatric | D28: 307 | E28: =+D28/7 -> 43.857143 | F28: 25 | G28: 32 | H28: 50 | I28: 12 | J28: 23 | K28: =(+D28-SUM(F28:J28))/4 -> 41.25 | L28: 0 | M28: 36 | N28: 40 | O28: 25 | P28: 20 | Q28: =SUM(F28:J28)+SUM(L28:P28) -> 263 | R28: =+D28-Q28 -> 44 | S28: =+R28/3 -> 14.666667
A29: 666505 | B29: TISS,PORCINE,LIVER | C29: Liver | D29: 0 | E29: =+D29/7 -> 0 | F29: 0 | G29: 0 | H29: 0 | I29: 0 | J29: 0 | K29: =(+D29-SUM(F29:J29))/4 -> 0 | L29: 0 | M29: 0 | N29: 0 | O29: 0 | P29: 0 | Q29: =SUM(F29:J29)+SUM(L29:P29) -> 0 | R29: =+D29-Q29 -> 0 | S29: =+R29/3 -> 0
