Workbook

Sheet Quote Summary
A1: Cardiac Project Costing
A2: Comparative vendor analysis — Cardiac MVR Suture Skills Kit REV B (3D-printed SLS Nylon 12 components)
A4: Project | B4: Cardiac Project Costing
A5: Product | B5: Cardiac MVR Suture Skills Kit REV B
A6: Vendor (Quote 1) | B6: Xometry
A7: Quote / Order #
A8: Quote date
A9: Currency | B9: USD
A10: Prepared by | B10: Oscar Penny
A11: Date recorded | B11: 2026-08-18
A14: Line | B14: Part ID | C14: Part Description | D14: Qty | E14: Unit Price ($) | F14: Extended Price ($)
A15: ='Xometry Line Items'!A5 -> 1 | B15: ='Xometry Line Items'!D5 -> 09541B7 | C15: ='Xometry Line Items'!C5 -> VALVE RECEPTACLE, CARDIAC MVR SUTURE SKILLS KIT REV B | D15: ='Xometry Line Items'!X5 -> 50 | E15: ='Xometry Line Items'!Y5 -> 59.58 | F15: ='Xometry Line Items'!Z5 -> 2979
A16: ='Xometry Line Items'!A6 -> 2 | B16: ='Xometry Line Items'!D6 -> 09541B8 | C16: ='Xometry Line Items'!C6 -> CHEST, CARDIAC MVR SUTURE SKILLS KIT REV B | D16: ='Xometry Line Items'!X6 -> 50 | E16: ='Xometry Line Items'!Y6 -> 378.56 | F16: ='Xometry Line Items'!Z6 -> 18928
A17: ='Xometry Line Items'!A7 -> 3 | B17: ='Xometry Line Items'!D7 -> 09541B9 | C17: ='Xometry Line Items'!C7 -> BASE, CARDIAC MVR SUTURE SKILLS KIT REV B | D17: ='Xometry Line Items'!X7 -> 50 | E17: ='Xometry Line Items'!Y7 -> 652.66 | F17: ='Xometry Line Items'!Z7 -> 32633
C18: TOTAL | F18: =SUM(F15:F17) -> 54540
A20: How to use this workbook
A21: Blue text | B21: Hardcoded input transcribed from the vendor quote
A22: Black text | B22: Formula — recalculates automatically, do not overwrite
A23: Green text | B23: Link to another sheet in this workbook
A24: Yellow fill | B24: Cell for you to fill in (e.g. future vendor quotes on the 'Vendor Comparison' sheet)
A26: Next step: as competing quotes arrive, enter each vendor's unit prices in the yellow cells on the 'Vendor Comparison' sheet (see the populated Xometry column for the expected format, e.g. 59.58). Best price, deltas, and savings calculate automatically.

Sheet Xometry Line Items
A1: Xometry Quote — Line Item Detail
A2: Cardiac MVR Suture Skills Kit REV B — all data transcribed from the Xometry quote provided 2026-08-18
A4: Line | B4: PO Line Item Ref | C4: Part Description | D4: Part ID | E4: Part Version | F4: Origin | G4: X (mm) | H4: Y (mm) | I4: Z (mm) | J4: Volume (mm³) | K4: X (in) | L4: Y (in) | M4: Z (in) | N4: Volume (in³) | O4: Process | P4: Technology | Q4: Material | R4: Color | S4: Finish | T4: Threads / Tapped Holes | U4: Inserts | V4: Inspection | W4: Line Notes | X4: Qty | Y4: Unit Price ($) | Z4: Extended Price ($)
A5: 1 | B5: 667357 | C5: VALVE RECEPTACLE, CARDIAC MVR SUTURE SKILLS KIT REV B | D5: 09541B7 | E5: 2 | F5: Made in USA | G5: 96.32 | H5: 96.2 | I5: 21.59 | J5: 41947.99 | K5: 3.792 | L5: 3.788 | M5: 0.85 | N5: 2.56 | O5: 3D Printing | P5: Selective Laser Sintering (SLS) | Q5: Nylon 12 | R5: Black-Dyed | S5: Vapor Smoothing | T5: None | U5: None | V5: Custom Inspection, Formal inspection with dimensional report AND Qty 5 first articles to be shipped | W5: Lead time will begin upon acceptance of first articles. | X5: 50 | Y5: 59.58 | Z5: =X5*Y5 -> 2979
A6: 2 | B6: 667355 | C6: CHEST, CARDIAC MVR SUTURE SKILLS KIT REV B | D6: 09541B8 | E6: 2 | F6: Made in USA | G6: 291.42 | H6: 189.62 | I6: 180.34 | J6: 195865.78 | K6: 11.473 | L6: 7.466 | M6: 7.1 | N6: 11.952 | O6: 3D Printing | P6: Selective Laser Sintering (SLS) | Q6: Nylon 12 | R6: As Printed, Off White (Natural) | S6: Vapor Smoothing | T6: None | U6: None | V6: Custom Inspection, Formal inspection with dimensional report AND Qty 5 first articles to be shipped | W6: Lead time will begin upon acceptance of first articles. | X6: 50 | Y6: 378.56 | Z6: =X6*Y6 -> 18928
A7: 3 | B7: 667354 | C7: BASE, CARDIAC MVR SUTURE SKILLS KIT REV B | D7: 09541B9 | E7: 2 | F7: Made in USA | G7: 294.36 | H7: 199.39 | I7: 184.65 | J7: 409785.65 | K7: 11.589 | L7: 7.85 | M7: 7.27 | N7: 25.007 | O7: 3D Printing | P7: Selective Laser Sintering (SLS) | Q7: Nylon 12 | R7: Black-Dyed | S7: Vapor Smoothing | T7: None | U7: None | V7: Custom Inspection, Formal inspection with dimensional report PLUS Qty 5 FAI Ship and hold | W7: Lead time will begin upon acceptance of first articles. | X7: 50 | Y7: 652.66 | Z7: =X7*Y7 -> 32633
C8: TOTAL — Xometry quote | X8: =SUM(X5:X7) -> 150 | Z8: =SUM(Z5:Z7) -> 54540
A10: Quote-level notes (apply to all line items)
A11: 1. Parts to be sourced to the same partner as 8CEAB-15005 for quality and consistency.
A12: 2. Parts to be ink stamped with month and year in area indicated by drawing.
A13: 3. Parts will be inspected as quoted to the process standard in exception to the drawing.
A14: 4. Typical tolerances for SLS Nylon 12 and variants are ± 0.015", or ± 0.002" per inch, whichever is greater.
A15: 5. Thin walls and small features will have low durability where <1 mm and may not resolve where <0.75 mm.
A16: 6. Lead time will begin upon acceptance of first articles (all line items).
A18: Source: Xometry quote screenshots supplied by user, recorded 2026-08-18. All specification and pricing values above are hardcoded from that quote (blue text); extended prices and totals are formulas.

Sheet Vendor Comparison
A1: Vendor Comparison — Cardiac MVR Suture Skills Kit REV B
A2: Enter competing vendor unit prices in the yellow cells; extended prices, best price, and savings calculate automatically. Rename 'Vendor 2' / 'Vendor 3' headers to the actual vendor names.
A5: Line | B5: Part ID | C5: Part Description | D5: Qty | E5: Xometry | F5: Vendor 2 | G5: Vendor 3 | H5: Xometry | I5: Vendor 2 | J5: Vendor 3 | K5: Best Unit Price ($) | L5: Best Vendor | M5: Savings vs Xometry ($) | N5: Savings (%)
A6: ='Xometry Line Items'!A5 -> 1 | B6: ='Xometry Line Items'!D5 -> 09541B7 | C6: ='Xometry Line Items'!C5 -> VALVE RECEPTACLE, CARDIAC MVR SUTURE SKILLS KIT REV B | D6: ='Xometry Line Items'!X5 -> 50 | E6: ='Xometry Line Items'!Y5 -> 59.58 | H6: =$D6*E6 -> 2979 | I6: =IF(F6="","",$D6*F6) | J6: =IF(G6="","",$D6*G6) | K6: =MIN(E6:G6) -> 59.58 | L6: =INDEX($E$5:$G$5,MATCH(K6,E6:G6,0)) -> Xometry | M6: =(E6-K6)*$D6 -> 0 | N6: =IF(E6=0,"",(E6-K6)/E6) -> 0
A7: ='Xometry Line Items'!A6 -> 2 | B7: ='Xometry Line Items'!D6 -> 09541B8 | C7: ='Xometry Line Items'!C6 -> CHEST, CARDIAC MVR SUTURE SKILLS KIT REV B | D7: ='Xometry Line Items'!X6 -> 50 | E7: ='Xometry Line Items'!Y6 -> 378.56 | H7: =$D7*E7 -> 18928 | I7: =IF(F7="","",$D7*F7) | J7: =IF(G7="","",$D7*G7) | K7: =MIN(E7:G7) -> 378.56 | L7: =INDEX($E$5:$G$5,MATCH(K7,E7:G7,0)) -> Xometry | M7: =(E7-K7)*$D7 -> 0 | N7: =IF(E7=0,"",(E7-K7)/E7) -> 0
A8: ='Xometry Line Items'!A7 -> 3 | B8: ='Xometry Line Items'!D7 -> 09541B9 | C8: ='Xometry Line Items'!C7 -> BASE, CARDIAC MVR SUTURE SKILLS KIT REV B | D8: ='Xometry Line Items'!X7 -> 50 | E8: ='Xometry Line Items'!Y7 -> 652.66 | H8: =$D8*E8 -> 32633 | I8: =IF(F8="","",$D8*F8) | J8: =IF(G8="","",$D8*G8) | K8: =MIN(E8:G8) -> 652.66 | L8: =INDEX($E$5:$G$5,MATCH(K8,E8:G8,0)) -> Xometry | M8: =(E8-K8)*$D8 -> 0 | N8: =IF(E8=0,"",(E8-K8)/E8) -> 0
C9: TOTAL | D9: =SUM(D6:D8) -> 150 | H9: =SUM(H6:H8) -> 54540 | I9: =SUM(I6:I8) -> 0 | J9: =SUM(J6:J8) -> 0 | M9: =SUM(M6:M8) -> 0
A12: Vendor terms & conditions
A13: Term | C13: Xometry | F13: Vendor 2 | I13: Vendor 3
A14: Quote / order #
A15: Quote date
A16: Lead time | C16: Begins upon acceptance of first articles (not stated in days on quote)
A17: Process / technology | C17: 3D Printing — Selective Laser Sintering (SLS), Nylon 12, Vapor Smoothing
A18: Inspection / FAI | C18: Formal inspection with dimensional report; Qty 5 first articles (lines 1–2 shipped; line 3 ship and hold)
A19: Tolerances | C19: ± 0.015" or ± 0.002" per inch, whichever is greater (SLS Nylon 12)
A20: Marking | C20: Ink stamped with month and year in area indicated by drawing
A21: Sourcing constraint | C21: Same partner as 8CEAB-15005 for quality and consistency
A22: Country of origin | C22: Made in USA
A23: Other notes | C23: Inspected to process standard in exception to the drawing; thin walls <1 mm low durability, <0.75 mm may not resolve
A25: Source: Xometry quote (screenshots supplied by user, recorded 2026-08-18). Yellow cells = to be filled in as competing vendor quotes arrive.
