Workbook

Sheet Sources
A1: Quote Sources — Where the numbers come from
A3: Four Fictiv quotes are compared head-to-head. All extended subtotals are normalized to Quote 2 quantities so all four quotes are directly comparable. Xometry pricing appears at the right-most columns as a reference benchmark only.
A7: Quote | B7: Source / File | C7: Date | D7: Pricing Basis
A8: Quote 1 — Fictiv (AI, original) | B8: Image provided by user: Fictiv-vs-Xometry comparison table | C8: Pre-Apr 2026 | D8: Fictiv platform automated (AI-based) per-part quote. Per-piece pricing. The original AI quote that triggered Xometry benchmarking.
A9: Quote 2 — Fictiv (AI re-quote) | B9: PDF: felts_032526_US_A5.pdf | C9: April 23, 2026 | D9: Fictiv platform automated per-part quote (re-issue). Three production-day tiers; comparison uses the 20-day tier.
A10: Quote 3 — Fictiv (MP holistic, had error) | B10: PDF: Supine_Fictiv_Quote_2.pdf | C10: May 1, 2026 | D10: Fictiv MP holistic re-quote of full BOM after pushback. Contained a systematic +10.34% markup on 12 of 15 parts — Fictiv later acknowledged this as a quoting-team mistake.
A11: Quote 4 — Fictiv (MP corrected) ★ | B11: PDF: felts_032526_US_A5__1_.pdf | C11: May 11, 2026 | D11: Fictiv MP corrected quote. Sam Felts (Fictiv) email: 'small mistake on our side in the previous version… aligns correctly with Q2.' Net effect: Q2 prices preserved on 12 parts, Q3 discounts retained on the 3 MP-discounted parts (670832, 670833, 670845).
A12: Reference — Xometry | B12: Image provided by user: shown alongside Q1 Fictiv | C12: Same era as Q1 Fictiv | D12: Xometry per-piece pricing. Benchmark only. NOT part of the four-way Fictiv comparison.
A15: Quantities used for normalization (Q2 basis):
A16: PN | B16: Description | C16: Qty (Q2 basis)
A17: 670834 | B17: Rim Head | C17: 2
A18: 670836 | B18: Head Cap | C18: 2
A19: 670837 | B19: Foot Cap | C19: 2
A20: 670845 | B20: Hanging Plate | C20: 2
A21: 670842 | B21: Revasc Heart Plate | C21: 2
A22: 670820 | B22: Upper Right Support | C22: 4
A23: 670821 | B23: Upper Left Support | C23: 4
A24: 670823 | B24: Lower Left Support | C24: 4
A25: 670822 | B25: Lower Right Support | C25: 4
A26: 670832 | B26: Rim Right | C26: 2
A27: 670835 | B27: Rim Foot | C27: 2
A28: 670846 | B28: MVR Lung Plate | C28: 2
... A31: 670833 | B31: Rim Left | C31: 2
B32: Total parts | C32: =SUM(C17:C31) -> 40

Sheet Four-Quote Comparison
A1: Four-Quote Comparison — Fictiv Q1 (AI orig) | Q2 (AI re-quote) | Q3 (MP w/ error) | Q4 (MP corrected)
A2: All extended subtotals normalized to Quote 2 quantities. Xometry shown at right as reference only.
A4: Part | D4: Qty | E4: Unit Price by Quote ($) | I4: Extended Subtotal @ Q2 Qty ($) | M4: Quote-to-Quote Δ (%) | P4: Reference: Xometry
A5: # | B5: Part No. | C5: Description | D5: Qty | E5: Q1 (AI orig) | F5: Q2 (Apr 23) | G5: Q3 (May 1) | H5: Q4 (May 11) ★ | I5: Q1 Ext | J5: Q2 Ext | K5: Q3 Ext | L5: Q4 Ext ★ | M5: Δ Q2→Q3 | N5: Δ Q3→Q4 ★ | O5: Δ Q2→Q4 (net) | P5: Xom. Unit | Q5: Xom. Ext
A6: 1 | B6: 670834 | C6: Rim Head | D6: 2 | E6: 184.09 | F6: 97.15 | G6: 107.2 | H6: 97.15 | I6: =D6*E6 -> 368.18 | J6: =D6*F6 -> 194.3 | K6: =D6*G6 -> 214.4 | L6: =D6*H6 -> 194.3 | M6: =(G6-F6)/F6 -> 0.10344828 | N6: =(H6-G6)/G6 -> -0.09375 | O6: =(H6-F6)/F6 -> 0 | P6: 65.46 | Q6: =D6*P6 -> 130.92
A7: 2 | B7: 670836 | C7: Head Cap | D7: 2 | E7: 1412.2 | F7: 336.4 | G7: 371.2 | H7: 336.4 | I7: =D7*E7 -> 2824.4 | J7: =D7*F7 -> 672.8 | K7: =D7*G7 -> 742.4 | L7: =D7*H7 -> 672.8 | M7: =(G7-F7)/F7 -> 0.10344828 | N7: =(H7-G7)/G7 -> -0.09375 | O7: =(H7-F7)/F7 -> 0 | P7: 434.58 | Q7: =D7*P7 -> 869.16
A8: 3 | B8: 670837 | C8: Foot Cap | D8: 2 | E8: 5126.86 | F8: 661.2 | G8: 729.6 | H8: 661.2 | I8: =D8*E8 -> 10253.72 | J8: =D8*F8 -> 1322.4 | K8: =D8*G8 -> 1459.2 | L8: =D8*H8 -> 1322.4 | M8: =(G8-F8)/F8 -> 0.10344828 | N8: =(H8-G8)/G8 -> -0.09375 | O8: =(H8-F8)/F8 -> 0 | P8: 1055.25 | Q8: =D8*P8 -> 2110.5
A9: 4 | B9: 670845 | C9: Hanging Plate | D9: 2 | E9: 67.4 | F9: 100.05 | G9: 80 | H9: 80 | I9: =D9*E9 -> 134.8 | J9: =D9*F9 -> 200.1 | K9: =D9*G9 -> 160 | L9: =D9*H9 -> 160 | M9: =(G9-F9)/F9 -> -0.2003998 | N9: =(H9-G9)/G9 -> 0 | O9: =(H9-F9)/F9 -> -0.2003998 | P9: 35.19 | Q9: =D9*P9 -> 70.38
A10: 5 | B10: 670842 | C10: Revasc Heart Plate | D10: 2 | E10: 1148.34 | F10: 284.2 | G10: 313.6 | H10: 284.2 | I10: =D10*E10 -> 2296.68 | J10: =D10*F10 -> 568.4 | K10: =D10*G10 -> 627.2 | L10: =D10*H10 -> 568.4 | M10: =(G10-F10)/F10 -> 0.10344828 | N10: =(H10-G10)/G10 -> -0.09375 | O10: =(H10-F10)/F10 -> 0 | P10: 348.22 | Q10: =D10*P10 -> 696.44
A11: 6 | B11: 670820 | C11: Upper Right Support | D11: 4 | E11: 283.83 | F11: 150.8 | G11: 166.4 | H11: 150.8 | I11: =D11*E11 -> 1135.32 | J11: =D11*F11 -> 603.2 | K11: =D11*G11 -> 665.6 | L11: =D11*H11 -> 603.2 | M11: =(G11-F11)/F11 -> 0.10344828 | N11: =(H11-G11)/G11 -> -0.09375 | O11: =(H11-F11)/F11 -> 0 | P11: 96.91 | Q11: =D11*P11 -> 387.64
A12: 7 | B12: 670821 | C12: Upper Left Support | D12: 4 | E12: 283.79 | F12: 150.8 | G12: 166.4 | H12: 150.8 | I12: =D12*E12 -> 1135.16 | J12: =D12*F12 -> 603.2 | K12: =D12*G12 -> 665.6 | L12: =D12*H12 -> 603.2 | M12: =(G12-F12)/F12 -> 0.10344828 | N12: =(H12-G12)/G12 -> -0.09375 | O12: =(H12-F12)/F12 -> 0 | P12: 96.92 | Q12: =D12*P12 -> 387.68
A13: 8 | B13: 670823 | C13: Lower Left Support | D13: 4 | E13: 323.16 | F13: 256.65 | G13: 283.2 | H13: 256.65 | I13: =D13*E13 -> 1292.64 | J13: =D13*F13 -> 1026.6 | K13: =D13*G13 -> 1132.8 | L13: =D13*H13 -> 1026.6 | M13: =(G13-F13)/F13 -> 0.10344828 | N13: =(H13-G13)/G13 -> -0.09375 | O13: =(H13-F13)/F13 -> 0 | P13: 107.4 | Q13: =D13*P13 -> 429.6
A14: 9 | B14: 670822 | C14: Lower Right Support | D14: 4 | E14: 321.38 | F14: 256.65 | G14: 283.2 | H14: 256.65 | I14: =D14*E14 -> 1285.52 | J14: =D14*F14 -> 1026.6 | K14: =D14*G14 -> 1132.8 | L14: =D14*H14 -> 1026.6 | M14: =(G14-F14)/F14 -> 0.10344828 | N14: =(H14-G14)/G14 -> -0.09375 | O14: =(H14-F14)/F14 -> 0 | P14: 107.08 | Q14: =D14*P14 -> 428.32
A15: 10 | B15: 670832 | C15: Rim Right | D15: 2 | E15: 365.95 | F15: 691.65 | G15: 524.7 | H15: 524.7 | I15: =D15*E15 -> 731.9 | J15: =D15*F15 -> 1383.3 | K15: =D15*G15 -> 1049.4 | L15: =D15*H15 -> 1049.4 | M15: =(G15-F15)/F15 -> -0.24137931 | N15: =(H15-G15)/G15 -> 0 | O15: =(H15-F15)/F15 -> -0.24137931 | P15: 284.5 | Q15: =D15*P15 -> 569
A16: 11 | B16: 670835 | C16: Rim Foot | D16: 2 | E16: 205.52 | F16: 107.3 | G16: 118.4 | H16: 107.3 | I16: =D16*E16 -> 411.04 | J16: =D16*F16 -> 214.6 | K16: =D16*G16 -> 236.8 | L16: =D16*H16 -> 214.6 | M16: =(G16-F16)/F16 -> 0.10344828 | N16: =(H16-G16)/G16 -> -0.09375 | O16: =(H16-F16)/F16 -> 0 | P16: 66.5 | Q16: =D16*P16 -> 133
A17: 12 | B17: 670846 | C17: MVR Lung Plate | D17: 2 | E17: 1380.42 | F17: 348 | G17: 384 | H17: 348 | I17: =D17*E17 -> 2760.84 | J17: =D17*F17 -> 696 | K17: =D17*G17 -> 768 | L17: =D17*H17 -> 696 | M17: =(G17-F17)/F17 -> 0.10344828 | N17: =(H17-G17)/G17 -> -0.09375 | O17: =(H17-F17)/F17 -> 0 | P17: 442.78 | Q17: =D17*P17 -> 885.56
... A20: 15 | B20: 670833 | C20: Rim Left | D20: 2 | E20: 315.91 | F20: 690.2 | G20: 523.6 | H20: 523.6 | I20: =D20*E20 -> 631.82 | J20: =D20*F20 -> 1380.4 | K20: =D20*G20 -> 1047.2 | L20: =D20*H20 -> 1047.2 | M20: =(G20-F20)/F20 -> -0.24137931 | N20: =(H20-G20)/G20 -> 0 | O20: =(H20-F20)/F20 -> -0.24137931 | P20: 284.5 | Q20: =D20*P20 -> 569
C21: TOTAL (parts only, @ Q2 qty) | I21: =SUM(I6:I20) -> 27518.22 | J21: =SUM(J6:J20) -> 11101.2 | K21: =SUM(K6:K20) -> 11235.8 | L21: =SUM(L6:L20) -> 10394 | M21: =(K21-J21)/J21 -> 0.012124815 | N21: =(L21-K21)/K21 -> -0.074921234 | O21: =(L21-J21)/J21 -> -0.063704825 | Q21: =SUM(Q6:Q20) -> 8915.44
A23: ★ = Q4 (corrected MP quote). Green highlight in headers and totals.
A24: • Δ Q2→Q3: the +10.34% systematic markup that Fictiv later acknowledged as a mistake.
A25: • Δ Q3→Q4: the correction step — Q4 rolls back 12 parts to Q2 prices; keeps 3 parts at Q3 discount.
A26: • Δ Q2→Q4: the net MP value-add after correction. Should equal exactly the genuine MP-discount savings on 670832, 670833, 670845.
A27: • Q4 PDF lists Head Cap (670836) at qty 4; normalized to qty 2 here to match Q2 basis (established convention).
A28: • Neither Fictiv quote includes FAI / inspection — separate adder expected for assembly-fit parts.

Sheet Summary
A1: Summary & Insights — Fictiv 3DP Quote Journey
A3: Headline totals (part production, @ Q2 quantities)
A4: Quote 1 — Fictiv (AI, original) | B4: ='Four-Quote Comparison'!I21 -> 27518.22
A5: Quote 2 — Fictiv (AI re-quote, Apr 23) | B5: ='Four-Quote Comparison'!J21 -> 11101.2
A6: Quote 3 — Fictiv (MP w/ error, May 1) | B6: ='Four-Quote Comparison'!K21 -> 11235.8
A7: Quote 4 — Fictiv (MP corrected, May 11) ★ | B7: ='Four-Quote Comparison'!L21 -> 10394
A9: Δ Q1 → Q4 ($) — full journey | B9: ='Four-Quote Comparison'!L21-'Four-Quote Comparison'!I21 -> -17124.22
A10: Δ Q1 → Q4 (%) — full journey | B10: =('Four-Quote Comparison'!L21-'Four-Quote Comparison'!I21)/'Four-Quote Comparison'!I21 -> -0.62228662
A11: Δ Q2 → Q4 ($) — MP net value | B11: ='Four-Quote Comparison'!L21-'Four-Quote Comparison'!J21 -> -707.2
A12: Δ Q2 → Q4 (%) — MP net value | B12: ='Four-Quote Comparison'!O21 -> -0.063704825
A13: Δ Q3 → Q4 ($) — correction | B13: ='Four-Quote Comparison'!L21-'Four-Quote Comparison'!K21 -> -841.8
A14: Δ Q3 → Q4 (%) — correction | B14: ='Four-Quote Comparison'!N21 -> -0.074921234
A16: Reference — Xometry total (@ Q2 qty) | B16: ='Four-Quote Comparison'!Q21 -> 8915.44
A17: Q4 premium over Xometry ($) | B17: ='Four-Quote Comparison'!L21-'Four-Quote Comparison'!Q21 -> 1478.56
A18: Q4 premium over Xometry (%) | B18: =('Four-Quote Comparison'!L21-'Four-Quote Comparison'!Q21)/'Four-Quote Comparison'!Q21 -> 0.16584263
A20: MP value-add decomposition (Q2 → Q4)
A21: Category | B21: # Parts | C21: Q2 Ext ($) | D21: Q4 Ext ($)
A22: Parts rolled back to Q2 price (no MP value) | B22: =COUNTIF('Four-Quote Comparison'!O6:O20,"=0") -> 12 | C22: =SUMIF('Four-Quote Comparison'!O6:O20,"=0",'Four-Quote Comparison'!J6:J20) -> 8137.4 | D22: =SUMIF('Four-Quote Comparison'!O6:O20,"=0",'Four-Quote Comparison'!L6:L20) -> 8137.4
A23: Parts kept at MP discount (genuine MP value) ★ | B23: =COUNTIF('Four-Quote Comparison'!O6:O20,"<0") -> 3 | C23: =SUMIF('Four-Quote Comparison'!O6:O20,"<0",'Four-Quote Comparison'!J6:J20) -> 2963.8 | D23: =SUMIF('Four-Quote Comparison'!O6:O20,"<0",'Four-Quote Comparison'!L6:L20) -> 2256.6
A25: Key observations
A26: 1. CONFIRMED: The +10.34% systematic markup pattern flagged in V2 was indeed a quoting-team mistake. Q4 surgically rolls back 12 of 15 parts to Q2 prices while preserving the 3 MP-discount parts at Q3 prices.
A27: 2. The MP's TRUE value-add (Q2→Q4) is $707.20 (-6.4%), entirely concentrated in three parts: 670832 Rim Right (-$333.90), 670833 Rim Left (-$333.20), and 670845 Hanging Plate (-$40.10). Sum = exactly $707.20.
A28: 3. The two big-ticket discounts (670832/670833) are mirrored parts with identical Q2→Q4 savings to four sig figs. Strongly suggests these parts nest or process together more efficiently than the AI quoter modeled.
A29: 4. Q4 Head Cap (670836) is still quoted at qty 4 in the PDF — confirmed as intentional (not a quoting bug), so the per-unit story is clean even though the as-issued totals differ. Worth confirming with Sam whether qty 4 is intentional vs. an artifact carried over from Q3.
A30: 5. Q4 sits ~17% above the Xometry benchmark at like-for-like quantities (down from ~26% in Q3). Meaningful narrowing of the gap, but still a material premium worth thinking about as a sourcing question.
A31: 6. The original V1/V2 hypothesis is now vindicated — pushing back on the +10.34% pattern was the right call. Going forward, when MP holistic re-quotes show suspiciously uniform price moves on most parts but big concessions on a few, default to suspecting a multiplier error.
