Workbook

Sheet GoalLens
A1: Goal Lens — pick a goal, see everything that serves it
A3: Pick a goal → | B3: G1 | C3: =IFERROR(INDEX(Goals!$B$2:$B$20,MATCH($B$3,Goals!$A$2:$A$20,0)),"") -> Reduce supplier defect rate (PPM) by 30% | G3: Owner: | H3: =IFERROR(INDEX(Stakeholders!$B$2:$B$50,MATCH(INDEX(Goals!$C$2:$C$20,MATCH($B$3,Goals!$A$2:$A$20,0)),Stakeholders!$A$2:$A$50,0)),"") -> Leia Organa
A5: Required flows | B5: Covered | C5: Coverage | D5: Defects | E5: Meetings claiming w/o contributing | F5: Unclaimed contributors
A6: =COUNTIFS(Flows!$B$2:$B$400,"required",Flows!$L$2:$L$400,$B$3) -> 6 | B6: =COUNTIFS(Flows!$B$2:$B$400,"required",Flows!$L$2:$L$400,$B$3,Flows!$T$2:$T$400,"covered") -> 4 | C6: =IF($A$6=0,0,$B$6/$A$6) -> 0.66666667 | D6: =$A$6-$B$6 -> 2 | E6: =COUNTIFS(Alignment!$A$2:$A$50,$B$3,Alignment!$J$2:$J$50,"claims_no_contribution") -> 1 | F6: =COUNTIFS(Alignment!$A$2:$A$50,$B$3,Alignment!$J$2:$J$50,"unclaimed_contributor") -> 0
A7: =IF($A$6=0,"No required flows defined for this goal yet — add them on the Flows sheet.",IF($B$6=$A$6,"Every required flow for this goal has a working communication channel."&IF($E$6>0," But "&TEXT($E$6,"0")&" meeting(s) claim this goal without contributing — see below.",""),TEXT($B$6,"0")&" of "&TEXT($A$6,"0")&" required flows have a working channel — "&TEXT($D$6,"0")&" defect(s) listed below.")) -> 4 of 6 required flows have a working channel — 2 defect(s) listed below.
A9: OPERATIONS / TOPICS THAT DERIVE FROM THIS GOAL
A10: topic_id | B10: operation | C10: topic | D10: required flows | E10: covered
A11: =IFERROR(INDEX(Topics!$A$2:$A$100,MATCH(ROWS($A$11:$A11),Topics!$F$2:$F$100,0)),"") -> T1 | B11: =IF($A11="","",INDEX(Topics!$D$2:$D$100,MATCH($A11,Topics!$A$2:$A$100,0))) -> quality monitoring | C11: =IF($A11="","",INDEX(Topics!$B$2:$B$100,MATCH($A11,Topics!$A$2:$A$100,0))) -> incoming_inspection_results | D11: =IF($A11="","",COUNTIFS(Flows!$C$2:$C$400,$A11,Flows!$B$2:$B$400,"required")) -> 2 | E11: =IF($A11="","",COUNTIFS(Flows!$C$2:$C$400,$A11,Flows!$B$2:$B$400,"required",Flows!$T$2:$T$400,"covered")) -> 1
A12: =IFERROR(INDEX(Topics!$A$2:$A$100,MATCH(ROWS($A$11:$A12),Topics!$F$2:$F$100,0)),"") -> T4 | B12: =IF($A12="","",INDEX(Topics!$D$2:$D$100,MATCH($A12,Topics!$A$2:$A$100,0))) -> change control | C12: =IF($A12="","",INDEX(Topics!$B$2:$B$100,MATCH($A12,Topics!$A$2:$A$100,0))) -> design_change_notice | D12: =IF($A12="","",COUNTIFS(Flows!$C$2:$C$400,$A12,Flows!$B$2:$B$400,"required")) -> 1 | E12: =IF($A12="","",COUNTIFS(Flows!$C$2:$C$400,$A12,Flows!$B$2:$B$400,"required",Flows!$T$2:$T$400,"covered")) -> 0
A13: =IFERROR(INDEX(Topics!$A$2:$A$100,MATCH(ROWS($A$11:$A13),Topics!$F$2:$F$100,0)),"") -> T5 | B13: =IF($A13="","",INDEX(Topics!$D$2:$D$100,MATCH($A13,Topics!$A$2:$A$100,0))) -> supplier performance mgmt | C13: =IF($A13="","",INDEX(Topics!$B$2:$B$100,MATCH($A13,Topics!$A$2:$A$100,0))) -> supplier_scorecard | D13: =IF($A13="","",COUNTIFS(Flows!$C$2:$C$400,$A13,Flows!$B$2:$B$400,"required")) -> 2 | E13: =IF($A13="","",COUNTIFS(Flows!$C$2:$C$400,$A13,Flows!$B$2:$B$400,"required",Flows!$T$2:$T$400,"covered")) -> 2
A14: =IFERROR(INDEX(Topics!$A$2:$A$100,MATCH(ROWS($A$11:$A14),Topics!$F$2:$F$100,0)),"") -> T9 | B14: =IF($A14="","",INDEX(Topics!$D$2:$D$100,MATCH($A14,Topics!$A$2:$A$100,0))) -> quality monitoring | C14: =IF($A14="","",INDEX(Topics!$B$2:$B$100,MATCH($A14,Topics!$A$2:$A$100,0))) -> production_line_defects | D14: =IF($A14="","",COUNTIFS(Flows!$C$2:$C$400,$A14,Flows!$B$2:$B$400,"required")) -> 1 | E14: =IF($A14="","",COUNTIFS(Flows!$C$2:$C$400,$A14,Flows!$B$2:$B$400,"required",Flows!$T$2:$T$400,"covered")) -> 1
A15: =IFERROR(INDEX(Topics!$A$2:$A$100,MATCH(ROWS($A$11:$A15),Topics!$F$2:$F$100,0)),"") | B15: =IF($A15="","",INDEX(Topics!$D$2:$D$100,MATCH($A15,Topics!$A$2:$A$100,0))) | C15: =IF($A15="","",INDEX(Topics!$B$2:$B$100,MATCH($A15,Topics!$A$2:$A$100,0))) | D15: =IF($A15="","",COUNTIFS(Flows!$C$2:$C$400,$A15,Flows!$B$2:$B$400,"required")) | E15: =IF($A15="","",COUNTIFS(Flows!$C$2:$C$400,$A15,Flows!$B$2:$B$400,"required",Flows!$T$2:$T$400,"covered"))
A16: =IFERROR(INDEX(Topics!$A$2:$A$100,MATCH(ROWS($A$11:$A16),Topics!$F$2:$F$100,0)),"") | B16: =IF($A16="","",INDEX(Topics!$D$2:$D$100,MATCH($A16,Topics!$A$2:$A$100,0))) | C16: =IF($A16="","",INDEX(Topics!$B$2:$B$100,MATCH($A16,Topics!$A$2:$A$100,0))) | D16: =IF($A16="","",COUNTIFS(Flows!$C$2:$C$400,$A16,Flows!$B$2:$B$400,"required")) | E16: =IF($A16="","",COUNTIFS(Flows!$C$2:$C$400,$A16,Flows!$B$2:$B$400,"required",Flows!$T$2:$T$400,"covered"))
A18: REQUIRED FLOWS FOR THIS GOAL — status computed from the data sheets
A19: flow_id | B19: topic | C19: from (required) | D19: to | E19: crit | F19: status | G19: priority | H19: carriers found
A20: =IFERROR(INDEX(Flows!$A$2:$A$400,MATCH(ROWS($A$20:$A20),Flows!$V$2:$V$400,0)),"") -> FR01 | B20: =IF($A20="","",INDEX(Topics!$B$2:$B$100,MATCH(INDEX(Flows!$C$2:$C$400,MATCH($A20,Flows!$A$2:$A$400,0)),Topics!$A$2:$A$100,0))) -> incoming_inspection_results | C20: =IF($A20="","",IFERROR(INDEX(Stakeholders!$B$2:$B$50,MATCH(INDEX(Flows!$D$2:$D$400,MATCH($A20,Flows!$A$2:$A$400,0)),Stakeholders!$A$2:$A$50,0)),"")) -> Gimli | D20: =IF($A20="","",IFERROR(INDEX(Stakeholders!$B$2:$B$50,MATCH(INDEX(Flows!$E$2:$E$400,MATCH($A20,Flows!$A$2:$A$400,0)),Stakeholders!$A$2:$A$50,0)),"")) -> Frodo Baggins | E20: =IF($A20="","",INDEX(Flows!$F$2:$F$400,MATCH($A20,Flows!$A$2:$A$400,0))) -> 4 | F20: =IF($A20="","",INDEX(Flows!$T$2:$T$400,MATCH($A20,Flows!$A$2:$A$400,0))) -> covered | G20: =IF($A20="","",INDEX(Flows!$U$2:$U$400,MATCH($A20,Flows!$A$2:$A$400,0))) -> 0 | H20: =IF($A20="","",INDEX(Flows!$O$2:$O$400,MATCH($A20,Flows!$A$2:$A$400,0))) -> 2
A21: =IFERROR(INDEX(Flows!$A$2:$A$400,MATCH(ROWS($A$20:$A21),Flows!$V$2:$V$400,0)),"") -> FR02 | B21: =IF($A21="","",INDEX(Topics!$B$2:$B$100,MATCH(INDEX(Flows!$C$2:$C$400,MATCH($A21,Flows!$A$2:$A$400,0)),Topics!$A$2:$A$100,0))) -> incoming_inspection_results | C21: =IF($A21="","",IFERROR(INDEX(Stakeholders!$B$2:$B$50,MATCH(INDEX(Flows!$D$2:$D$400,MATCH($A21,Flows!$A$2:$A$400,0)),Stakeholders!$A$2:$A$50,0)),"")) -> Gimli | D21: =IF($A21="","",IFERROR(INDEX(Stakeholders!$B$2:$B$50,MATCH(INDEX(Flows!$E$2:$E$400,MATCH($A21,Flows!$A$2:$A$400,0)),Stakeholders!$A$2:$A$50,0)),"")) -> Leia Organa | E21: =IF($A21="","",INDEX(Flows!$F$2:$F$400,MATCH($A21,Flows!$A$2:$A$400,0))) -> 3 | F21: =IF($A21="","",INDEX(Flows!$T$2:$T$400,MATCH($A21,Flows!$A$2:$A$400,0))) -> wrong_producer | G21: =IF($A21="","",INDEX(Flows!$U$2:$U$400,MATCH($A21,Flows!$A$2:$A$400,0))) -> 6 | H21: =IF($A21="","",INDEX(Flows!$O$2:$O$400,MATCH($A21,Flows!$A$2:$A$400,0))) -> 1
A22: =IFERROR(INDEX(Flows!$A$2:$A$400,MATCH(ROWS($A$20:$A22),Flows!$V$2:$V$400,0)),"") -> FR03 | B22: =IF($A22="","",INDEX(Topics!$B$2:$B$100,MATCH(INDEX(Flows!$C$2:$C$400,MATCH($A22,Flows!$A$2:$A$400,0)),Topics!$A$2:$A$100,0))) -> production_line_defects | C22: =IF($A22="","",IFERROR(INDEX(Stakeholders!$B$2:$B$50,MATCH(INDEX(Flows!$D$2:$D$400,MATCH($A22,Flows!$A$2:$A$400,0)),Stakeholders!$A$2:$A$50,0)),"")) -> Aragorn | D22: =IF($A22="","",IFERROR(INDEX(Stakeholders!$B$2:$B$50,MATCH(INDEX(Flows!$E$2:$E$400,MATCH($A22,Flows!$A$2:$A$400,0)),Stakeholders!$A$2:$A$50,0)),"")) -> Samwise Gamgee | E22: =IF($A22="","",INDEX(Flows!$F$2:$F$400,MATCH($A22,Flows!$A$2:$A$400,0))) -> 3 | F22: =IF($A22="","",INDEX(Flows!$T$2:$T$400,MATCH($A22,Flows!$A$2:$A$400,0))) -> covered | G22: =IF($A22="","",INDEX(Flows!$U$2:$U$400,MATCH($A22,Flows!$A$2:$A$400,0))) -> 0 | H22: =IF($A22="","",INDEX(Flows!$O$2:$O$400,MATCH($A22,Flows!$A$2:$A$400,0))) -> 1
A23: =IFERROR(INDEX(Flows!$A$2:$A$400,MATCH(ROWS($A$20:$A23),Flows!$V$2:$V$400,0)),"") -> FR04 | B23: =IF($A23="","",INDEX(Topics!$B$2:$B$100,MATCH(INDEX(Flows!$C$2:$C$400,MATCH($A23,Flows!$A$2:$A$400,0)),Topics!$A$2:$A$100,0))) -> design_change_notice | C23: =IF($A23="","",IFERROR(INDEX(Stakeholders!$B$2:$B$50,MATCH(INDEX(Flows!$D$2:$D$400,MATCH($A23,Flows!$A$2:$A$400,0)),Stakeholders!$A$2:$A$50,0)),"")) -> Gandalf | D23: =IF($A23="","",IFERROR(INDEX(Stakeholders!$B$2:$B$50,MATCH(INDEX(Flows!$E$2:$E$400,MATCH($A23,Flows!$A$2:$A$400,0)),Stakeholders!$A$2:$A$50,0)),"")) -> Frodo Baggins | E23: =IF($A23="","",INDEX(Flows!$F$2:$F$400,MATCH($A23,Flows!$A$2:$A$400,0))) -> 5 | F23: =IF($A23="","",INDEX(Flows!$T$2:$T$400,MATCH($A23,Flows!$A$2:$A$400,0))) -> missing | G23: =IF($A23="","",INDEX(Flows!$U$2:$U$400,MATCH($A23,Flows!$A$2:$A$400,0))) -> 15 | H23: =IF($A23="","",INDEX(Flows!$O$2:$O$400,MATCH($A23,Flows!$A$2:$A$400,0))) -> 0
A24: =IFERROR(INDEX(Flows!$A$2:$A$400,MATCH(ROWS($A$20:$A24),Flows!$V$2:$V$400,0)),"") -> FR05 | B24: =IF($A24="","",INDEX(Topics!$B$2:$B$100,MATCH(INDEX(Flows!$C$2:$C$400,MATCH($A24,Flows!$A$2:$A$400,0)),Topics!$A$2:$A$100,0))) -> supplier_scorecard | C24: =IF($A24="","",IFERROR(INDEX(Stakeholders!$B$2:$B$50,MATCH(INDEX(Flows!$D$2:$D$400,MATCH($A24,Flows!$A$2:$A$400,0)),Stakeholders!$A$2:$A$50,0)),"")) -> Frodo Baggins | D24: =IF($A24="","",IFERROR(INDEX(Stakeholders!$B$2:$B$50,MATCH(INDEX(Flows!$E$2:$E$400,MATCH($A24,Flows!$A$2:$A$400,0)),Stakeholders!$A$2:$A$50,0)),"")) -> Han Solo | E24: =IF($A24="","",INDEX(Flows!$F$2:$F$400,MATCH($A24,Flows!$A$2:$A$400,0))) -> 3 | F24: =IF($A24="","",INDEX(Flows!$T$2:$T$400,MATCH($A24,Flows!$A$2:$A$400,0))) -> covered | G24: =IF($A24="","",INDEX(Flows!$U$2:$U$400,MATCH($A24,Flows!$A$2:$A$400,0))) -> 0 | H24: =IF($A24="","",INDEX(Flows!$O$2:$O$400,MATCH($A24,Flows!$A$2:$A$400,0))) -> 1
A25: =IFERROR(INDEX(Flows!$A$2:$A$400,MATCH(ROWS($A$20:$A25),Flows!$V$2:$V$400,0)),"") -> FR06 | B25: =IF($A25="","",INDEX(Topics!$B$2:$B$100,MATCH(INDEX(Flows!$C$2:$C$400,MATCH($A25,Flows!$A$2:$A$400,0)),Topics!$A$2:$A$100,0))) -> supplier_scorecard | C25: =IF($A25="","",IFERROR(INDEX(Stakeholders!$B$2:$B$50,MATCH(INDEX(Flows!$D$2:$D$400,MATCH($A25,Flows!$A$2:$A$400,0)),Stakeholders!$A$2:$A$50,0)),"")) -> Frodo Baggins | D25: =IF($A25="","",IFERROR(INDEX(Stakeholders!$B$2:$B$50,MATCH(INDEX(Flows!$E$2:$E$400,MATCH($A25,Flows!$A$2:$A$400,0)),Stakeholders!$A$2:$A$50,0)),"")) -> Lando Calrissian (Cloud City) | E25: =IF($A25="","",INDEX(Flows!$F$2:$F$400,MATCH($A25,Flows!$A$2:$A$400,0))) -> 4 | F25: =IF($A25="","",INDEX(Flows!$T$2:$T$400,MATCH($A25,Flows!$A$2:$A$400,0))) -> covered | G25: =IF($A25="","",INDEX(Flows!$U$2:$U$400,MATCH($A25,Flows!$A$2:$A$400,0))) -> 0 | H25: =IF($A25="","",INDEX(Flows!$O$2:$O$400,MATCH($A25,Flows!$A$2:$A$400,0))) -> 1
A26: =IFERROR(INDEX(Flows!$A$2:$A$400,MATCH(ROWS($A$20:$A26),Flows!$V$2:$V$400,0)),"") | B26: =IF($A26="","",INDEX(Topics!$B$2:$B$100,MATCH(INDEX(Flows!$C$2:$C$400,MATCH($A26,Flows!$A$2:$A$400,0)),Topics!$A$2:$A$100,0))) | C26: =IF($A26="","",IFERROR(INDEX(Stakeholders!$B$2:$B$50,MATCH(INDEX(Flows!$D$2:$D$400,MATCH($A26,Flows!$A$2:$A$400,0)),Stakeholders!$A$2:$A$50,0)),"")) | D26: =IF($A26="","",IFERROR(INDEX(Stakeholders!$B$2:$B$50,MATCH(INDEX(Flows!$E$2:$E$400,MATCH($A26,Flows!$A$2:$A$400,0)),Stakeholders!$A$2:$A$50,0)),"")) | E26: =IF($A26="","",INDEX(Flows!$F$2:$F$400,MATCH($A26,Flows!$A$2:$A$400,0))) | F26: =IF($A26="","",INDEX(Flows!$T$2:$T$400,MATCH($A26,Flows!$A$2:$A$400,0))) | G26: =IF($A26="","",INDEX(Flows!$U$2:$U$400,MATCH($A26,Flows!$A$2:$A$400,0))) | H26: =IF($A26="","",INDEX(Flows!$O$2:$O$400,MATCH($A26,Flows!$A$2:$A$400,0)))
A27: =IFERROR(INDEX(Flows!$A$2:$A$400,MATCH(ROWS($A$20:$A27),Flows!$V$2:$V$400,0)),"") | B27: =IF($A27="","",INDEX(Topics!$B$2:$B$100,MATCH(INDEX(Flows!$C$2:$C$400,MATCH($A27,Flows!$A$2:$A$400,0)),Topics!$A$2:$A$100,0))) | C27: =IF($A27="","",IFERROR(INDEX(Stakeholders!$B$2:$B$50,MATCH(INDEX(Flows!$D$2:$D$400,MATCH($A27,Flows!$A$2:$A$400,0)),Stakeholders!$A$2:$A$50,0)),"")) | D27: =IF($A27="","",IFERROR(INDEX(Stakeholders!$B$2:$B$50,MATCH(INDEX(Flows!$E$2:$E$400,MATCH($A27,Flows!$A$2:$A$400,0)),Stakeholders!$A$2:$A$50,0)),"")) | E27: =IF($A27="","",INDEX(Flows!$F$2:$F$400,MATCH($A27,Flows!$A$2:$A$400,0))) | F27: =IF($A27="","",INDEX(Flows!$T$2:$T$400,MATCH($A27,Flows!$A$2:$A$400,0))) | G27: =IF($A27="","",INDEX(Flows!$U$2:$U$400,MATCH($A27,Flows!$A$2:$A$400,0))) | H27: =IF($A27="","",INDEX(Flows!$O$2:$O$400,MATCH($A27,Flows!$A$2:$A$400,0)))
A28: =IFERROR(INDEX(Flows!$A$2:$A$400,MATCH(ROWS($A$20:$A28),Flows!$V$2:$V$400,0)),"") | B28: =IF($A28="","",INDEX(Topics!$B$2:$B$100,MATCH(INDEX(Flows!$C$2:$C$400,MATCH($A28,Flows!$A$2:$A$400,0)),Topics!$A$2:$A$100,0))) | C28: =IF($A28="","",IFERROR(INDEX(Stakeholders!$B$2:$B$50,MATCH(INDEX(Flows!$D$2:$D$400,MATCH($A28,Flows!$A$2:$A$400,0)),Stakeholders!$A$2:$A$50,0)),"")) | D28: =IF($A28="","",IFERROR(INDEX(Stakeholders!$B$2:$B$50,MATCH(INDEX(Flows!$E$2:$E$400,MATCH($A28,Flows!$A$2:$A$400,0)),Stakeholders!$A$2:$A$50,0)),"")) | E28: =IF($A28="","",INDEX(Flows!$F$2:$F$400,MATCH($A28,Flows!$A$2:$A$400,0))) | F28: =IF($A28="","",INDEX(Flows!$T$2:$T$400,MATCH($A28,Flows!$A$2:$A$400,0))) | G28: =IF($A28="","",INDEX(Flows!$U$2:$U$400,MATCH($A28,Flows!$A$2:$A$400,0))) | H28: =IF($A28="","",INDEX(Flows!$O$2:$O$400,MATCH($A28,Flows!$A$2:$A$400,0)))
A29: =IFERROR(INDEX(Flows!$A$2:$A$400,MATCH(ROWS($A$20:$A29),Flows!$V$2:$V$400,0)),"") | B29: =IF($A29="","",INDEX(Topics!$B$2:$B$100,MATCH(INDEX(Flows!$C$2:$C$400,MATCH($A29,Flows!$A$2:$A$400,0)),Topics!$A$2:$A$100,0))) | C29: =IF($A29="","",IFERROR(INDEX(Stakeholders!$B$2:$B$50,MATCH(INDEX(Flows!$D$2:$D$400,MATCH($A29,Flows!$A$2:$A$400,0)),Stakeholders!$A$2:$A$50,0)),"")) | D29: =IF($A29="","",IFERROR(INDEX(Stakeholders!$B$2:$B$50,MATCH(INDEX(Flows!$E$2:$E$400,MATCH($A29,Flows!$A$2:$A$400,0)),Stakeholders!$A$2:$A$50,0)),"")) | E29: =IF($A29="","",INDEX(Flows!$F$2:$F$400,MATCH($A29,Flows!$A$2:$A$400,0))) | F29: =IF($A29="","",INDEX(Flows!$T$2:$T$400,MATCH($A29,Flows!$A$2:$A$400,0))) | G29: =IF($A29="","",INDEX(Flows!$U$2:$U$400,MATCH($A29,Flows!$A$2:$A$400,0))) | H29: =IF($A29="","",INDEX(Flows!$O$2:$O$400,MATCH($A29,Flows!$A$2:$A$400,0)))
A31: REQUIRED STAKEHOLDERS OF THIS GOAL
A32: stakeholder | B32: role | C32: group | D32: power | E32: status for this goal
A33: =IFERROR(INDEX(Stakeholders!$B$2:$B$50,MATCH(ROWS($A$33:$A33),Stakeholders!$N$2:$N$50,0)),"") -> Leia Organa | B33: =IF($A33="","",INDEX(Stakeholders!$C$2:$C$50,MATCH(ROWS($A$33:$A33),Stakeholders!$N$2:$N$50,0))) -> Quality Manager | C33: =IF($A33="","",INDEX(Stakeholders!$D$2:$D$50,MATCH(ROWS($A$33:$A33),Stakeholders!$N$2:$N$50,0))) -> Quality | D33: =IF($A33="","",INDEX(Stakeholders!$F$2:$F$50,MATCH(ROWS($A$33:$A33),Stakeholders!$N$2:$N$50,0))) -> 4 | E33: =IF($A33="","",IF(INDEX(Stakeholders!$M$2:$M$50,MATCH(ROWS($A$33:$A33),Stakeholders!$N$2:$N$50,0))=1,"⚠ affected by a defect","ok")) -> ⚠ affected by a defect
A34: =IFERROR(INDEX(Stakeholders!$B$2:$B$50,MATCH(ROWS($A$33:$A34),Stakeholders!$N$2:$N$50,0)),"") -> Frodo Baggins | B34: =IF($A34="","",INDEX(Stakeholders!$C$2:$C$50,MATCH(ROWS($A$33:$A34),Stakeholders!$N$2:$N$50,0))) -> Supplier Quality Engineer Lead | C34: =IF($A34="","",INDEX(Stakeholders!$D$2:$D$50,MATCH(ROWS($A$33:$A34),Stakeholders!$N$2:$N$50,0))) -> Quality | D34: =IF($A34="","",INDEX(Stakeholders!$F$2:$F$50,MATCH(ROWS($A$33:$A34),Stakeholders!$N$2:$N$50,0))) -> 3 | E34: =IF($A34="","",IF(INDEX(Stakeholders!$M$2:$M$50,MATCH(ROWS($A$33:$A34),Stakeholders!$N$2:$N$50,0))=1,"⚠ affected by a defect","ok")) -> ⚠ affected by a defect
A35: =IFERROR(INDEX(Stakeholders!$B$2:$B$50,MATCH(ROWS($A$33:$A35),Stakeholders!$N$2:$N$50,0)),"") -> Samwise Gamgee | B35: =IF($A35="","",INDEX(Stakeholders!$C$2:$C$50,MATCH(ROWS($A$33:$A35),Stakeholders!$N$2:$N$50,0))) -> Supplier Quality Engineer | C35: =IF($A35="","",INDEX(Stakeholders!$D$2:$D$50,MATCH(ROWS($A$33:$A35),Stakeholders!$N$2:$N$50,0))) -> Quality | D35: =IF($A35="","",INDEX(Stakeholders!$F$2:$F$50,MATCH(ROWS($A$33:$A35),Stakeholders!$N$2:$N$50,0))) -> 2 | E35: =IF($A35="","",IF(INDEX(Stakeholders!$M$2:$M$50,MATCH(ROWS($A$33:$A35),Stakeholders!$N$2:$N$50,0))=1,"⚠ affected by a defect","ok")) -> ok
A36: =IFERROR(INDEX(Stakeholders!$B$2:$B$50,MATCH(ROWS($A$33:$A36),Stakeholders!$N$2:$N$50,0)),"") -> Han Solo | B36: =IF($A36="","",INDEX(Stakeholders!$C$2:$C$50,MATCH(ROWS($A$33:$A36),Stakeholders!$N$2:$N$50,0))) -> Procurement Lead | C36: =IF($A36="","",INDEX(Stakeholders!$D$2:$D$50,MATCH(ROWS($A$33:$A36),Stakeholders!$N$2:$N$50,0))) -> Supply Chain | D36: =IF($A36="","",INDEX(Stakeholders!$F$2:$F$50,MATCH(ROWS($A$33:$A36),Stakeholders!$N$2:$N$50,0))) -> 4 | E36: =IF($A36="","",IF(INDEX(Stakeholders!$M$2:$M$50,MATCH(ROWS($A$33:$A36),Stakeholders!$N$2:$N$50,0))=1,"⚠ affected by a defect","ok")) -> ok
A37: =IFERROR(INDEX(Stakeholders!$B$2:$B$50,MATCH(ROWS($A$33:$A37),Stakeholders!$N$2:$N$50,0)),"") -> Gimli | B37: =IF($A37="","",INDEX(Stakeholders!$C$2:$C$50,MATCH(ROWS($A$33:$A37),Stakeholders!$N$2:$N$50,0))) -> Incoming Inspection Lead | C37: =IF($A37="","",INDEX(Stakeholders!$D$2:$D$50,MATCH(ROWS($A$33:$A37),Stakeholders!$N$2:$N$50,0))) -> Quality | D37: =IF($A37="","",INDEX(Stakeholders!$F$2:$F$50,MATCH(ROWS($A$33:$A37),Stakeholders!$N$2:$N$50,0))) -> 2 | E37: =IF($A37="","",IF(INDEX(Stakeholders!$M$2:$M$50,MATCH(ROWS($A$33:$A37),Stakeholders!$N$2:$N$50,0))=1,"⚠ affected by a defect","ok")) -> ⚠ affected by a defect
A38: =IFERROR(INDEX(Stakeholders!$B$2:$B$50,MATCH(ROWS($A$33:$A38),Stakeholders!$N$2:$N$50,0)),"") -> Aragorn | B38: =IF($A38="","",INDEX(Stakeholders!$C$2:$C$50,MATCH(ROWS($A$33:$A38),Stakeholders!$N$2:$N$50,0))) -> Production Supervisor | C38: =IF($A38="","",INDEX(Stakeholders!$D$2:$D$50,MATCH(ROWS($A$33:$A38),Stakeholders!$N$2:$N$50,0))) -> Operations | D38: =IF($A38="","",INDEX(Stakeholders!$F$2:$F$50,MATCH(ROWS($A$33:$A38),Stakeholders!$N$2:$N$50,0))) -> 3 | E38: =IF($A38="","",IF(INDEX(Stakeholders!$M$2:$M$50,MATCH(ROWS($A$33:$A38),Stakeholders!$N$2:$N$50,0))=1,"⚠ affected by a defect","ok")) -> ok
A39: =IFERROR(INDEX(Stakeholders!$B$2:$B$50,MATCH(ROWS($A$33:$A39),Stakeholders!$N$2:$N$50,0)),"") -> Gandalf | B39: =IF($A39="","",INDEX(Stakeholders!$C$2:$C$50,MATCH(ROWS($A$33:$A39),Stakeholders!$N$2:$N$50,0))) -> Design Engineer | C39: =IF($A39="","",INDEX(Stakeholders!$D$2:$D$50,MATCH(ROWS($A$33:$A39),Stakeholders!$N$2:$N$50,0))) -> Engineering | D39: =IF($A39="","",INDEX(Stakeholders!$F$2:$F$50,MATCH(ROWS($A$33:$A39),Stakeholders!$N$2:$N$50,0))) -> 3 | E39: =IF($A39="","",IF(INDEX(Stakeholders!$M$2:$M$50,MATCH(ROWS($A$33:$A39),Stakeholders!$N$2:$N$50,0))=1,"⚠ affected by a defect","ok")) -> ⚠ affected by a defect
A40: =IFERROR(INDEX(Stakeholders!$B$2:$B$50,MATCH(ROWS($A$33:$A40),Stakeholders!$N$2:$N$50,0)),"") -> Lando Calrissian (Cloud City) | B40: =IF($A40="","",INDEX(Stakeholders!$C$2:$C$50,MATCH(ROWS($A$33:$A40),Stakeholders!$N$2:$N$50,0))) -> Supplier Account Manager | C40: =IF($A40="","",INDEX(Stakeholders!$D$2:$D$50,MATCH(ROWS($A$33:$A40),Stakeholders!$N$2:$N$50,0))) -> External | D40: =IF($A40="","",INDEX(Stakeholders!$F$2:$F$50,MATCH(ROWS($A$33:$A40),Stakeholders!$N$2:$N$50,0))) -> 3 | E40: =IF($A40="","",IF(INDEX(Stakeholders!$M$2:$M$50,MATCH(ROWS($A$33:$A40),Stakeholders!$N$2:$N$50,0))=1,"⚠ affected by a defect","ok")) -> ok
A41: =IFERROR(INDEX(Stakeholders!$B$2:$B$50,MATCH(ROWS($A$33:$A41),Stakeholders!$N$2:$N$50,0)),"") | B41: =IF($A41="","",INDEX(Stakeholders!$C$2:$C$50,MATCH(ROWS($A$33:$A41),Stakeholders!$N$2:$N$50,0))) | C41: =IF($A41="","",INDEX(Stakeholders!$D$2:$D$50,MATCH(ROWS($A$33:$A41),Stakeholders!$N$2:$N$50,0))) | D41: =IF($A41="","",INDEX(Stakeholders!$F$2:$F$50,MATCH(ROWS($A$33:$A41),Stakeholders!$N$2:$N$50,0))) | E41: =IF($A41="","",IF(INDEX(Stakeholders!$M$2:$M$50,MATCH(ROWS($A$33:$A41),Stakeholders!$N$2:$N$50,0))=1,"⚠ affected by a defect","ok"))
A42: =IFERROR(INDEX(Stakeholders!$B$2:$B$50,MATCH(ROWS($A$33:$A42),Stakeholders!$N$2:$N$50,0)),"") | B42: =IF($A42="","",INDEX(Stakeholders!$C$2:$C$50,MATCH(ROWS($A$33:$A42),Stakeholders!$N$2:$N$50,0))) | C42: =IF($A42="","",INDEX(Stakeholders!$D$2:$D$50,MATCH(ROWS($A$33:$A42),Stakeholders!$N$2:$N$50,0))) | D42: =IF($A42="","",INDEX(Stakeholders!$F$2:$F$50,MATCH(ROWS($A$33:$A42),Stakeholders!$N$2:$N$50,0))) | E42: =IF($A42="","",IF(INDEX(Stakeholders!$M$2:$M$50,MATCH(ROWS($A$33:$A42),Stakeholders!$N$2:$N$50,0))=1,"⚠ affected by a defect","ok"))
A43: =IFERROR(INDEX(Stakeholders!$B$2:$B$50,MATCH(ROWS($A$33:$A43),Stakeholders!$N$2:$N$50,0)),"") | B43: =IF($A43="","",INDEX(Stakeholders!$C$2:$C$50,MATCH(ROWS($A$33:$A43),Stakeholders!$N$2:$N$50,0))) | C43: =IF($A43="","",INDEX(Stakeholders!$D$2:$D$50,MATCH(ROWS($A$33:$A43),Stakeholders!$N$2:$N$50,0))) | D43: =IF($A43="","",INDEX(Stakeholders!$F$2:$F$50,MATCH(ROWS($A$33:$A43),Stakeholders!$N$2:$N$50,0))) | E43: =IF($A43="","",IF(INDEX(Stakeholders!$M$2:$M$50,MATCH(ROWS($A$33:$A43),Stakeholders!$N$2:$N$50,0))=1,"⚠ affected by a defect","ok"))
A44: =IFERROR(INDEX(Stakeholders!$B$2:$B$50,MATCH(ROWS($A$33:$A44),Stakeholders!$N$2:$N$50,0)),"") | B44: =IF($A44="","",INDEX(Stakeholders!$C$2:$C$50,MATCH(ROWS($A$33:$A44),Stakeholders!$N$2:$N$50,0))) | C44: =IF($A44="","",INDEX(Stakeholders!$D$2:$D$50,MATCH(ROWS($A$33:$A44),Stakeholders!$N$2:$N$50,0))) | D44: =IF($A44="","",INDEX(Stakeholders!$F$2:$F$50,MATCH(ROWS($A$33:$A44),Stakeholders!$N$2:$N$50,0))) | E44: =IF($A44="","",IF(INDEX(Stakeholders!$M$2:$M$50,MATCH(ROWS($A$33:$A44),Stakeholders!$N$2:$N$50,0))=1,"⚠ affected by a defect","ok"))
A46: MEETINGS SERVING (OR CLAIMING) THIS GOAL — claimed vs computed
A47: meeting | B47: claimed? | C47: flows carried | D47: decisions | E47: stakeholders present | F47: criteria score | G47: verdict
A48: =IFERROR(INDEX(Alignment!$C$2:$C$50,MATCH(ROWS($A$48:$A48),Alignment!$K$2:$K$50,0)),"") -> Daily Production Standup | B48: =IF($A48="","",IF(INDEX(Alignment!$D$2:$D$50,MATCH(ROWS($A$48:$A48),Alignment!$K$2:$K$50,0))=TRUE(),"yes","no")) -> yes | C48: =IF($A48="","",INDEX(Alignment!$E$2:$E$50,MATCH(ROWS($A$48:$A48),Alignment!$K$2:$K$50,0))) -> 1 | D48: =IF($A48="","",INDEX(Alignment!$F$2:$F$50,MATCH(ROWS($A$48:$A48),Alignment!$K$2:$K$50,0))) -> 1 | E48: =IF($A48="","",INDEX(Alignment!$H$2:$H$50,MATCH(ROWS($A$48:$A48),Alignment!$K$2:$K$50,0))) -> 0.38 | F48: =IF($A48="","",INDEX(Alignment!$I$2:$I$50,MATCH(ROWS($A$48:$A48),Alignment!$K$2:$K$50,0))) -> 0.83333333 | G48: =IF($A48="","",INDEX(Alignment!$J$2:$J$50,MATCH(ROWS($A$48:$A48),Alignment!$K$2:$K$50,0))) -> aligned
A49: =IFERROR(INDEX(Alignment!$C$2:$C$50,MATCH(ROWS($A$48:$A49),Alignment!$K$2:$K$50,0)),"") -> Weekly Supplier Quality Review | B49: =IF($A49="","",IF(INDEX(Alignment!$D$2:$D$50,MATCH(ROWS($A$48:$A49),Alignment!$K$2:$K$50,0))=TRUE(),"yes","no")) -> yes | C49: =IF($A49="","",INDEX(Alignment!$E$2:$E$50,MATCH(ROWS($A$48:$A49),Alignment!$K$2:$K$50,0))) -> 2 | D49: =IF($A49="","",INDEX(Alignment!$F$2:$F$50,MATCH(ROWS($A$48:$A49),Alignment!$K$2:$K$50,0))) -> 1 | E49: =IF($A49="","",INDEX(Alignment!$H$2:$H$50,MATCH(ROWS($A$48:$A49),Alignment!$K$2:$K$50,0))) -> 0.5 | F49: =IF($A49="","",INDEX(Alignment!$I$2:$I$50,MATCH(ROWS($A$48:$A49),Alignment!$K$2:$K$50,0))) -> 1 | G49: =IF($A49="","",INDEX(Alignment!$J$2:$J$50,MATCH(ROWS($A$48:$A49),Alignment!$K$2:$K$50,0))) -> aligned
A50: =IFERROR(INDEX(Alignment!$C$2:$C$50,MATCH(ROWS($A$48:$A50),Alignment!$K$2:$K$50,0)),"") -> Monthly Supplier Business Review | B50: =IF($A50="","",IF(INDEX(Alignment!$D$2:$D$50,MATCH(ROWS($A$48:$A50),Alignment!$K$2:$K$50,0))=TRUE(),"yes","no")) -> yes | C50: =IF($A50="","",INDEX(Alignment!$E$2:$E$50,MATCH(ROWS($A$48:$A50),Alignment!$K$2:$K$50,0))) -> 2 | D50: =IF($A50="","",INDEX(Alignment!$F$2:$F$50,MATCH(ROWS($A$48:$A50),Alignment!$K$2:$K$50,0))) -> 0 | E50: =IF($A50="","",INDEX(Alignment!$H$2:$H$50,MATCH(ROWS($A$48:$A50),Alignment!$K$2:$K$50,0))) -> 0.5 | F50: =IF($A50="","",INDEX(Alignment!$I$2:$I$50,MATCH(ROWS($A$48:$A50),Alignment!$K$2:$K$50,0))) -> 0.83333333 | G50: =IF($A50="","",INDEX(Alignment!$J$2:$J$50,MATCH(ROWS($A$48:$A50),Alignment!$K$2:$K$50,0))) -> aligned
A51: =IFERROR(INDEX(Alignment!$C$2:$C$50,MATCH(ROWS($A$48:$A51),Alignment!$K$2:$K$50,0)),"") -> Engineering Change Board | B51: =IF($A51="","",IF(INDEX(Alignment!$D$2:$D$50,MATCH(ROWS($A$48:$A51),Alignment!$K$2:$K$50,0))=TRUE(),"yes","no")) -> yes | C51: =IF($A51="","",INDEX(Alignment!$E$2:$E$50,MATCH(ROWS($A$48:$A51),Alignment!$K$2:$K$50,0))) -> 0 | D51: =IF($A51="","",INDEX(Alignment!$F$2:$F$50,MATCH(ROWS($A$48:$A51),Alignment!$K$2:$K$50,0))) -> 1 | E51: =IF($A51="","",INDEX(Alignment!$H$2:$H$50,MATCH(ROWS($A$48:$A51),Alignment!$K$2:$K$50,0))) -> 0.38 | F51: =IF($A51="","",INDEX(Alignment!$I$2:$I$50,MATCH(ROWS($A$48:$A51),Alignment!$K$2:$K$50,0))) -> 0.83333333 | G51: =IF($A51="","",INDEX(Alignment!$J$2:$J$50,MATCH(ROWS($A$48:$A51),Alignment!$K$2:$K$50,0))) -> aligned
A52: =IFERROR(INDEX(Alignment!$C$2:$C$50,MATCH(ROWS($A$48:$A52),Alignment!$K$2:$K$50,0)),"") -> Monthly Ops Status Meeting | B52: =IF($A52="","",IF(INDEX(Alignment!$D$2:$D$50,MATCH(ROWS($A$48:$A52),Alignment!$K$2:$K$50,0))=TRUE(),"yes","no")) -> yes | C52: =IF($A52="","",INDEX(Alignment!$E$2:$E$50,MATCH(ROWS($A$48:$A52),Alignment!$K$2:$K$50,0))) -> 0 | D52: =IF($A52="","",INDEX(Alignment!$F$2:$F$50,MATCH(ROWS($A$48:$A52),Alignment!$K$2:$K$50,0))) -> 0 | E52: =IF($A52="","",INDEX(Alignment!$H$2:$H$50,MATCH(ROWS($A$48:$A52),Alignment!$K$2:$K$50,0))) -> 0.38 | F52: =IF($A52="","",INDEX(Alignment!$I$2:$I$50,MATCH(ROWS($A$48:$A52),Alignment!$K$2:$K$50,0))) -> 0.16666667 | G52: =IF($A52="","",INDEX(Alignment!$J$2:$J$50,MATCH(ROWS($A$48:$A52),Alignment!$K$2:$K$50,0))) -> claims_no_contribution
A53: =IFERROR(INDEX(Alignment!$C$2:$C$50,MATCH(ROWS($A$48:$A53),Alignment!$K$2:$K$50,0)),"") | B53: =IF($A53="","",IF(INDEX(Alignment!$D$2:$D$50,MATCH(ROWS($A$48:$A53),Alignment!$K$2:$K$50,0))=TRUE(),"yes","no")) | C53: =IF($A53="","",INDEX(Alignment!$E$2:$E$50,MATCH(ROWS($A$48:$A53),Alignment!$K$2:$K$50,0))) | D53: =IF($A53="","",INDEX(Alignment!$F$2:$F$50,MATCH(ROWS($A$48:$A53),Alignment!$K$2:$K$50,0))) | E53: =IF($A53="","",INDEX(Alignment!$H$2:$H$50,MATCH(ROWS($A$48:$A53),Alignment!$K$2:$K$50,0))) | F53: =IF($A53="","",INDEX(Alignment!$I$2:$I$50,MATCH(ROWS($A$48:$A53),Alignment!$K$2:$K$50,0))) | G53: =IF($A53="","",INDEX(Alignment!$J$2:$J$50,MATCH(ROWS($A$48:$A53),Alignment!$K$2:$K$50,0)))
A54: =IFERROR(INDEX(Alignment!$C$2:$C$50,MATCH(ROWS($A$48:$A54),Alignment!$K$2:$K$50,0)),"") | B54: =IF($A54="","",IF(INDEX(Alignment!$D$2:$D$50,MATCH(ROWS($A$48:$A54),Alignment!$K$2:$K$50,0))=TRUE(),"yes","no")) | C54: =IF($A54="","",INDEX(Alignment!$E$2:$E$50,MATCH(ROWS($A$48:$A54),Alignment!$K$2:$K$50,0))) | D54: =IF($A54="","",INDEX(Alignment!$F$2:$F$50,MATCH(ROWS($A$48:$A54),Alignment!$K$2:$K$50,0))) | E54: =IF($A54="","",INDEX(Alignment!$H$2:$H$50,MATCH(ROWS($A$48:$A54),Alignment!$K$2:$K$50,0))) | F54: =IF($A54="","",INDEX(Alignment!$I$2:$I$50,MATCH(ROWS($A$48:$A54),Alignment!$K$2:$K$50,0))) | G54: =IF($A54="","",INDEX(Alignment!$J$2:$J$50,MATCH(ROWS($A$48:$A54),Alignment!$K$2:$K$50,0)))
A55: =IFERROR(INDEX(Alignment!$C$2:$C$50,MATCH(ROWS($A$48:$A55),Alignment!$K$2:$K$50,0)),"") | B55: =IF($A55="","",IF(INDEX(Alignment!$D$2:$D$50,MATCH(ROWS($A$48:$A55),Alignment!$K$2:$K$50,0))=TRUE(),"yes","no")) | C55: =IF($A55="","",INDEX(Alignment!$E$2:$E$50,MATCH(ROWS($A$48:$A55),Alignment!$K$2:$K$50,0))) | D55: =IF($A55="","",INDEX(Alignment!$F$2:$F$50,MATCH(ROWS($A$48:$A55),Alignment!$K$2:$K$50,0))) | E55: =IF($A55="","",INDEX(Alignment!$H$2:$H$50,MATCH(ROWS($A$48:$A55),Alignment!$K$2:$K$50,0))) | F55: =IF($A55="","",INDEX(Alignment!$I$2:$I$50,MATCH(ROWS($A$48:$A55),Alignment!$K$2:$K$50,0))) | G55: =IF($A55="","",INDEX(Alignment!$J$2:$J$50,MATCH(ROWS($A$48:$A55),Alignment!$K$2:$K$50,0)))
A57: CHANNELS CARRYING THIS GOAL'S FLOWS
A58: channel | B58: type | C58: persistence | D58: effective cadence | E58: flows for this goal
A59: =IF(Channels!$A2="","",Channels!$B2) -> Email | B59: =IF(Channels!$A2="","",Channels!$C2) -> email | C59: =IF(Channels!$A2="","",Channels!$E2) -> searchable | D59: =IF(Channels!$A2="","",Channels!$F2) -> continuous | E59: =IF(Channels!$A2="","",Channels!$G2) -> 0
A60: =IF(Channels!$A3="","",Channels!$B3) -> Teams chat | B60: =IF(Channels!$A3="","",Channels!$C3) -> chat | C60: =IF(Channels!$A3="","",Channels!$E3) -> ephemeral | D60: =IF(Channels!$A3="","",Channels!$F3) -> continuous | E60: =IF(Channels!$A3="","",Channels!$G3) -> 0
A61: =IF(Channels!$A4="","",Channels!$B4) -> QMS ticket system | B61: =IF(Channels!$A4="","",Channels!$C4) -> ticket | C61: =IF(Channels!$A4="","",Channels!$E4) -> system_of_record | D61: =IF(Channels!$A4="","",Channels!$F4) -> continuous | E61: =IF(Channels!$A4="","",Channels!$G4) -> 0
A62: =IF(Channels!$A5="","",Channels!$B5) -> Quality dashboard | B62: =IF(Channels!$A5="","",Channels!$C5) -> dashboard | C62: =IF(Channels!$A5="","",Channels!$E5) -> system_of_record | D62: =IF(Channels!$A5="","",Channels!$F5) -> daily | E62: =IF(Channels!$A5="","",Channels!$G5) -> 1
A63: =IF(Channels!$A6="","",Channels!$B6) -> Shared drive reports | B63: =IF(Channels!$A6="","",Channels!$C6) -> doc | C63: =IF(Channels!$A6="","",Channels!$E6) -> searchable | D63: =IF(Channels!$A6="","",Channels!$F6) -> weekly | E63: =IF(Channels!$A6="","",Channels!$G6) -> 0
A64: =IF(Channels!$A7="","",Channels!$B7) -> Hallway / ad hoc | B64: =IF(Channels!$A7="","",Channels!$C7) -> in_person | C64: =IF(Channels!$A7="","",Channels!$E7) -> ephemeral | D64: =IF(Channels!$A7="","",Channels!$F7) -> ad_hoc | E64: =IF(Channels!$A7="","",Channels!$G7) -> 0
A67: Everything on this sheet recomputes from the data sheets. The yellow cell (B3) is the only input here. Slots show up to 6 topics / 10 flows / 12 stakeholders / 8 meetings — extend by copying the last slot row's formulas downward.

Sheet Findings
A1: Findings — the readout
A2: Computed live from the data sheets. Every finding traces to a goal: defect → required flow → topic → goal. Details on Flows, Alignment, Decisions; goal-first view on GoalLens.
A4: Coverage | B4: Open defects | C4: Theater claims | D4: Unclaimed | E4: Decision defects | G4: Disputed
A5: =IF(COUNTIFS(Flows!$B$2:$B$400,"required")=0,0,COUNTIFS(Flows!$B$2:$B$400,"required",Flows!$T$2:$T$400,"covered")/COUNTIFS(Flows!$B$2:$B$400,"required")) -> 0.58823529 | B5: =COUNTIFS(Flows!$B$2:$B$400,"required",Flows!$T$2:$T$400,"<>covered",Flows!$T$2:$T$400,"<>") -> 7 | C5: =COUNTIF(Alignment!$J$2:$J$50,"claims_no_contribution") -> 2 | D5: =COUNTIF(Alignment!$J$2:$J$50,"unclaimed_contributor") -> 1 | E5: =SUMPRODUCT((Decisions!$L$2:$L$50<>"aligned")*(Decisions!$L$2:$L$50<>"")) -> 3 | G5: =COUNTIFS(Flows!$B$2:$B$400,"actual",Flows!$I$2:$I$400,"disputed") -> 1
A7: BY GOAL — where each goal stands (all findings below roll up to these rows) → open
A8: goal | B8: name | D8: required | E8: covered | F8: open | G8: theater | H8: unclaimed
A9: =IF(Goals!$A2="","",Goals!$A2) -> G1 | B9: =IF($A9="","",INDEX(Goals!$B$2:$B$20,MATCH($A9,Goals!$A$2:$A$20,0))) -> Reduce supplier defect rate (PPM) by 30% | D9: =IF($A9="","",COUNTIFS(Flows!$B$2:$B$400,"required",Flows!$L$2:$L$400,$A9)) -> 6 | E9: =IF($A9="","",COUNTIFS(Flows!$B$2:$B$400,"required",Flows!$L$2:$L$400,$A9,Flows!$T$2:$T$400,"covered")) -> 4 | F9: =IF($A9="","",$D9-$E9) -> 2 | G9: =IF($A9="","",COUNTIFS(Alignment!$A$2:$A$50,$A9,Alignment!$J$2:$J$50,"claims_no_contribution")) -> 1 | H9: =IF($A9="","",COUNTIFS(Alignment!$A$2:$A$50,$A9,Alignment!$J$2:$J$50,"unclaimed_contributor")) -> 0
A10: =IF(Goals!$A3="","",Goals!$A3) -> G2 | B10: =IF($A10="","",INDEX(Goals!$B$2:$B$20,MATCH($A10,Goals!$A$2:$A$20,0))) -> Cut NCR resolution time to under 10 days | D10: =IF($A10="","",COUNTIFS(Flows!$B$2:$B$400,"required",Flows!$L$2:$L$400,$A10)) -> 5 | E10: =IF($A10="","",COUNTIFS(Flows!$B$2:$B$400,"required",Flows!$L$2:$L$400,$A10,Flows!$T$2:$T$400,"covered")) -> 2 | F10: =IF($A10="","",$D10-$E10) -> 3 | G10: =IF($A10="","",COUNTIFS(Alignment!$A$2:$A$50,$A10,Alignment!$J$2:$J$50,"claims_no_contribution")) -> 0 | H10: =IF($A10="","",COUNTIFS(Alignment!$A$2:$A$50,$A10,Alignment!$J$2:$J$50,"unclaimed_contributor")) -> 1
A11: =IF(Goals!$A4="","",Goals!$A4) -> G3 | B11: =IF($A11="","",INDEX(Goals!$B$2:$B$20,MATCH($A11,Goals!$A$2:$A$20,0))) -> Qualify two second-source suppliers for critical components | D11: =IF($A11="","",COUNTIFS(Flows!$B$2:$B$400,"required",Flows!$L$2:$L$400,$A11)) -> 2 | E11: =IF($A11="","",COUNTIFS(Flows!$B$2:$B$400,"required",Flows!$L$2:$L$400,$A11,Flows!$T$2:$T$400,"covered")) -> 2 | F11: =IF($A11="","",$D11-$E11) -> 0 | G11: =IF($A11="","",COUNTIFS(Alignment!$A$2:$A$50,$A11,Alignment!$J$2:$J$50,"claims_no_contribution")) -> 1 | H11: =IF($A11="","",COUNTIFS(Alignment!$A$2:$A$50,$A11,Alignment!$J$2:$J$50,"unclaimed_contributor")) -> 0
A12: =IF(Goals!$A5="","",Goals!$A5) -> G4 | B12: =IF($A12="","",INDEX(Goals!$B$2:$B$20,MATCH($A12,Goals!$A$2:$A$20,0))) -> Pass ISO 9001 surveillance audit with zero major findings | D12: =IF($A12="","",COUNTIFS(Flows!$B$2:$B$400,"required",Flows!$L$2:$L$400,$A12)) -> 2 | E12: =IF($A12="","",COUNTIFS(Flows!$B$2:$B$400,"required",Flows!$L$2:$L$400,$A12,Flows!$T$2:$T$400,"covered")) -> 1 | F12: =IF($A12="","",$D12-$E12) -> 1 | G12: =IF($A12="","",COUNTIFS(Alignment!$A$2:$A$50,$A12,Alignment!$J$2:$J$50,"claims_no_contribution")) -> 0 | H12: =IF($A12="","",COUNTIFS(Alignment!$A$2:$A$50,$A12,Alignment!$J$2:$J$50,"unclaimed_contributor")) -> 0
A13: =IF(Goals!$A6="","",Goals!$A6) -> G5 | B13: =IF($A13="","",INDEX(Goals!$B$2:$B$20,MATCH($A13,Goals!$A$2:$A$20,0))) -> Build SQE bench strength: two engineers certified as supplier auditors | D13: =IF($A13="","",COUNTIFS(Flows!$B$2:$B$400,"required",Flows!$L$2:$L$400,$A13)) -> 2 | E13: =IF($A13="","",COUNTIFS(Flows!$B$2:$B$400,"required",Flows!$L$2:$L$400,$A13,Flows!$T$2:$T$400,"covered")) -> 1 | F13: =IF($A13="","",$D13-$E13) -> 1 | G13: =IF($A13="","",COUNTIFS(Alignment!$A$2:$A$50,$A13,Alignment!$J$2:$J$50,"claims_no_contribution")) -> 0 | H13: =IF($A13="","",COUNTIFS(Alignment!$A$2:$A$50,$A13,Alignment!$J$2:$J$50,"unclaimed_contributor")) -> 0
A14: =IF(Goals!$A7="","",Goals!$A7) | B14: =IF($A14="","",INDEX(Goals!$B$2:$B$20,MATCH($A14,Goals!$A$2:$A$20,0))) | D14: =IF($A14="","",COUNTIFS(Flows!$B$2:$B$400,"required",Flows!$L$2:$L$400,$A14)) | E14: =IF($A14="","",COUNTIFS(Flows!$B$2:$B$400,"required",Flows!$L$2:$L$400,$A14,Flows!$T$2:$T$400,"covered")) | F14: =IF($A14="","",$D14-$E14) | G14: =IF($A14="","",COUNTIFS(Alignment!$A$2:$A$50,$A14,Alignment!$J$2:$J$50,"claims_no_contribution")) | H14: =IF($A14="","",COUNTIFS(Alignment!$A$2:$A$50,$A14,Alignment!$J$2:$J$50,"unclaimed_contributor"))
A16: TOP DEFECTS — required flows, ranked by priority (criticality × status weight) → open
A17: # | B17: goal | C17: topic | D17: from (required) | E17: to | F17: crit | G17: status | H17: priority | I17: carriers / note | J17: why it matters (owner-signed rationale)
A18: =IF(ISNA(MATCH(ROWS($A$18:$A18),Flows!$Y$2:$Y$400,0)),"",ROWS($A$18:$A18)) -> 1 | B18: =IFERROR(INDEX(Flows!$L$2:$L$400,MATCH(ROWS($A$18:$A18),Flows!$Y$2:$Y$400,0)),"") -> G1 | C18: =IFERROR(INDEX(Topics!$B$2:$B$100,MATCH(INDEX(Flows!$C$2:$C$400,MATCH(ROWS($A$18:$A18),Flows!$Y$2:$Y$400,0)),Topics!$A$2:$A$100,0)),"") -> design_change_notice | D18: =IFERROR(INDEX(Stakeholders!$B$2:$B$50,MATCH(INDEX(Flows!$D$2:$D$400,MATCH(ROWS($A$18:$A18),Flows!$Y$2:$Y$400,0)),Stakeholders!$A$2:$A$50,0)),"") -> Gandalf | E18: =IFERROR(INDEX(Stakeholders!$B$2:$B$50,MATCH(INDEX(Flows!$E$2:$E$400,MATCH(ROWS($A$18:$A18),Flows!$Y$2:$Y$400,0)),Stakeholders!$A$2:$A$50,0)),"") -> Frodo Baggins | F18: =IFERROR(INDEX(Flows!$F$2:$F$400,MATCH(ROWS($A$18:$A18),Flows!$Y$2:$Y$400,0)),"") -> 5 | G18: =IFERROR(INDEX(Flows!$T$2:$T$400,MATCH(ROWS($A$18:$A18),Flows!$Y$2:$Y$400,0)),"") -> missing | H18: =IFERROR(INDEX(Flows!$U$2:$U$400,MATCH(ROWS($A$18:$A18),Flows!$Y$2:$Y$400,0)),"") -> 15 | I18: =IF($G18="","",IF($G18="missing","no carrier — create the flow",INDEX(Flows!$O$2:$O$400,MATCH(ROWS($A$18:$A18),Flows!$Y$2:$Y$400,0))&" carrier link(s) — see Flows")) -> no carrier — create the flow | J18: =IFERROR(INDEX(Flows!$K$2:$K$400,MATCH(ROWS($A$18:$A18),Flows!$Y$2:$Y$400,0)),"") -> Supplier parts must match current spec; late ECN notice causes mass NCRs
A19: =IF(ISNA(MATCH(ROWS($A$18:$A19),Flows!$Y$2:$Y$400,0)),"",ROWS($A$18:$A19)) -> 2 | B19: =IFERROR(INDEX(Flows!$L$2:$L$400,MATCH(ROWS($A$18:$A19),Flows!$Y$2:$Y$400,0)),"") -> G2 | C19: =IFERROR(INDEX(Topics!$B$2:$B$100,MATCH(INDEX(Flows!$C$2:$C$400,MATCH(ROWS($A$18:$A19),Flows!$Y$2:$Y$400,0)),Topics!$A$2:$A$100,0)),"") -> containment_actions | D19: =IFERROR(INDEX(Stakeholders!$B$2:$B$50,MATCH(INDEX(Flows!$D$2:$D$400,MATCH(ROWS($A$18:$A19),Flows!$Y$2:$Y$400,0)),Stakeholders!$A$2:$A$50,0)),"") -> Frodo Baggins | E19: =IFERROR(INDEX(Stakeholders!$B$2:$B$50,MATCH(INDEX(Flows!$E$2:$E$400,MATCH(ROWS($A$18:$A19),Flows!$Y$2:$Y$400,0)),Stakeholders!$A$2:$A$50,0)),"") -> Aragorn | F19: =IFERROR(INDEX(Flows!$F$2:$F$400,MATCH(ROWS($A$18:$A19),Flows!$Y$2:$Y$400,0)),"") -> 5 | G19: =IFERROR(INDEX(Flows!$T$2:$T$400,MATCH(ROWS($A$18:$A19),Flows!$Y$2:$Y$400,0)),"") -> latency_gap | H19: =IFERROR(INDEX(Flows!$U$2:$U$400,MATCH(ROWS($A$18:$A19),Flows!$Y$2:$Y$400,0)),"") -> 10 | I19: =IF($G19="","",IF($G19="missing","no carrier — create the flow",INDEX(Flows!$O$2:$O$400,MATCH(ROWS($A$18:$A19),Flows!$Y$2:$Y$400,0))&" carrier link(s) — see Flows")) -> 1 carrier link(s) — see Flows | J19: =IFERROR(INDEX(Flows!$K$2:$K$400,MATCH(ROWS($A$18:$A19),Flows!$Y$2:$Y$400,0)),"") -> Containment must reach the line same-day during incidents
A20: =IF(ISNA(MATCH(ROWS($A$18:$A20),Flows!$Y$2:$Y$400,0)),"",ROWS($A$18:$A20)) -> 3 | B20: =IFERROR(INDEX(Flows!$L$2:$L$400,MATCH(ROWS($A$18:$A20),Flows!$Y$2:$Y$400,0)),"") -> G4 | C20: =IFERROR(INDEX(Topics!$B$2:$B$100,MATCH(INDEX(Flows!$C$2:$C$400,MATCH(ROWS($A$18:$A20),Flows!$Y$2:$Y$400,0)),Topics!$A$2:$A$100,0)),"") -> audit_readiness | D20: =IFERROR(INDEX(Stakeholders!$B$2:$B$50,MATCH(INDEX(Flows!$D$2:$D$400,MATCH(ROWS($A$18:$A20),Flows!$Y$2:$Y$400,0)),Stakeholders!$A$2:$A$50,0)),"") -> C-3PO | E20: =IFERROR(INDEX(Stakeholders!$B$2:$B$50,MATCH(INDEX(Flows!$E$2:$E$400,MATCH(ROWS($A$18:$A20),Flows!$Y$2:$Y$400,0)),Stakeholders!$A$2:$A$50,0)),"") -> Aragorn | F20: =IFERROR(INDEX(Flows!$F$2:$F$400,MATCH(ROWS($A$18:$A20),Flows!$Y$2:$Y$400,0)),"") -> 3 | G20: =IFERROR(INDEX(Flows!$T$2:$T$400,MATCH(ROWS($A$18:$A20),Flows!$Y$2:$Y$400,0)),"") -> missing | H20: =IFERROR(INDEX(Flows!$U$2:$U$400,MATCH(ROWS($A$18:$A20),Flows!$Y$2:$Y$400,0)),"") -> 9 | I20: =IF($G20="","",IF($G20="missing","no carrier — create the flow",INDEX(Flows!$O$2:$O$400,MATCH(ROWS($A$18:$A20),Flows!$Y$2:$Y$400,0))&" carrier link(s) — see Flows")) -> no carrier — create the flow | J20: =IFERROR(INDEX(Flows!$K$2:$K$400,MATCH(ROWS($A$18:$A20),Flows!$Y$2:$Y$400,0)),"") -> Ops owns physical corrective items; needs findings that touch the floor
A21: =IF(ISNA(MATCH(ROWS($A$18:$A21),Flows!$Y$2:$Y$400,0)),"",ROWS($A$18:$A21)) -> 4 | B21: =IFERROR(INDEX(Flows!$L$2:$L$400,MATCH(ROWS($A$18:$A21),Flows!$Y$2:$Y$400,0)),"") -> G2 | C21: =IFERROR(INDEX(Topics!$B$2:$B$100,MATCH(INDEX(Flows!$C$2:$C$400,MATCH(ROWS($A$18:$A21),Flows!$Y$2:$Y$400,0)),Topics!$A$2:$A$100,0)),"") -> containment_actions | D21: =IFERROR(INDEX(Stakeholders!$B$2:$B$50,MATCH(INDEX(Flows!$D$2:$D$400,MATCH(ROWS($A$18:$A21),Flows!$Y$2:$Y$400,0)),Stakeholders!$A$2:$A$50,0)),"") -> Frodo Baggins | E21: =IFERROR(INDEX(Stakeholders!$B$2:$B$50,MATCH(INDEX(Flows!$E$2:$E$400,MATCH(ROWS($A$18:$A21),Flows!$Y$2:$Y$400,0)),Stakeholders!$A$2:$A$50,0)),"") -> Gimli | F21: =IFERROR(INDEX(Flows!$F$2:$F$400,MATCH(ROWS($A$18:$A21),Flows!$Y$2:$Y$400,0)),"") -> 5 | G21: =IFERROR(INDEX(Flows!$T$2:$T$400,MATCH(ROWS($A$18:$A21),Flows!$Y$2:$Y$400,0)),"") -> channel_mismatch | H21: =IFERROR(INDEX(Flows!$U$2:$U$400,MATCH(ROWS($A$18:$A21),Flows!$Y$2:$Y$400,0)),"") -> 7.5 | I21: =IF($G21="","",IF($G21="missing","no carrier — create the flow",INDEX(Flows!$O$2:$O$400,MATCH(ROWS($A$18:$A21),Flows!$Y$2:$Y$400,0))&" carrier link(s) — see Flows")) -> 1 carrier link(s) — see Flows | J21: =IFERROR(INDEX(Flows!$K$2:$K$400,MATCH(ROWS($A$18:$A21),Flows!$Y$2:$Y$400,0)),"") -> Containment must reach incoming inspection same-day during incidents
A22: =IF(ISNA(MATCH(ROWS($A$18:$A22),Flows!$Y$2:$Y$400,0)),"",ROWS($A$18:$A22)) -> 5 | B22: =IFERROR(INDEX(Flows!$L$2:$L$400,MATCH(ROWS($A$18:$A22),Flows!$Y$2:$Y$400,0)),"") -> G1 | C22: =IFERROR(INDEX(Topics!$B$2:$B$100,MATCH(INDEX(Flows!$C$2:$C$400,MATCH(ROWS($A$18:$A22),Flows!$Y$2:$Y$400,0)),Topics!$A$2:$A$100,0)),"") -> incoming_inspection_results | D22: =IFERROR(INDEX(Stakeholders!$B$2:$B$50,MATCH(INDEX(Flows!$D$2:$D$400,MATCH(ROWS($A$18:$A22),Flows!$Y$2:$Y$400,0)),Stakeholders!$A$2:$A$50,0)),"") -> Gimli | E22: =IFERROR(INDEX(Stakeholders!$B$2:$B$50,MATCH(INDEX(Flows!$E$2:$E$400,MATCH(ROWS($A$18:$A22),Flows!$Y$2:$Y$400,0)),Stakeholders!$A$2:$A$50,0)),"") -> Leia Organa | F22: =IFERROR(INDEX(Flows!$F$2:$F$400,MATCH(ROWS($A$18:$A22),Flows!$Y$2:$Y$400,0)),"") -> 3 | G22: =IFERROR(INDEX(Flows!$T$2:$T$400,MATCH(ROWS($A$18:$A22),Flows!$Y$2:$Y$400,0)),"") -> wrong_producer | H22: =IFERROR(INDEX(Flows!$U$2:$U$400,MATCH(ROWS($A$18:$A22),Flows!$Y$2:$Y$400,0)),"") -> 6 | I22: =IF($G22="","",IF($G22="missing","no carrier — create the flow",INDEX(Flows!$O$2:$O$400,MATCH(ROWS($A$18:$A22),Flows!$Y$2:$Y$400,0))&" carrier link(s) — see Flows")) -> 1 carrier link(s) — see Flows | J22: =IFERROR(INDEX(Flows!$K$2:$K$400,MATCH(ROWS($A$18:$A22),Flows!$Y$2:$Y$400,0)),"") -> QM needs inspection summary from the source for goal tracking
A23: =IF(ISNA(MATCH(ROWS($A$18:$A23),Flows!$Y$2:$Y$400,0)),"",ROWS($A$18:$A23)) -> 6 | B23: =IFERROR(INDEX(Flows!$L$2:$L$400,MATCH(ROWS($A$18:$A23),Flows!$Y$2:$Y$400,0)),"") -> G2 | C23: =IFERROR(INDEX(Topics!$B$2:$B$100,MATCH(INDEX(Flows!$C$2:$C$400,MATCH(ROWS($A$18:$A23),Flows!$Y$2:$Y$400,0)),Topics!$A$2:$A$100,0)),"") -> ncr_status | D23: =IFERROR(INDEX(Stakeholders!$B$2:$B$50,MATCH(INDEX(Flows!$D$2:$D$400,MATCH(ROWS($A$18:$A23),Flows!$Y$2:$Y$400,0)),Stakeholders!$A$2:$A$50,0)),"") -> Samwise Gamgee | E23: =IFERROR(INDEX(Stakeholders!$B$2:$B$50,MATCH(INDEX(Flows!$E$2:$E$400,MATCH(ROWS($A$18:$A23),Flows!$Y$2:$Y$400,0)),Stakeholders!$A$2:$A$50,0)),"") -> Han Solo | F23: =IFERROR(INDEX(Flows!$F$2:$F$400,MATCH(ROWS($A$18:$A23),Flows!$Y$2:$Y$400,0)),"") -> 3 | G23: =IFERROR(INDEX(Flows!$T$2:$T$400,MATCH(ROWS($A$18:$A23),Flows!$Y$2:$Y$400,0)),"") -> latency_gap | H23: =IFERROR(INDEX(Flows!$U$2:$U$400,MATCH(ROWS($A$18:$A23),Flows!$Y$2:$Y$400,0)),"") -> 6 | I23: =IF($G23="","",IF($G23="missing","no carrier — create the flow",INDEX(Flows!$O$2:$O$400,MATCH(ROWS($A$18:$A23),Flows!$Y$2:$Y$400,0))&" carrier link(s) — see Flows")) -> 1 carrier link(s) — see Flows | J23: =IFERROR(INDEX(Flows!$K$2:$K$400,MATCH(ROWS($A$18:$A23),Flows!$Y$2:$Y$400,0)),"") -> Procurement needs weekly NCR aging to pressure suppliers in-cycle
A24: =IF(ISNA(MATCH(ROWS($A$18:$A24),Flows!$Y$2:$Y$400,0)),"",ROWS($A$18:$A24)) -> 7 | B24: =IFERROR(INDEX(Flows!$L$2:$L$400,MATCH(ROWS($A$18:$A24),Flows!$Y$2:$Y$400,0)),"") -> G5 | C24: =IFERROR(INDEX(Topics!$B$2:$B$100,MATCH(INDEX(Flows!$C$2:$C$400,MATCH(ROWS($A$18:$A24),Flows!$Y$2:$Y$400,0)),Topics!$A$2:$A$100,0)),"") -> supplier_auditor_training_status | D24: =IFERROR(INDEX(Stakeholders!$B$2:$B$50,MATCH(INDEX(Flows!$D$2:$D$400,MATCH(ROWS($A$18:$A24),Flows!$Y$2:$Y$400,0)),Stakeholders!$A$2:$A$50,0)),"") -> Frodo Baggins | E24: =IFERROR(INDEX(Stakeholders!$B$2:$B$50,MATCH(INDEX(Flows!$E$2:$E$400,MATCH(ROWS($A$18:$A24),Flows!$Y$2:$Y$400,0)),Stakeholders!$A$2:$A$50,0)),"") -> The Fellowship | F24: =IFERROR(INDEX(Flows!$F$2:$F$400,MATCH(ROWS($A$18:$A24),Flows!$Y$2:$Y$400,0)),"") -> 2 | G24: =IFERROR(INDEX(Flows!$T$2:$T$400,MATCH(ROWS($A$18:$A24),Flows!$Y$2:$Y$400,0)),"") -> missing | H24: =IFERROR(INDEX(Flows!$U$2:$U$400,MATCH(ROWS($A$18:$A24),Flows!$Y$2:$Y$400,0)),"") -> 6 | I24: =IF($G24="","",IF($G24="missing","no carrier — create the flow",INDEX(Flows!$O$2:$O$400,MATCH(ROWS($A$18:$A24),Flows!$Y$2:$Y$400,0))&" carrier link(s) — see Flows")) -> no carrier — create the flow | J24: =IFERROR(INDEX(Flows!$K$2:$K$400,MATCH(ROWS($A$18:$A24),Flows!$Y$2:$Y$400,0)),"") -> Plant manager needs training progress for capacity planning
A25: =IF(ISNA(MATCH(ROWS($A$18:$A25),Flows!$Y$2:$Y$400,0)),"",ROWS($A$18:$A25)) | B25: =IFERROR(INDEX(Flows!$L$2:$L$400,MATCH(ROWS($A$18:$A25),Flows!$Y$2:$Y$400,0)),"") | C25: =IFERROR(INDEX(Topics!$B$2:$B$100,MATCH(INDEX(Flows!$C$2:$C$400,MATCH(ROWS($A$18:$A25),Flows!$Y$2:$Y$400,0)),Topics!$A$2:$A$100,0)),"") | D25: =IFERROR(INDEX(Stakeholders!$B$2:$B$50,MATCH(INDEX(Flows!$D$2:$D$400,MATCH(ROWS($A$18:$A25),Flows!$Y$2:$Y$400,0)),Stakeholders!$A$2:$A$50,0)),"") | E25: =IFERROR(INDEX(Stakeholders!$B$2:$B$50,MATCH(INDEX(Flows!$E$2:$E$400,MATCH(ROWS($A$18:$A25),Flows!$Y$2:$Y$400,0)),Stakeholders!$A$2:$A$50,0)),"") | F25: =IFERROR(INDEX(Flows!$F$2:$F$400,MATCH(ROWS($A$18:$A25),Flows!$Y$2:$Y$400,0)),"") | G25: =IFERROR(INDEX(Flows!$T$2:$T$400,MATCH(ROWS($A$18:$A25),Flows!$Y$2:$Y$400,0)),"") | H25: =IFERROR(INDEX(Flows!$U$2:$U$400,MATCH(ROWS($A$18:$A25),Flows!$Y$2:$Y$400,0)),"") | I25: =IF($G25="","",IF($G25="missing","no carrier — create the flow",INDEX(Flows!$O$2:$O$400,MATCH(ROWS($A$18:$A25),Flows!$Y$2:$Y$400,0))&" carrier link(s) — see Flows")) | J25: =IFERROR(INDEX(Flows!$K$2:$K$400,MATCH(ROWS($A$18:$A25),Flows!$Y$2:$Y$400,0)),"")
A27: ALIGNMENT THEATER — meetings claiming a goal they do nothing for → open
B28: goal | C28: meeting | D28: stakeholders present | F28: criteria score
B29: =IFERROR(INDEX(Alignment!$A$2:$A$50,MATCH(ROWS($A$29:$A29),Alignment!$L$2:$L$50,0)),"") -> G1 | C29: =IFERROR(INDEX(Alignment!$C$2:$C$50,MATCH(ROWS($A$29:$A29),Alignment!$L$2:$L$50,0)),"") -> Monthly Ops Status Meeting | D29: =IF($C29="","",INDEX(Alignment!$H$2:$H$50,MATCH(ROWS($A$29:$A29),Alignment!$L$2:$L$50,0))) -> 0.38 | F29: =IF($C29="","",INDEX(Alignment!$I$2:$I$50,MATCH(ROWS($A$29:$A29),Alignment!$L$2:$L$50,0))) -> 0.16666667
B30: =IFERROR(INDEX(Alignment!$A$2:$A$50,MATCH(ROWS($A$29:$A30),Alignment!$L$2:$L$50,0)),"") -> G3 | C30: =IFERROR(INDEX(Alignment!$C$2:$C$50,MATCH(ROWS($A$29:$A30),Alignment!$L$2:$L$50,0)),"") -> Monthly Ops Status Meeting | D30: =IF($C30="","",INDEX(Alignment!$H$2:$H$50,MATCH(ROWS($A$29:$A30),Alignment!$L$2:$L$50,0))) -> 0.67 | F30: =IF($C30="","",INDEX(Alignment!$I$2:$I$50,MATCH(ROWS($A$29:$A30),Alignment!$L$2:$L$50,0))) -> 0.16666667
B31: =IFERROR(INDEX(Alignment!$A$2:$A$50,MATCH(ROWS($A$29:$A31),Alignment!$L$2:$L$50,0)),"") | C31: =IFERROR(INDEX(Alignment!$C$2:$C$50,MATCH(ROWS($A$29:$A31),Alignment!$L$2:$L$50,0)),"") | D31: =IF($C31="","",INDEX(Alignment!$H$2:$H$50,MATCH(ROWS($A$29:$A31),Alignment!$L$2:$L$50,0))) | F31: =IF($C31="","",INDEX(Alignment!$I$2:$I$50,MATCH(ROWS($A$29:$A31),Alignment!$L$2:$L$50,0)))
B32: =IFERROR(INDEX(Alignment!$A$2:$A$50,MATCH(ROWS($A$29:$A32),Alignment!$L$2:$L$50,0)),"") | C32: =IFERROR(INDEX(Alignment!$C$2:$C$50,MATCH(ROWS($A$29:$A32),Alignment!$L$2:$L$50,0)),"") | D32: =IF($C32="","",INDEX(Alignment!$H$2:$H$50,MATCH(ROWS($A$29:$A32),Alignment!$L$2:$L$50,0))) | F32: =IF($C32="","",INDEX(Alignment!$I$2:$I$50,MATCH(ROWS($A$29:$A32),Alignment!$L$2:$L$50,0)))
A34: UNCLAIMED CONTRIBUTORS — real dependency, missing paperwork (update goal_ids) → open
B35: goal | C35: meeting | D35: contribution
B36: =IFERROR(INDEX(Alignment!$A$2:$A$50,MATCH(ROWS($A$36:$A36),Alignment!$M$2:$M$50,0)),"") -> G2 | C36: =IFERROR(INDEX(Alignment!$C$2:$C$50,MATCH(ROWS($A$36:$A36),Alignment!$M$2:$M$50,0)),"") -> Monthly Supplier Business Review | D36: =IF($C36="","","carries "&INDEX(Alignment!$E$2:$E$50,MATCH(ROWS($A$36:$A36),Alignment!$M$2:$M$50,0))&" flow(s)") -> carries 1 flow(s)
B37: =IFERROR(INDEX(Alignment!$A$2:$A$50,MATCH(ROWS($A$36:$A37),Alignment!$M$2:$M$50,0)),"") | C37: =IFERROR(INDEX(Alignment!$C$2:$C$50,MATCH(ROWS($A$36:$A37),Alignment!$M$2:$M$50,0)),"") | D37: =IF($C37="","","carries "&INDEX(Alignment!$E$2:$E$50,MATCH(ROWS($A$36:$A37),Alignment!$M$2:$M$50,0))&" flow(s)")
B38: =IFERROR(INDEX(Alignment!$A$2:$A$50,MATCH(ROWS($A$36:$A38),Alignment!$M$2:$M$50,0)),"") | C38: =IFERROR(INDEX(Alignment!$C$2:$C$50,MATCH(ROWS($A$36:$A38),Alignment!$M$2:$M$50,0)),"") | D38: =IF($C38="","","carries "&INDEX(Alignment!$E$2:$E$50,MATCH(ROWS($A$36:$A38),Alignment!$M$2:$M$50,0))&" flow(s)")
A39: DECISION DEFECTS — rights on paper vs where deciding actually happens → open
B40: goal | C40: decision | D40: defect | E40: owner | G40: actual venue
B41: =IFERROR(INDEX(Decisions!$D$2:$D$50,MATCH(ROWS($A$41:$A41),Decisions!$M$2:$M$50,0)),"") -> G1 | C41: =IFERROR(INDEX(Decisions!$B$2:$B$50,MATCH(ROWS($A$41:$A41),Decisions!$M$2:$M$50,0)),"") -> Supplier disqualification / new-business hold | D41: =IFERROR(INDEX(Decisions!$L$2:$L$50,MATCH(ROWS($A$41:$A41),Decisions!$M$2:$M$50,0)),"") -> a_absent | E41: =IF($C41="","",IFERROR(INDEX(Stakeholders!$B$2:$B$50,MATCH(INDEX(Decisions!$E$2:$E$50,MATCH(ROWS($A$41:$A41),Decisions!$M$2:$M$50,0)),Stakeholders!$A$2:$A$50,0)),"— none —")) -> Han Solo | G41: =IF($C41="","",IF(INDEX(Decisions!$I$2:$I$50,MATCH(ROWS($A$41:$A41),Decisions!$M$2:$M$50,0))="ritual",IFERROR(INDEX(Rituals!$B$2:$B$50,MATCH(INDEX(Decisions!$J$2:$J$50,MATCH(ROWS($A$41:$A41),Decisions!$M$2:$M$50,0)),Rituals!$A$2:$A$50,0)),""),INDEX(Decisions!$I$2:$I$50,MATCH(ROWS($A$41:$A41),Decisions!$M$2:$M$50,0)))) -> Weekly Supplier Quality Review
B42: =IFERROR(INDEX(Decisions!$D$2:$D$50,MATCH(ROWS($A$41:$A42),Decisions!$M$2:$M$50,0)),"") -> G2 | C42: =IFERROR(INDEX(Decisions!$B$2:$B$50,MATCH(ROWS($A$41:$A42),Decisions!$M$2:$M$50,0)),"") -> CAPA closure acceptance | D42: =IFERROR(INDEX(Decisions!$L$2:$L$50,MATCH(ROWS($A$41:$A42),Decisions!$M$2:$M$50,0)),"") -> none_observed | E42: =IF($C42="","",IFERROR(INDEX(Stakeholders!$B$2:$B$50,MATCH(INDEX(Decisions!$E$2:$E$50,MATCH(ROWS($A$41:$A42),Decisions!$M$2:$M$50,0)),Stakeholders!$A$2:$A$50,0)),"— none —")) -> Frodo Baggins | G42: =IF($C42="","",IF(INDEX(Decisions!$I$2:$I$50,MATCH(ROWS($A$41:$A42),Decisions!$M$2:$M$50,0))="ritual",IFERROR(INDEX(Rituals!$B$2:$B$50,MATCH(INDEX(Decisions!$J$2:$J$50,MATCH(ROWS($A$41:$A42),Decisions!$M$2:$M$50,0)),Rituals!$A$2:$A$50,0)),""),INDEX(Decisions!$I$2:$I$50,MATCH(ROWS($A$41:$A42),Decisions!$M$2:$M$50,0)))) -> none_observed
B43: =IFERROR(INDEX(Decisions!$D$2:$D$50,MATCH(ROWS($A$41:$A43),Decisions!$M$2:$M$50,0)),"") -> G3 | C43: =IFERROR(INDEX(Decisions!$B$2:$B$50,MATCH(ROWS($A$41:$A43),Decisions!$M$2:$M$50,0)),"") -> Second-source qualification go/no-go | D43: =IFERROR(INDEX(Decisions!$L$2:$L$50,MATCH(ROWS($A$41:$A43),Decisions!$M$2:$M$50,0)),"") -> no_accountable | E43: =IF($C43="","",IFERROR(INDEX(Stakeholders!$B$2:$B$50,MATCH(INDEX(Decisions!$E$2:$E$50,MATCH(ROWS($A$41:$A43),Decisions!$M$2:$M$50,0)),Stakeholders!$A$2:$A$50,0)),"— none —")) -> — none — | G43: =IF($C43="","",IF(INDEX(Decisions!$I$2:$I$50,MATCH(ROWS($A$41:$A43),Decisions!$M$2:$M$50,0))="ritual",IFERROR(INDEX(Rituals!$B$2:$B$50,MATCH(INDEX(Decisions!$J$2:$J$50,MATCH(ROWS($A$41:$A43),Decisions!$M$2:$M$50,0)),Rituals!$A$2:$A$50,0)),""),INDEX(Decisions!$I$2:$I$50,MATCH(ROWS($A$41:$A43),Decisions!$M$2:$M$50,0)))) -> Monthly Supplier Business Review
B44: =IFERROR(INDEX(Decisions!$D$2:$D$50,MATCH(ROWS($A$41:$A44),Decisions!$M$2:$M$50,0)),"") | C44: =IFERROR(INDEX(Decisions!$B$2:$B$50,MATCH(ROWS($A$41:$A44),Decisions!$M$2:$M$50,0)),"") | D44: =IFERROR(INDEX(Decisions!$L$2:$L$50,MATCH(ROWS($A$41:$A44),Decisions!$M$2:$M$50,0)),"") | E44: =IF($C44="","",IFERROR(INDEX(Stakeholders!$B$2:$B$50,MATCH(INDEX(Decisions!$E$2:$E$50,MATCH(ROWS($A$41:$A44),Decisions!$M$2:$M$50,0)),Stakeholders!$A$2:$A$50,0)),"— none —")) | G44: =IF($C44="","",IF(INDEX(Decisions!$I$2:$I$50,MATCH(ROWS($A$41:$A44),Decisions!$M$2:$M$50,0))="ritual",IFERROR(INDEX(Rituals!$B$2:$B$50,MATCH(INDEX(Decisions!$J$2:$J$50,MATCH(ROWS($A$41:$A44),Decisions!$M$2:$M$50,0)),Rituals!$A$2:$A$50,0)),""),INDEX(Decisions!$I$2:$I$50,MATCH(ROWS($A$41:$A44),Decisions!$M$2:$M$50,0))))
A46: SINGLE-CARRIER RISKS — critical flows with one source and no system of record → open
B47: goal | C47: topic | D47: sole producer | E47: to | F47: crit | G47: status | I47: mitigation
B48: =IFERROR(INDEX(Flows!$L$2:$L$400,MATCH(ROWS($A$48:$A48),Flows!$Z$2:$Z$400,0)),"") -> G1 | C48: =IFERROR(INDEX(Topics!$B$2:$B$100,MATCH(INDEX(Flows!$C$2:$C$400,MATCH(ROWS($A$48:$A48),Flows!$Z$2:$Z$400,0)),Topics!$A$2:$A$100,0)),"") -> supplier_scorecard | D48: =IF($C48="","",IFERROR(INDEX(Stakeholders!$B$2:$B$50,MATCH(INDEX(Flows!$D$2:$D$400,MATCH(ROWS($A$48:$A48),Flows!$Z$2:$Z$400,0)),Stakeholders!$A$2:$A$50,0)),"")) -> Frodo Baggins | E48: =IF($C48="","",IFERROR(INDEX(Stakeholders!$B$2:$B$50,MATCH(INDEX(Flows!$E$2:$E$400,MATCH(ROWS($A$48:$A48),Flows!$Z$2:$Z$400,0)),Stakeholders!$A$2:$A$50,0)),"")) -> Lando Calrissian (Cloud City) | F48: =IF($C48="","",INDEX(Flows!$F$2:$F$400,MATCH(ROWS($A$48:$A48),Flows!$Z$2:$Z$400,0))) -> 4 | G48: =IF($C48="","",INDEX(Flows!$T$2:$T$400,MATCH(ROWS($A$48:$A48),Flows!$Z$2:$Z$400,0))) -> covered | I48: =IF($C48="","","add second producer, or a system-of-record carrier") -> add second producer, or a system-of-record carrier
B49: =IFERROR(INDEX(Flows!$L$2:$L$400,MATCH(ROWS($A$48:$A49),Flows!$Z$2:$Z$400,0)),"") -> G2 | C49: =IFERROR(INDEX(Topics!$B$2:$B$100,MATCH(INDEX(Flows!$C$2:$C$400,MATCH(ROWS($A$48:$A49),Flows!$Z$2:$Z$400,0)),Topics!$A$2:$A$100,0)),"") -> ncr_status | D49: =IF($C49="","",IFERROR(INDEX(Stakeholders!$B$2:$B$50,MATCH(INDEX(Flows!$D$2:$D$400,MATCH(ROWS($A$48:$A49),Flows!$Z$2:$Z$400,0)),Stakeholders!$A$2:$A$50,0)),"")) -> Samwise Gamgee | E49: =IF($C49="","",IFERROR(INDEX(Stakeholders!$B$2:$B$50,MATCH(INDEX(Flows!$E$2:$E$400,MATCH(ROWS($A$48:$A49),Flows!$Z$2:$Z$400,0)),Stakeholders!$A$2:$A$50,0)),"")) -> Frodo Baggins | F49: =IF($C49="","",INDEX(Flows!$F$2:$F$400,MATCH(ROWS($A$48:$A49),Flows!$Z$2:$Z$400,0))) -> 4 | G49: =IF($C49="","",INDEX(Flows!$T$2:$T$400,MATCH(ROWS($A$48:$A49),Flows!$Z$2:$Z$400,0))) -> covered | I49: =IF($C49="","","add second producer, or a system-of-record carrier") -> add second producer, or a system-of-record carrier
B50: =IFERROR(INDEX(Flows!$L$2:$L$400,MATCH(ROWS($A$48:$A50),Flows!$Z$2:$Z$400,0)),"") -> G2 | C50: =IFERROR(INDEX(Topics!$B$2:$B$100,MATCH(INDEX(Flows!$C$2:$C$400,MATCH(ROWS($A$48:$A50),Flows!$Z$2:$Z$400,0)),Topics!$A$2:$A$100,0)),"") -> supplier_capa_status | D50: =IF($C50="","",IFERROR(INDEX(Stakeholders!$B$2:$B$50,MATCH(INDEX(Flows!$D$2:$D$400,MATCH(ROWS($A$48:$A50),Flows!$Z$2:$Z$400,0)),Stakeholders!$A$2:$A$50,0)),"")) -> Lando Calrissian (Cloud City) | E50: =IF($C50="","",IFERROR(INDEX(Stakeholders!$B$2:$B$50,MATCH(INDEX(Flows!$E$2:$E$400,MATCH(ROWS($A$48:$A50),Flows!$Z$2:$Z$400,0)),Stakeholders!$A$2:$A$50,0)),"")) -> Frodo Baggins | F50: =IF($C50="","",INDEX(Flows!$F$2:$F$400,MATCH(ROWS($A$48:$A50),Flows!$Z$2:$Z$400,0))) -> 4 | G50: =IF($C50="","",INDEX(Flows!$T$2:$T$400,MATCH(ROWS($A$48:$A50),Flows!$Z$2:$Z$400,0))) -> covered | I50: =IF($C50="","","add second producer, or a system-of-record carrier") -> add second producer, or a system-of-record carrier
B51: =IFERROR(INDEX(Flows!$L$2:$L$400,MATCH(ROWS($A$48:$A51),Flows!$Z$2:$Z$400,0)),"") -> G2 | C51: =IFERROR(INDEX(Topics!$B$2:$B$100,MATCH(INDEX(Flows!$C$2:$C$400,MATCH(ROWS($A$48:$A51),Flows!$Z$2:$Z$400,0)),Topics!$A$2:$A$100,0)),"") -> containment_actions | D51: =IF($C51="","",IFERROR(INDEX(Stakeholders!$B$2:$B$50,MATCH(INDEX(Flows!$D$2:$D$400,MATCH(ROWS($A$48:$A51),Flows!$Z$2:$Z$400,0)),Stakeholders!$A$2:$A$50,0)),"")) -> Frodo Baggins | E51: =IF($C51="","",IFERROR(INDEX(Stakeholders!$B$2:$B$50,MATCH(INDEX(Flows!$E$2:$E$400,MATCH(ROWS($A$48:$A51),Flows!$Z$2:$Z$400,0)),Stakeholders!$A$2:$A$50,0)),"")) -> Aragorn | F51: =IF($C51="","",INDEX(Flows!$F$2:$F$400,MATCH(ROWS($A$48:$A51),Flows!$Z$2:$Z$400,0))) -> 5 | G51: =IF($C51="","",INDEX(Flows!$T$2:$T$400,MATCH(ROWS($A$48:$A51),Flows!$Z$2:$Z$400,0))) -> latency_gap | I51: =IF($C51="","","add second producer, or a system-of-record carrier") -> add second producer, or a system-of-record carrier
B52: =IFERROR(INDEX(Flows!$L$2:$L$400,MATCH(ROWS($A$48:$A52),Flows!$Z$2:$Z$400,0)),"") -> G2 | C52: =IFERROR(INDEX(Topics!$B$2:$B$100,MATCH(INDEX(Flows!$C$2:$C$400,MATCH(ROWS($A$48:$A52),Flows!$Z$2:$Z$400,0)),Topics!$A$2:$A$100,0)),"") -> containment_actions | D52: =IF($C52="","",IFERROR(INDEX(Stakeholders!$B$2:$B$50,MATCH(INDEX(Flows!$D$2:$D$400,MATCH(ROWS($A$48:$A52),Flows!$Z$2:$Z$400,0)),Stakeholders!$A$2:$A$50,0)),"")) -> Frodo Baggins | E52: =IF($C52="","",IFERROR(INDEX(Stakeholders!$B$2:$B$50,MATCH(INDEX(Flows!$E$2:$E$400,MATCH(ROWS($A$48:$A52),Flows!$Z$2:$Z$400,0)),Stakeholders!$A$2:$A$50,0)),"")) -> Gimli | F52: =IF($C52="","",INDEX(Flows!$F$2:$F$400,MATCH(ROWS($A$48:$A52),Flows!$Z$2:$Z$400,0))) -> 5 | G52: =IF($C52="","",INDEX(Flows!$T$2:$T$400,MATCH(ROWS($A$48:$A52),Flows!$Z$2:$Z$400,0))) -> channel_mismatch | I52: =IF($C52="","","add second producer, or a system-of-record carrier") -> add second producer, or a system-of-record carrier
B53: =IFERROR(INDEX(Flows!$L$2:$L$400,MATCH(ROWS($A$48:$A53),Flows!$Z$2:$Z$400,0)),"") -> G4 | C53: =IFERROR(INDEX(Topics!$B$2:$B$100,MATCH(INDEX(Flows!$C$2:$C$400,MATCH(ROWS($A$48:$A53),Flows!$Z$2:$Z$400,0)),Topics!$A$2:$A$100,0)),"") -> audit_readiness | D53: =IF($C53="","",IFERROR(INDEX(Stakeholders!$B$2:$B$50,MATCH(INDEX(Flows!$D$2:$D$400,MATCH(ROWS($A$48:$A53),Flows!$Z$2:$Z$400,0)),Stakeholders!$A$2:$A$50,0)),"")) -> C-3PO | E53: =IF($C53="","",IFERROR(INDEX(Stakeholders!$B$2:$B$50,MATCH(INDEX(Flows!$E$2:$E$400,MATCH(ROWS($A$48:$A53),Flows!$Z$2:$Z$400,0)),Stakeholders!$A$2:$A$50,0)),"")) -> Leia Organa | F53: =IF($C53="","",INDEX(Flows!$F$2:$F$400,MATCH(ROWS($A$48:$A53),Flows!$Z$2:$Z$400,0))) -> 4 | G53: =IF($C53="","",INDEX(Flows!$T$2:$T$400,MATCH(ROWS($A$48:$A53),Flows!$Z$2:$Z$400,0))) -> covered | I53: =IF($C53="","","add second producer, or a system-of-record carrier") -> add second producer, or a system-of-record carrier
A55: The network-centrality corroboration of these risks runs in the Python pipeline (spof_list.csv); this sheet shows the primary, formula-computable test. Slots show the top entries — extend by copying the last row. For any goal's full picture, pick it on GoalLens.

Sheet WhiteSpace
A1: White-space matrix — required flows between functions (Rummler & Brache view)
A3: from \ to | B3: Engineering | C3: Quality | D3: Operations | E3: Supply Chain | F3: External
A4: Engineering | B4: =IF(COUNTIFS(Flows!$B$2:$B$400,"required",Flows!$W$2:$W$400,$A4,Flows!$X$2:$X$400,B$3)=0,"—",TEXT(COUNTIFS(Flows!$B$2:$B$400,"required",Flows!$W$2:$W$400,$A4,Flows!$X$2:$X$400,B$3),"0")&" req · "&TEXT(COUNTIFS(Flows!$B$2:$B$400,"required",Flows!$W$2:$W$400,$A4,Flows!$X$2:$X$400,B$3,Flows!$T$2:$T$400,"covered"),"0")&" ok"&IF(COUNTIFS(Flows!$B$2:$B$400,"required",Flows!$W$2:$W$400,$A4,Flows!$X$2:$X$400,B$3)-COUNTIFS(Flows!$B$2:$B$400,"required",Flows!$W$2:$W$400,$A4,Flows!$X$2:$X$400,B$3,Flows!$T$2:$T$400,"covered")>0," · "&TEXT(COUNTIFS(Flows!$B$2:$B$400,"required",Flows!$W$2:$W$400,$A4,Flows!$X$2:$X$400,B$3)-COUNTIFS(Flows!$B$2:$B$400,"required",Flows!$W$2:$W$400,$A4,Flows!$X$2:$X$400,B$3,Flows!$T$2:$T$400,"covered"),"0")&" DEFECT","")) -> — | C4: =IF(COUNTIFS(Flows!$B$2:$B$400,"required",Flows!$W$2:$W$400,$A4,Flows!$X$2:$X$400,C$3)=0,"—",TEXT(COUNTIFS(Flows!$B$2:$B$400,"required",Flows!$W$2:$W$400,$A4,Flows!$X$2:$X$400,C$3),"0")&" req · "&TEXT(COUNTIFS(Flows!$B$2:$B$400,"required",Flows!$W$2:$W$400,$A4,Flows!$X$2:$X$400,C$3,Flows!$T$2:$T$400,"covered"),"0")&" ok"&IF(COUNTIFS(Flows!$B$2:$B$400,"required",Flows!$W$2:$W$400,$A4,Flows!$X$2:$X$400,C$3)-COUNTIFS(Flows!$B$2:$B$400,"required",Flows!$W$2:$W$400,$A4,Flows!$X$2:$X$400,C$3,Flows!$T$2:$T$400,"covered")>0," · "&TEXT(COUNTIFS(Flows!$B$2:$B$400,"required",Flows!$W$2:$W$400,$A4,Flows!$X$2:$X$400,C$3)-COUNTIFS(Flows!$B$2:$B$400,"required",Flows!$W$2:$W$400,$A4,Flows!$X$2:$X$400,C$3,Flows!$T$2:$T$400,"covered"),"0")&" DEFECT","")) -> 1 req · 0 ok · 1 DEFECT | D4: =IF(COUNTIFS(Flows!$B$2:$B$400,"required",Flows!$W$2:$W$400,$A4,Flows!$X$2:$X$400,D$3)=0,"—",TEXT(COUNTIFS(Flows!$B$2:$B$400,"required",Flows!$W$2:$W$400,$A4,Flows!$X$2:$X$400,D$3),"0")&" req · "&TEXT(COUNTIFS(Flows!$B$2:$B$400,"required",Flows!$W$2:$W$400,$A4,Flows!$X$2:$X$400,D$3,Flows!$T$2:$T$400,"covered"),"0")&" ok"&IF(COUNTIFS(Flows!$B$2:$B$400,"required",Flows!$W$2:$W$400,$A4,Flows!$X$2:$X$400,D$3)-COUNTIFS(Flows!$B$2:$B$400,"required",Flows!$W$2:$W$400,$A4,Flows!$X$2:$X$400,D$3,Flows!$T$2:$T$400,"covered")>0," · "&TEXT(COUNTIFS(Flows!$B$2:$B$400,"required",Flows!$W$2:$W$400,$A4,Flows!$X$2:$X$400,D$3)-COUNTIFS(Flows!$B$2:$B$400,"required",Flows!$W$2:$W$400,$A4,Flows!$X$2:$X$400,D$3,Flows!$T$2:$T$400,"covered"),"0")&" DEFECT","")) -> — | E4: =IF(COUNTIFS(Flows!$B$2:$B$400,"required",Flows!$W$2:$W$400,$A4,Flows!$X$2:$X$400,E$3)=0,"—",TEXT(COUNTIFS(Flows!$B$2:$B$400,"required",Flows!$W$2:$W$400,$A4,Flows!$X$2:$X$400,E$3),"0")&" req · "&TEXT(COUNTIFS(Flows!$B$2:$B$400,"required",Flows!$W$2:$W$400,$A4,Flows!$X$2:$X$400,E$3,Flows!$T$2:$T$400,"covered"),"0")&" ok"&IF(COUNTIFS(Flows!$B$2:$B$400,"required",Flows!$W$2:$W$400,$A4,Flows!$X$2:$X$400,E$3)-COUNTIFS(Flows!$B$2:$B$400,"required",Flows!$W$2:$W$400,$A4,Flows!$X$2:$X$400,E$3,Flows!$T$2:$T$400,"covered")>0," · "&TEXT(COUNTIFS(Flows!$B$2:$B$400,"required",Flows!$W$2:$W$400,$A4,Flows!$X$2:$X$400,E$3)-COUNTIFS(Flows!$B$2:$B$400,"required",Flows!$W$2:$W$400,$A4,Flows!$X$2:$X$400,E$3,Flows!$T$2:$T$400,"covered"),"0")&" DEFECT","")) -> — | F4: =IF(COUNTIFS(Flows!$B$2:$B$400,"required",Flows!$W$2:$W$400,$A4,Flows!$X$2:$X$400,F$3)=0,"—",TEXT(COUNTIFS(Flows!$B$2:$B$400,"required",Flows!$W$2:$W$400,$A4,Flows!$X$2:$X$400,F$3),"0")&" req · "&TEXT(COUNTIFS(Flows!$B$2:$B$400,"required",Flows!$W$2:$W$400,$A4,Flows!$X$2:$X$400,F$3,Flows!$T$2:$T$400,"covered"),"0")&" ok"&IF(COUNTIFS(Flows!$B$2:$B$400,"required",Flows!$W$2:$W$400,$A4,Flows!$X$2:$X$400,F$3)-COUNTIFS(Flows!$B$2:$B$400,"required",Flows!$W$2:$W$400,$A4,Flows!$X$2:$X$400,F$3,Flows!$T$2:$T$400,"covered")>0," · "&TEXT(COUNTIFS(Flows!$B$2:$B$400,"required",Flows!$W$2:$W$400,$A4,Flows!$X$2:$X$400,F$3)-COUNTIFS(Flows!$B$2:$B$400,"required",Flows!$W$2:$W$400,$A4,Flows!$X$2:$X$400,F$3,Flows!$T$2:$T$400,"covered"),"0")&" DEFECT","")) -> —
A5: Quality | B5: =IF(COUNTIFS(Flows!$B$2:$B$400,"required",Flows!$W$2:$W$400,$A5,Flows!$X$2:$X$400,B$3)=0,"—",TEXT(COUNTIFS(Flows!$B$2:$B$400,"required",Flows!$W$2:$W$400,$A5,Flows!$X$2:$X$400,B$3),"0")&" req · "&TEXT(COUNTIFS(Flows!$B$2:$B$400,"required",Flows!$W$2:$W$400,$A5,Flows!$X$2:$X$400,B$3,Flows!$T$2:$T$400,"covered"),"0")&" ok"&IF(COUNTIFS(Flows!$B$2:$B$400,"required",Flows!$W$2:$W$400,$A5,Flows!$X$2:$X$400,B$3)-COUNTIFS(Flows!$B$2:$B$400,"required",Flows!$W$2:$W$400,$A5,Flows!$X$2:$X$400,B$3,Flows!$T$2:$T$400,"covered")>0," · "&TEXT(COUNTIFS(Flows!$B$2:$B$400,"required",Flows!$W$2:$W$400,$A5,Flows!$X$2:$X$400,B$3)-COUNTIFS(Flows!$B$2:$B$400,"required",Flows!$W$2:$W$400,$A5,Flows!$X$2:$X$400,B$3,Flows!$T$2:$T$400,"covered"),"0")&" DEFECT","")) -> — | C5: =IF(COUNTIFS(Flows!$B$2:$B$400,"required",Flows!$W$2:$W$400,$A5,Flows!$X$2:$X$400,C$3)=0,"—",TEXT(COUNTIFS(Flows!$B$2:$B$400,"required",Flows!$W$2:$W$400,$A5,Flows!$X$2:$X$400,C$3),"0")&" req · "&TEXT(COUNTIFS(Flows!$B$2:$B$400,"required",Flows!$W$2:$W$400,$A5,Flows!$X$2:$X$400,C$3,Flows!$T$2:$T$400,"covered"),"0")&" ok"&IF(COUNTIFS(Flows!$B$2:$B$400,"required",Flows!$W$2:$W$400,$A5,Flows!$X$2:$X$400,C$3)-COUNTIFS(Flows!$B$2:$B$400,"required",Flows!$W$2:$W$400,$A5,Flows!$X$2:$X$400,C$3,Flows!$T$2:$T$400,"covered")>0," · "&TEXT(COUNTIFS(Flows!$B$2:$B$400,"required",Flows!$W$2:$W$400,$A5,Flows!$X$2:$X$400,C$3)-COUNTIFS(Flows!$B$2:$B$400,"required",Flows!$W$2:$W$400,$A5,Flows!$X$2:$X$400,C$3,Flows!$T$2:$T$400,"covered"),"0")&" DEFECT","")) -> 6 req · 4 ok · 2 DEFECT | D5: =IF(COUNTIFS(Flows!$B$2:$B$400,"required",Flows!$W$2:$W$400,$A5,Flows!$X$2:$X$400,D$3)=0,"—",TEXT(COUNTIFS(Flows!$B$2:$B$400,"required",Flows!$W$2:$W$400,$A5,Flows!$X$2:$X$400,D$3),"0")&" req · "&TEXT(COUNTIFS(Flows!$B$2:$B$400,"required",Flows!$W$2:$W$400,$A5,Flows!$X$2:$X$400,D$3,Flows!$T$2:$T$400,"covered"),"0")&" ok"&IF(COUNTIFS(Flows!$B$2:$B$400,"required",Flows!$W$2:$W$400,$A5,Flows!$X$2:$X$400,D$3)-COUNTIFS(Flows!$B$2:$B$400,"required",Flows!$W$2:$W$400,$A5,Flows!$X$2:$X$400,D$3,Flows!$T$2:$T$400,"covered")>0," · "&TEXT(COUNTIFS(Flows!$B$2:$B$400,"required",Flows!$W$2:$W$400,$A5,Flows!$X$2:$X$400,D$3)-COUNTIFS(Flows!$B$2:$B$400,"required",Flows!$W$2:$W$400,$A5,Flows!$X$2:$X$400,D$3,Flows!$T$2:$T$400,"covered"),"0")&" DEFECT","")) -> 3 req · 0 ok · 3 DEFECT | E5: =IF(COUNTIFS(Flows!$B$2:$B$400,"required",Flows!$W$2:$W$400,$A5,Flows!$X$2:$X$400,E$3)=0,"—",TEXT(COUNTIFS(Flows!$B$2:$B$400,"required",Flows!$W$2:$W$400,$A5,Flows!$X$2:$X$400,E$3),"0")&" req · "&TEXT(COUNTIFS(Flows!$B$2:$B$400,"required",Flows!$W$2:$W$400,$A5,Flows!$X$2:$X$400,E$3,Flows!$T$2:$T$400,"covered"),"0")&" ok"&IF(COUNTIFS(Flows!$B$2:$B$400,"required",Flows!$W$2:$W$400,$A5,Flows!$X$2:$X$400,E$3)-COUNTIFS(Flows!$B$2:$B$400,"required",Flows!$W$2:$W$400,$A5,Flows!$X$2:$X$400,E$3,Flows!$T$2:$T$400,"covered")>0," · "&TEXT(COUNTIFS(Flows!$B$2:$B$400,"required",Flows!$W$2:$W$400,$A5,Flows!$X$2:$X$400,E$3)-COUNTIFS(Flows!$B$2:$B$400,"required",Flows!$W$2:$W$400,$A5,Flows!$X$2:$X$400,E$3,Flows!$T$2:$T$400,"covered"),"0")&" DEFECT","")) -> 3 req · 2 ok · 1 DEFECT | F5: =IF(COUNTIFS(Flows!$B$2:$B$400,"required",Flows!$W$2:$W$400,$A5,Flows!$X$2:$X$400,F$3)=0,"—",TEXT(COUNTIFS(Flows!$B$2:$B$400,"required",Flows!$W$2:$W$400,$A5,Flows!$X$2:$X$400,F$3),"0")&" req · "&TEXT(COUNTIFS(Flows!$B$2:$B$400,"required",Flows!$W$2:$W$400,$A5,Flows!$X$2:$X$400,F$3,Flows!$T$2:$T$400,"covered"),"0")&" ok"&IF(COUNTIFS(Flows!$B$2:$B$400,"required",Flows!$W$2:$W$400,$A5,Flows!$X$2:$X$400,F$3)-COUNTIFS(Flows!$B$2:$B$400,"required",Flows!$W$2:$W$400,$A5,Flows!$X$2:$X$400,F$3,Flows!$T$2:$T$400,"covered")>0," · "&TEXT(COUNTIFS(Flows!$B$2:$B$400,"required",Flows!$W$2:$W$400,$A5,Flows!$X$2:$X$400,F$3)-COUNTIFS(Flows!$B$2:$B$400,"required",Flows!$W$2:$W$400,$A5,Flows!$X$2:$X$400,F$3,Flows!$T$2:$T$400,"covered"),"0")&" DEFECT","")) -> 1 req · 1 ok
A6: Operations | B6: =IF(COUNTIFS(Flows!$B$2:$B$400,"required",Flows!$W$2:$W$400,$A6,Flows!$X$2:$X$400,B$3)=0,"—",TEXT(COUNTIFS(Flows!$B$2:$B$400,"required",Flows!$W$2:$W$400,$A6,Flows!$X$2:$X$400,B$3),"0")&" req · "&TEXT(COUNTIFS(Flows!$B$2:$B$400,"required",Flows!$W$2:$W$400,$A6,Flows!$X$2:$X$400,B$3,Flows!$T$2:$T$400,"covered"),"0")&" ok"&IF(COUNTIFS(Flows!$B$2:$B$400,"required",Flows!$W$2:$W$400,$A6,Flows!$X$2:$X$400,B$3)-COUNTIFS(Flows!$B$2:$B$400,"required",Flows!$W$2:$W$400,$A6,Flows!$X$2:$X$400,B$3,Flows!$T$2:$T$400,"covered")>0," · "&TEXT(COUNTIFS(Flows!$B$2:$B$400,"required",Flows!$W$2:$W$400,$A6,Flows!$X$2:$X$400,B$3)-COUNTIFS(Flows!$B$2:$B$400,"required",Flows!$W$2:$W$400,$A6,Flows!$X$2:$X$400,B$3,Flows!$T$2:$T$400,"covered"),"0")&" DEFECT","")) -> — | C6: =IF(COUNTIFS(Flows!$B$2:$B$400,"required",Flows!$W$2:$W$400,$A6,Flows!$X$2:$X$400,C$3)=0,"—",TEXT(COUNTIFS(Flows!$B$2:$B$400,"required",Flows!$W$2:$W$400,$A6,Flows!$X$2:$X$400,C$3),"0")&" req · "&TEXT(COUNTIFS(Flows!$B$2:$B$400,"required",Flows!$W$2:$W$400,$A6,Flows!$X$2:$X$400,C$3,Flows!$T$2:$T$400,"covered"),"0")&" ok"&IF(COUNTIFS(Flows!$B$2:$B$400,"required",Flows!$W$2:$W$400,$A6,Flows!$X$2:$X$400,C$3)-COUNTIFS(Flows!$B$2:$B$400,"required",Flows!$W$2:$W$400,$A6,Flows!$X$2:$X$400,C$3,Flows!$T$2:$T$400,"covered")>0," · "&TEXT(COUNTIFS(Flows!$B$2:$B$400,"required",Flows!$W$2:$W$400,$A6,Flows!$X$2:$X$400,C$3)-COUNTIFS(Flows!$B$2:$B$400,"required",Flows!$W$2:$W$400,$A6,Flows!$X$2:$X$400,C$3,Flows!$T$2:$T$400,"covered"),"0")&" DEFECT","")) -> 1 req · 1 ok | D6: =IF(COUNTIFS(Flows!$B$2:$B$400,"required",Flows!$W$2:$W$400,$A6,Flows!$X$2:$X$400,D$3)=0,"—",TEXT(COUNTIFS(Flows!$B$2:$B$400,"required",Flows!$W$2:$W$400,$A6,Flows!$X$2:$X$400,D$3),"0")&" req · "&TEXT(COUNTIFS(Flows!$B$2:$B$400,"required",Flows!$W$2:$W$400,$A6,Flows!$X$2:$X$400,D$3,Flows!$T$2:$T$400,"covered"),"0")&" ok"&IF(COUNTIFS(Flows!$B$2:$B$400,"required",Flows!$W$2:$W$400,$A6,Flows!$X$2:$X$400,D$3)-COUNTIFS(Flows!$B$2:$B$400,"required",Flows!$W$2:$W$400,$A6,Flows!$X$2:$X$400,D$3,Flows!$T$2:$T$400,"covered")>0," · "&TEXT(COUNTIFS(Flows!$B$2:$B$400,"required",Flows!$W$2:$W$400,$A6,Flows!$X$2:$X$400,D$3)-COUNTIFS(Flows!$B$2:$B$400,"required",Flows!$W$2:$W$400,$A6,Flows!$X$2:$X$400,D$3,Flows!$T$2:$T$400,"covered"),"0")&" DEFECT","")) -> — | E6: =IF(COUNTIFS(Flows!$B$2:$B$400,"required",Flows!$W$2:$W$400,$A6,Flows!$X$2:$X$400,E$3)=0,"—",TEXT(COUNTIFS(Flows!$B$2:$B$400,"required",Flows!$W$2:$W$400,$A6,Flows!$X$2:$X$400,E$3),"0")&" req · "&TEXT(COUNTIFS(Flows!$B$2:$B$400,"required",Flows!$W$2:$W$400,$A6,Flows!$X$2:$X$400,E$3,Flows!$T$2:$T$400,"covered"),"0")&" ok"&IF(COUNTIFS(Flows!$B$2:$B$400,"required",Flows!$W$2:$W$400,$A6,Flows!$X$2:$X$400,E$3)-COUNTIFS(Flows!$B$2:$B$400,"required",Flows!$W$2:$W$400,$A6,Flows!$X$2:$X$400,E$3,Flows!$T$2:$T$400,"covered")>0," · "&TEXT(COUNTIFS(Flows!$B$2:$B$400,"required",Flows!$W$2:$W$400,$A6,Flows!$X$2:$X$400,E$3)-COUNTIFS(Flows!$B$2:$B$400,"required",Flows!$W$2:$W$400,$A6,Flows!$X$2:$X$400,E$3,Flows!$T$2:$T$400,"covered"),"0")&" DEFECT","")) -> — | F6: =IF(COUNTIFS(Flows!$B$2:$B$400,"required",Flows!$W$2:$W$400,$A6,Flows!$X$2:$X$400,F$3)=0,"—",TEXT(COUNTIFS(Flows!$B$2:$B$400,"required",Flows!$W$2:$W$400,$A6,Flows!$X$2:$X$400,F$3),"0")&" req · "&TEXT(COUNTIFS(Flows!$B$2:$B$400,"required",Flows!$W$2:$W$400,$A6,Flows!$X$2:$X$400,F$3,Flows!$T$2:$T$400,"covered"),"0")&" ok"&IF(COUNTIFS(Flows!$B$2:$B$400,"required",Flows!$W$2:$W$400,$A6,Flows!$X$2:$X$400,F$3)-COUNTIFS(Flows!$B$2:$B$400,"required",Flows!$W$2:$W$400,$A6,Flows!$X$2:$X$400,F$3,Flows!$T$2:$T$400,"covered")>0," · "&TEXT(COUNTIFS(Flows!$B$2:$B$400,"required",Flows!$W$2:$W$400,$A6,Flows!$X$2:$X$400,F$3)-COUNTIFS(Flows!$B$2:$B$400,"required",Flows!$W$2:$W$400,$A6,Flows!$X$2:$X$400,F$3,Flows!$T$2:$T$400,"covered"),"0")&" DEFECT","")) -> —
A7: Supply Chain | B7: =IF(COUNTIFS(Flows!$B$2:$B$400,"required",Flows!$W$2:$W$400,$A7,Flows!$X$2:$X$400,B$3)=0,"—",TEXT(COUNTIFS(Flows!$B$2:$B$400,"required",Flows!$W$2:$W$400,$A7,Flows!$X$2:$X$400,B$3),"0")&" req · "&TEXT(COUNTIFS(Flows!$B$2:$B$400,"required",Flows!$W$2:$W$400,$A7,Flows!$X$2:$X$400,B$3,Flows!$T$2:$T$400,"covered"),"0")&" ok"&IF(COUNTIFS(Flows!$B$2:$B$400,"required",Flows!$W$2:$W$400,$A7,Flows!$X$2:$X$400,B$3)-COUNTIFS(Flows!$B$2:$B$400,"required",Flows!$W$2:$W$400,$A7,Flows!$X$2:$X$400,B$3,Flows!$T$2:$T$400,"covered")>0," · "&TEXT(COUNTIFS(Flows!$B$2:$B$400,"required",Flows!$W$2:$W$400,$A7,Flows!$X$2:$X$400,B$3)-COUNTIFS(Flows!$B$2:$B$400,"required",Flows!$W$2:$W$400,$A7,Flows!$X$2:$X$400,B$3,Flows!$T$2:$T$400,"covered"),"0")&" DEFECT","")) -> — | C7: =IF(COUNTIFS(Flows!$B$2:$B$400,"required",Flows!$W$2:$W$400,$A7,Flows!$X$2:$X$400,C$3)=0,"—",TEXT(COUNTIFS(Flows!$B$2:$B$400,"required",Flows!$W$2:$W$400,$A7,Flows!$X$2:$X$400,C$3),"0")&" req · "&TEXT(COUNTIFS(Flows!$B$2:$B$400,"required",Flows!$W$2:$W$400,$A7,Flows!$X$2:$X$400,C$3,Flows!$T$2:$T$400,"covered"),"0")&" ok"&IF(COUNTIFS(Flows!$B$2:$B$400,"required",Flows!$W$2:$W$400,$A7,Flows!$X$2:$X$400,C$3)-COUNTIFS(Flows!$B$2:$B$400,"required",Flows!$W$2:$W$400,$A7,Flows!$X$2:$X$400,C$3,Flows!$T$2:$T$400,"covered")>0," · "&TEXT(COUNTIFS(Flows!$B$2:$B$400,"required",Flows!$W$2:$W$400,$A7,Flows!$X$2:$X$400,C$3)-COUNTIFS(Flows!$B$2:$B$400,"required",Flows!$W$2:$W$400,$A7,Flows!$X$2:$X$400,C$3,Flows!$T$2:$T$400,"covered"),"0")&" DEFECT","")) -> — | D7: =IF(COUNTIFS(Flows!$B$2:$B$400,"required",Flows!$W$2:$W$400,$A7,Flows!$X$2:$X$400,D$3)=0,"—",TEXT(COUNTIFS(Flows!$B$2:$B$400,"required",Flows!$W$2:$W$400,$A7,Flows!$X$2:$X$400,D$3),"0")&" req · "&TEXT(COUNTIFS(Flows!$B$2:$B$400,"required",Flows!$W$2:$W$400,$A7,Flows!$X$2:$X$400,D$3,Flows!$T$2:$T$400,"covered"),"0")&" ok"&IF(COUNTIFS(Flows!$B$2:$B$400,"required",Flows!$W$2:$W$400,$A7,Flows!$X$2:$X$400,D$3)-COUNTIFS(Flows!$B$2:$B$400,"required",Flows!$W$2:$W$400,$A7,Flows!$X$2:$X$400,D$3,Flows!$T$2:$T$400,"covered")>0," · "&TEXT(COUNTIFS(Flows!$B$2:$B$400,"required",Flows!$W$2:$W$400,$A7,Flows!$X$2:$X$400,D$3)-COUNTIFS(Flows!$B$2:$B$400,"required",Flows!$W$2:$W$400,$A7,Flows!$X$2:$X$400,D$3,Flows!$T$2:$T$400,"covered"),"0")&" DEFECT","")) -> 1 req · 1 ok | E7: =IF(COUNTIFS(Flows!$B$2:$B$400,"required",Flows!$W$2:$W$400,$A7,Flows!$X$2:$X$400,E$3)=0,"—",TEXT(COUNTIFS(Flows!$B$2:$B$400,"required",Flows!$W$2:$W$400,$A7,Flows!$X$2:$X$400,E$3),"0")&" req · "&TEXT(COUNTIFS(Flows!$B$2:$B$400,"required",Flows!$W$2:$W$400,$A7,Flows!$X$2:$X$400,E$3,Flows!$T$2:$T$400,"covered"),"0")&" ok"&IF(COUNTIFS(Flows!$B$2:$B$400,"required",Flows!$W$2:$W$400,$A7,Flows!$X$2:$X$400,E$3)-COUNTIFS(Flows!$B$2:$B$400,"required",Flows!$W$2:$W$400,$A7,Flows!$X$2:$X$400,E$3,Flows!$T$2:$T$400,"covered")>0," · "&TEXT(COUNTIFS(Flows!$B$2:$B$400,"required",Flows!$W$2:$W$400,$A7,Flows!$X$2:$X$400,E$3)-COUNTIFS(Flows!$B$2:$B$400,"required",Flows!$W$2:$W$400,$A7,Flows!$X$2:$X$400,E$3,Flows!$T$2:$T$400,"covered"),"0")&" DEFECT","")) -> — | F7: =IF(COUNTIFS(Flows!$B$2:$B$400,"required",Flows!$W$2:$W$400,$A7,Flows!$X$2:$X$400,F$3)=0,"—",TEXT(COUNTIFS(Flows!$B$2:$B$400,"required",Flows!$W$2:$W$400,$A7,Flows!$X$2:$X$400,F$3),"0")&" req · "&TEXT(COUNTIFS(Flows!$B$2:$B$400,"required",Flows!$W$2:$W$400,$A7,Flows!$X$2:$X$400,F$3,Flows!$T$2:$T$400,"covered"),"0")&" ok"&IF(COUNTIFS(Flows!$B$2:$B$400,"required",Flows!$W$2:$W$400,$A7,Flows!$X$2:$X$400,F$3)-COUNTIFS(Flows!$B$2:$B$400,"required",Flows!$W$2:$W$400,$A7,Flows!$X$2:$X$400,F$3,Flows!$T$2:$T$400,"covered")>0," · "&TEXT(COUNTIFS(Flows!$B$2:$B$400,"required",Flows!$W$2:$W$400,$A7,Flows!$X$2:$X$400,F$3)-COUNTIFS(Flows!$B$2:$B$400,"required",Flows!$W$2:$W$400,$A7,Flows!$X$2:$X$400,F$3,Flows!$T$2:$T$400,"covered"),"0")&" DEFECT","")) -> —
A8: External | B8: =IF(COUNTIFS(Flows!$B$2:$B$400,"required",Flows!$W$2:$W$400,$A8,Flows!$X$2:$X$400,B$3)=0,"—",TEXT(COUNTIFS(Flows!$B$2:$B$400,"required",Flows!$W$2:$W$400,$A8,Flows!$X$2:$X$400,B$3),"0")&" req · "&TEXT(COUNTIFS(Flows!$B$2:$B$400,"required",Flows!$W$2:$W$400,$A8,Flows!$X$2:$X$400,B$3,Flows!$T$2:$T$400,"covered"),"0")&" ok"&IF(COUNTIFS(Flows!$B$2:$B$400,"required",Flows!$W$2:$W$400,$A8,Flows!$X$2:$X$400,B$3)-COUNTIFS(Flows!$B$2:$B$400,"required",Flows!$W$2:$W$400,$A8,Flows!$X$2:$X$400,B$3,Flows!$T$2:$T$400,"covered")>0," · "&TEXT(COUNTIFS(Flows!$B$2:$B$400,"required",Flows!$W$2:$W$400,$A8,Flows!$X$2:$X$400,B$3)-COUNTIFS(Flows!$B$2:$B$400,"required",Flows!$W$2:$W$400,$A8,Flows!$X$2:$X$400,B$3,Flows!$T$2:$T$400,"covered"),"0")&" DEFECT","")) -> — | C8: =IF(COUNTIFS(Flows!$B$2:$B$400,"required",Flows!$W$2:$W$400,$A8,Flows!$X$2:$X$400,C$3)=0,"—",TEXT(COUNTIFS(Flows!$B$2:$B$400,"required",Flows!$W$2:$W$400,$A8,Flows!$X$2:$X$400,C$3),"0")&" req · "&TEXT(COUNTIFS(Flows!$B$2:$B$400,"required",Flows!$W$2:$W$400,$A8,Flows!$X$2:$X$400,C$3,Flows!$T$2:$T$400,"covered"),"0")&" ok"&IF(COUNTIFS(Flows!$B$2:$B$400,"required",Flows!$W$2:$W$400,$A8,Flows!$X$2:$X$400,C$3)-COUNTIFS(Flows!$B$2:$B$400,"required",Flows!$W$2:$W$400,$A8,Flows!$X$2:$X$400,C$3,Flows!$T$2:$T$400,"covered")>0," · "&TEXT(COUNTIFS(Flows!$B$2:$B$400,"required",Flows!$W$2:$W$400,$A8,Flows!$X$2:$X$400,C$3)-COUNTIFS(Flows!$B$2:$B$400,"required",Flows!$W$2:$W$400,$A8,Flows!$X$2:$X$400,C$3,Flows!$T$2:$T$400,"covered"),"0")&" DEFECT","")) -> 1 req · 1 ok | D8: =IF(COUNTIFS(Flows!$B$2:$B$400,"required",Flows!$W$2:$W$400,$A8,Flows!$X$2:$X$400,D$3)=0,"—",TEXT(COUNTIFS(Flows!$B$2:$B$400,"required",Flows!$W$2:$W$400,$A8,Flows!$X$2:$X$400,D$3),"0")&" req · "&TEXT(COUNTIFS(Flows!$B$2:$B$400,"required",Flows!$W$2:$W$400,$A8,Flows!$X$2:$X$400,D$3,Flows!$T$2:$T$400,"covered"),"0")&" ok"&IF(COUNTIFS(Flows!$B$2:$B$400,"required",Flows!$W$2:$W$400,$A8,Flows!$X$2:$X$400,D$3)-COUNTIFS(Flows!$B$2:$B$400,"required",Flows!$W$2:$W$400,$A8,Flows!$X$2:$X$400,D$3,Flows!$T$2:$T$400,"covered")>0," · "&TEXT(COUNTIFS(Flows!$B$2:$B$400,"required",Flows!$W$2:$W$400,$A8,Flows!$X$2:$X$400,D$3)-COUNTIFS(Flows!$B$2:$B$400,"required",Flows!$W$2:$W$400,$A8,Flows!$X$2:$X$400,D$3,Flows!$T$2:$T$400,"covered"),"0")&" DEFECT","")) -> — | E8: =IF(COUNTIFS(Flows!$B$2:$B$400,"required",Flows!$W$2:$W$400,$A8,Flows!$X$2:$X$400,E$3)=0,"—",TEXT(COUNTIFS(Flows!$B$2:$B$400,"required",Flows!$W$2:$W$400,$A8,Flows!$X$2:$X$400,E$3),"0")&" req · "&TEXT(COUNTIFS(Flows!$B$2:$B$400,"required",Flows!$W$2:$W$400,$A8,Flows!$X$2:$X$400,E$3,Flows!$T$2:$T$400,"covered"),"0")&" ok"&IF(COUNTIFS(Flows!$B$2:$B$400,"required",Flows!$W$2:$W$400,$A8,Flows!$X$2:$X$400,E$3)-COUNTIFS(Flows!$B$2:$B$400,"required",Flows!$W$2:$W$400,$A8,Flows!$X$2:$X$400,E$3,Flows!$T$2:$T$400,"covered")>0," · "&TEXT(COUNTIFS(Flows!$B$2:$B$400,"required",Flows!$W$2:$W$400,$A8,Flows!$X$2:$X$400,E$3)-COUNTIFS(Flows!$B$2:$B$400,"required",Flows!$W$2:$W$400,$A8,Flows!$X$2:$X$400,E$3,Flows!$T$2:$T$400,"covered"),"0")&" DEFECT","")) -> — | F8: =IF(COUNTIFS(Flows!$B$2:$B$400,"required",Flows!$W$2:$W$400,$A8,Flows!$X$2:$X$400,F$3)=0,"—",TEXT(COUNTIFS(Flows!$B$2:$B$400,"required",Flows!$W$2:$W$400,$A8,Flows!$X$2:$X$400,F$3),"0")&" req · "&TEXT(COUNTIFS(Flows!$B$2:$B$400,"required",Flows!$W$2:$W$400,$A8,Flows!$X$2:$X$400,F$3,Flows!$T$2:$T$400,"covered"),"0")&" ok"&IF(COUNTIFS(Flows!$B$2:$B$400,"required",Flows!$W$2:$W$400,$A8,Flows!$X$2:$X$400,F$3)-COUNTIFS(Flows!$B$2:$B$400,"required",Flows!$W$2:$W$400,$A8,Flows!$X$2:$X$400,F$3,Flows!$T$2:$T$400,"covered")>0," · "&TEXT(COUNTIFS(Flows!$B$2:$B$400,"required",Flows!$W$2:$W$400,$A8,Flows!$X$2:$X$400,F$3)-COUNTIFS(Flows!$B$2:$B$400,"required",Flows!$W$2:$W$400,$A8,Flows!$X$2:$X$400,F$3,Flows!$T$2:$T$400,"covered"),"0")&" DEFECT","")) -> —
A10: Diagonal cells = flows inside one function; everything else crosses the white space between functions — where hand-offs break. Counts recompute from the Flows sheet. The rendered lane view of this matrix is output/process_map.svg.

Sheet README
A1: Communication Process Assessment — workbook
A3: WHAT THIS IS
A4: The full framework (SPEC v1.1 + v1.2) as a live Excel model. Data sheets hold the model; every status, verdict, and score is a formula, so editing data recomputes everything. Ships with synthetic supplier-quality seed data containing planted defects — replace it with your team's.
A6: HOW TO USE — start on GoalLens
A7: 1. GoalLens: pick a goal in the yellow cell (B3). You get: its operations/topics, its required flows with computed status, its stakeholders (flagged when cut off), the meetings claiming vs actually serving it, and the channels carrying it.
A8: 2. To run it on your team: fill Goals → Topics (one row per thing-people-must-know, tied to a goal) → Stakeholders → Flows (required rows first = who needs what; then actual rows = what interviews found) → Rituals (+ the six criteria columns) → Carriers (which meeting/channel carries each actual flow) → Decisions.
A9: 3. Statuses follow the locked rubric: missing → wrong_producer → latency_gap → channel_mismatch → covered. Disputed actual flows are quarantined from every count automatically.
A11: CELL LEGEND
A12: PALE YELLOW = type here. Every input cell on every data sheet is pale yellow, including the empty yellow rows below the seed data — that is where new entries go (dropdowns provided). BRIGHT YELLOW = the GoalLens picker, the one input on a view sheet. GRAY ITALIC = computed — never type over these (they extend by copying the formula down). Anything not yellow is not meant to be edited.
A14: SHEET MAP → framework components
A15: Goals/Topics (component 1) · Stakeholders (2) · Flows (1+3, diff computed) · Rituals+Criteria (5) · Alignment (6, the meeting↔goal scored edges) · Decisions (7) · Carriers+Channels (4) · WhiteSpace (4, the Rummler function-to-function matrix) · GoalLens (the working view) · Frameworks (the source library, components 1–9).
A17: LIMITS (honest ones)
... A20: Generated by analysis/make_workbook.py from /data — regenerate any time; the Python pipeline and this workbook compute the same statuses from the same CSVs.

Sheet Goals
A1: goal_id | B1: name | C1: owner_actor_id | D1: priority | E1: goal_class
A2: G1 | B2: Reduce supplier defect rate (PPM) by 30% | C2: A1 | D2: 1 | E2: core
A3: G2 | B3: Cut NCR resolution time to under 10 days | C3: A2 | D3: 2 | E3: core
A4: G3 | B4: Qualify two second-source suppliers for critical components | C4: A4 | D4: 3 | E4: core
A5: G4 | B5: Pass ISO 9001 surveillance audit with zero major findings | C5: A1 | D5: 4 | E5: core
A6: G5 | B6: Build SQE bench strength: two engineers certified as supplier auditors | C6: A2 | D6: 5 | E6: aspirational

Sheet Topics
A1: topic_id | B1: name | C1: goal_id | D1: operation | E1: description | F1: lens_rank
A2: T1 | B2: incoming_inspection_results | C2: G1 | D2: quality monitoring | E2: Incoming inspection defect data by supplier and part | F2: =IF($C2=GoalLens!$B$3,MAX($F$1:F1)+1,"") -> 1
A3: T2 | B3: ncr_status | C3: G2 | D3: NCR & corrective action | E3: Open non-conformance reports: status and aging | F3: =IF($C3=GoalLens!$B$3,MAX($F$1:F2)+1,"")
A4: T3 | B4: supplier_capa_status | C4: G2 | D4: NCR & corrective action | E4: Corrective action (CAPA) progress at suppliers | F4: =IF($C4=GoalLens!$B$3,MAX($F$1:F3)+1,"")
A5: T4 | B5: design_change_notice | C5: G1 | D5: change control | E5: ECN / spec changes affecting supplied parts | F5: =IF($C5=GoalLens!$B$3,MAX($F$1:F4)+1,"") -> 2
A6: T5 | B6: supplier_scorecard | C6: G1 | D6: supplier performance mgmt | E6: Monthly supplier performance scorecard | F6: =IF($C6=GoalLens!$B$3,MAX($F$1:F5)+1,"") -> 3
A7: T6 | B7: qualification_progress | C7: G3 | D7: second-sourcing | E7: Second-source qualification status | F7: =IF($C7=GoalLens!$B$3,MAX($F$1:F6)+1,"")
A8: T7 | B8: audit_readiness | C8: G4 | D8: audit preparation | E8: Audit findings and readiness status | F8: =IF($C8=GoalLens!$B$3,MAX($F$1:F7)+1,"")
A9: T8 | B9: containment_actions | C9: G2 | D9: incident containment | E9: Containment decisions during active quality incidents | F9: =IF($C9=GoalLens!$B$3,MAX($F$1:F8)+1,"")
A10: T9 | B10: production_line_defects | C10: G1 | D10: quality monitoring | E10: Line fallout data attributable to supplied parts | F10: =IF($C10=GoalLens!$B$3,MAX($F$1:F9)+1,"") -> 4
A11: T10 | B11: supplier_auditor_training_status | C11: G5 | D11: capability building | E11: Progress of SQE engineers through the supplier-auditor certification path | F11: =IF($C11=GoalLens!$B$3,MAX($F$1:F10)+1,"")
F12: =IF($C12=GoalLens!$B$3,MAX($F$1:F11)+1,"")
F13: =IF($C13=GoalLens!$B$3,MAX($F$1:F12)+1,"")
F14: =IF($C14=GoalLens!$B$3,MAX($F$1:F13)+1,"")
F15: =IF($C15=GoalLens!$B$3,MAX($F$1:F14)+1,"")
F16: =IF($C16=GoalLens!$B$3,MAX($F$1:F15)+1,"")
F17: =IF($C17=GoalLens!$B$3,MAX($F$1:F16)+1,"")
F18: =IF($C18=GoalLens!$B$3,MAX($F$1:F17)+1,"")
F19: =IF($C19=GoalLens!$B$3,MAX($F$1:F18)+1,"")
F20: =IF($C20=GoalLens!$B$3,MAX($F$1:F19)+1,"")
F21: =IF($C21=GoalLens!$B$3,MAX($F$1:F20)+1,"")
F22: =IF($C22=GoalLens!$B$3,MAX($F$1:F21)+1,"")
F23: =IF($C23=GoalLens!$B$3,MAX($F$1:F22)+1,"")
... F100: =IF($C100=GoalLens!$B$3,MAX($F$1:F99)+1,"")

Sheet Stakeholders
A1: actor_id | B1: name | C1: role | D1: group | E1: kind | F1: power | G1: interest | H1: G1 | I1: G2 | J1: G3 | K1: G4 | L1: involved_pick | M1: defective_pick | N1: lens_rank
A2: A1 | B2: Leia Organa | C2: Quality Manager | D2: Quality | E2: person | F2: 4 | G2: 5 | H2: =IF($A2="","",IF(COUNTIFS(Flows!$B$2:$B$400,"required",Flows!$L$2:$L$400,H$1,Flows!$D$2:$D$400,$A2)+COUNTIFS(Flows!$B$2:$B$400,"required",Flows!$L$2:$L$400,H$1,Flows!$E$2:$E$400,$A2)>0,1,0)) -> 1 | I2: =IF($A2="","",IF(COUNTIFS(Flows!$B$2:$B$400,"required",Flows!$L$2:$L$400,I$1,Flows!$D$2:$D$400,$A2)+COUNTIFS(Flows!$B$2:$B$400,"required",Flows!$L$2:$L$400,I$1,Flows!$E$2:$E$400,$A2)>0,1,0)) -> 0 | J2: =IF($A2="","",IF(COUNTIFS(Flows!$B$2:$B$400,"required",Flows!$L$2:$L$400,J$1,Flows!$D$2:$D$400,$A2)+COUNTIFS(Flows!$B$2:$B$400,"required",Flows!$L$2:$L$400,J$1,Flows!$E$2:$E$400,$A2)>0,1,0)) -> 0 | K2: =IF($A2="","",IF(COUNTIFS(Flows!$B$2:$B$400,"required",Flows!$L$2:$L$400,K$1,Flows!$D$2:$D$400,$A2)+COUNTIFS(Flows!$B$2:$B$400,"required",Flows!$L$2:$L$400,K$1,Flows!$E$2:$E$400,$A2)>0,1,0)) -> 1 | L2: =IF($A2="","",IFERROR(INDEX($H2:$K2,MATCH(GoalLens!$B$3,$H$1:$K$1,0)),0)) -> 1 | M2: =IF($A2="","",IF(COUNTIFS(Flows!$B$2:$B$400,"required",Flows!$L$2:$L$400,GoalLens!$B$3,Flows!$T$2:$T$400,"<>covered",Flows!$D$2:$D$400,$A2)+COUNTIFS(Flows!$B$2:$B$400,"required",Flows!$L$2:$L$400,GoalLens!$B$3,Flows!$T$2:$T$400,"<>covered",Flows!$E$2:$E$400,$A2)>0,1,0)) -> 1 | N2: =IF($L2=1,MAX($N$1:N1)+1,"") -> 1
A3: A2 | B3: Frodo Baggins | C3: Supplier Quality Engineer Lead | D3: Quality | E3: person | F3: 3 | G3: 5 | H3: =IF($A3="","",IF(COUNTIFS(Flows!$B$2:$B$400,"required",Flows!$L$2:$L$400,H$1,Flows!$D$2:$D$400,$A3)+COUNTIFS(Flows!$B$2:$B$400,"required",Flows!$L$2:$L$400,H$1,Flows!$E$2:$E$400,$A3)>0,1,0)) -> 1 | I3: =IF($A3="","",IF(COUNTIFS(Flows!$B$2:$B$400,"required",Flows!$L$2:$L$400,I$1,Flows!$D$2:$D$400,$A3)+COUNTIFS(Flows!$B$2:$B$400,"required",Flows!$L$2:$L$400,I$1,Flows!$E$2:$E$400,$A3)>0,1,0)) -> 1 | J3: =IF($A3="","",IF(COUNTIFS(Flows!$B$2:$B$400,"required",Flows!$L$2:$L$400,J$1,Flows!$D$2:$D$400,$A3)+COUNTIFS(Flows!$B$2:$B$400,"required",Flows!$L$2:$L$400,J$1,Flows!$E$2:$E$400,$A3)>0,1,0)) -> 0 | K3: =IF($A3="","",IF(COUNTIFS(Flows!$B$2:$B$400,"required",Flows!$L$2:$L$400,K$1,Flows!$D$2:$D$400,$A3)+COUNTIFS(Flows!$B$2:$B$400,"required",Flows!$L$2:$L$400,K$1,Flows!$E$2:$E$400,$A3)>0,1,0)) -> 0 | L3: =IF($A3="","",IFERROR(INDEX($H3:$K3,MATCH(GoalLens!$B$3,$H$1:$K$1,0)),0)) -> 1 | M3: =IF($A3="","",IF(COUNTIFS(Flows!$B$2:$B$400,"required",Flows!$L$2:$L$400,GoalLens!$B$3,Flows!$T$2:$T$400,"<>covered",Flows!$D$2:$D$400,$A3)+COUNTIFS(Flows!$B$2:$B$400,"required",Flows!$L$2:$L$400,GoalLens!$B$3,Flows!$T$2:$T$400,"<>covered",Flows!$E$2:$E$400,$A3)>0,1,0)) -> 1 | N3: =IF($L3=1,MAX($N$1:N2)+1,"") -> 2
A4: A3 | B4: Samwise Gamgee | C4: Supplier Quality Engineer | D4: Quality | E4: person | F4: 2 | G4: 4 | H4: =IF($A4="","",IF(COUNTIFS(Flows!$B$2:$B$400,"required",Flows!$L$2:$L$400,H$1,Flows!$D$2:$D$400,$A4)+COUNTIFS(Flows!$B$2:$B$400,"required",Flows!$L$2:$L$400,H$1,Flows!$E$2:$E$400,$A4)>0,1,0)) -> 1 | I4: =IF($A4="","",IF(COUNTIFS(Flows!$B$2:$B$400,"required",Flows!$L$2:$L$400,I$1,Flows!$D$2:$D$400,$A4)+COUNTIFS(Flows!$B$2:$B$400,"required",Flows!$L$2:$L$400,I$1,Flows!$E$2:$E$400,$A4)>0,1,0)) -> 1 | J4: =IF($A4="","",IF(COUNTIFS(Flows!$B$2:$B$400,"required",Flows!$L$2:$L$400,J$1,Flows!$D$2:$D$400,$A4)+COUNTIFS(Flows!$B$2:$B$400,"required",Flows!$L$2:$L$400,J$1,Flows!$E$2:$E$400,$A4)>0,1,0)) -> 1 | K4: =IF($A4="","",IF(COUNTIFS(Flows!$B$2:$B$400,"required",Flows!$L$2:$L$400,K$1,Flows!$D$2:$D$400,$A4)+COUNTIFS(Flows!$B$2:$B$400,"required",Flows!$L$2:$L$400,K$1,Flows!$E$2:$E$400,$A4)>0,1,0)) -> 0 | L4: =IF($A4="","",IFERROR(INDEX($H4:$K4,MATCH(GoalLens!$B$3,$H$1:$K$1,0)),0)) -> 1 | M4: =IF($A4="","",IF(COUNTIFS(Flows!$B$2:$B$400,"required",Flows!$L$2:$L$400,GoalLens!$B$3,Flows!$T$2:$T$400,"<>covered",Flows!$D$2:$D$400,$A4)+COUNTIFS(Flows!$B$2:$B$400,"required",Flows!$L$2:$L$400,GoalLens!$B$3,Flows!$T$2:$T$400,"<>covered",Flows!$E$2:$E$400,$A4)>0,1,0)) -> 0 | N4: =IF($L4=1,MAX($N$1:N3)+1,"") -> 3
A5: A4 | B5: Han Solo | C5: Procurement Lead | D5: Supply Chain | E5: person | F5: 4 | G5: 3 | H5: =IF($A5="","",IF(COUNTIFS(Flows!$B$2:$B$400,"required",Flows!$L$2:$L$400,H$1,Flows!$D$2:$D$400,$A5)+COUNTIFS(Flows!$B$2:$B$400,"required",Flows!$L$2:$L$400,H$1,Flows!$E$2:$E$400,$A5)>0,1,0)) -> 1 | I5: =IF($A5="","",IF(COUNTIFS(Flows!$B$2:$B$400,"required",Flows!$L$2:$L$400,I$1,Flows!$D$2:$D$400,$A5)+COUNTIFS(Flows!$B$2:$B$400,"required",Flows!$L$2:$L$400,I$1,Flows!$E$2:$E$400,$A5)>0,1,0)) -> 1 | J5: =IF($A5="","",IF(COUNTIFS(Flows!$B$2:$B$400,"required",Flows!$L$2:$L$400,J$1,Flows!$D$2:$D$400,$A5)+COUNTIFS(Flows!$B$2:$B$400,"required",Flows!$L$2:$L$400,J$1,Flows!$E$2:$E$400,$A5)>0,1,0)) -> 1 | K5: =IF($A5="","",IF(COUNTIFS(Flows!$B$2:$B$400,"required",Flows!$L$2:$L$400,K$1,Flows!$D$2:$D$400,$A5)+COUNTIFS(Flows!$B$2:$B$400,"required",Flows!$L$2:$L$400,K$1,Flows!$E$2:$E$400,$A5)>0,1,0)) -> 0 | L5: =IF($A5="","",IFERROR(INDEX($H5:$K5,MATCH(GoalLens!$B$3,$H$1:$K$1,0)),0)) -> 1 | M5: =IF($A5="","",IF(COUNTIFS(Flows!$B$2:$B$400,"required",Flows!$L$2:$L$400,GoalLens!$B$3,Flows!$T$2:$T$400,"<>covered",Flows!$D$2:$D$400,$A5)+COUNTIFS(Flows!$B$2:$B$400,"required",Flows!$L$2:$L$400,GoalLens!$B$3,Flows!$T$2:$T$400,"<>covered",Flows!$E$2:$E$400,$A5)>0,1,0)) -> 0 | N5: =IF($L5=1,MAX($N$1:N4)+1,"") -> 4
A6: A5 | B6: Gimli | C6: Incoming Inspection Lead | D6: Quality | E6: person | F6: 2 | G6: 4 | H6: =IF($A6="","",IF(COUNTIFS(Flows!$B$2:$B$400,"required",Flows!$L$2:$L$400,H$1,Flows!$D$2:$D$400,$A6)+COUNTIFS(Flows!$B$2:$B$400,"required",Flows!$L$2:$L$400,H$1,Flows!$E$2:$E$400,$A6)>0,1,0)) -> 1 | I6: =IF($A6="","",IF(COUNTIFS(Flows!$B$2:$B$400,"required",Flows!$L$2:$L$400,I$1,Flows!$D$2:$D$400,$A6)+COUNTIFS(Flows!$B$2:$B$400,"required",Flows!$L$2:$L$400,I$1,Flows!$E$2:$E$400,$A6)>0,1,0)) -> 1 | J6: =IF($A6="","",IF(COUNTIFS(Flows!$B$2:$B$400,"required",Flows!$L$2:$L$400,J$1,Flows!$D$2:$D$400,$A6)+COUNTIFS(Flows!$B$2:$B$400,"required",Flows!$L$2:$L$400,J$1,Flows!$E$2:$E$400,$A6)>0,1,0)) -> 0 | K6: =IF($A6="","",IF(COUNTIFS(Flows!$B$2:$B$400,"required",Flows!$L$2:$L$400,K$1,Flows!$D$2:$D$400,$A6)+COUNTIFS(Flows!$B$2:$B$400,"required",Flows!$L$2:$L$400,K$1,Flows!$E$2:$E$400,$A6)>0,1,0)) -> 0 | L6: =IF($A6="","",IFERROR(INDEX($H6:$K6,MATCH(GoalLens!$B$3,$H$1:$K$1,0)),0)) -> 1 | M6: =IF($A6="","",IF(COUNTIFS(Flows!$B$2:$B$400,"required",Flows!$L$2:$L$400,GoalLens!$B$3,Flows!$T$2:$T$400,"<>covered",Flows!$D$2:$D$400,$A6)+COUNTIFS(Flows!$B$2:$B$400,"required",Flows!$L$2:$L$400,GoalLens!$B$3,Flows!$T$2:$T$400,"<>covered",Flows!$E$2:$E$400,$A6)>0,1,0)) -> 1 | N6: =IF($L6=1,MAX($N$1:N5)+1,"") -> 5
A7: A6 | B7: Aragorn | C7: Production Supervisor | D7: Operations | E7: person | F7: 3 | G7: 3 | H7: =IF($A7="","",IF(COUNTIFS(Flows!$B$2:$B$400,"required",Flows!$L$2:$L$400,H$1,Flows!$D$2:$D$400,$A7)+COUNTIFS(Flows!$B$2:$B$400,"required",Flows!$L$2:$L$400,H$1,Flows!$E$2:$E$400,$A7)>0,1,0)) -> 1 | I7: =IF($A7="","",IF(COUNTIFS(Flows!$B$2:$B$400,"required",Flows!$L$2:$L$400,I$1,Flows!$D$2:$D$400,$A7)+COUNTIFS(Flows!$B$2:$B$400,"required",Flows!$L$2:$L$400,I$1,Flows!$E$2:$E$400,$A7)>0,1,0)) -> 1 | J7: =IF($A7="","",IF(COUNTIFS(Flows!$B$2:$B$400,"required",Flows!$L$2:$L$400,J$1,Flows!$D$2:$D$400,$A7)+COUNTIFS(Flows!$B$2:$B$400,"required",Flows!$L$2:$L$400,J$1,Flows!$E$2:$E$400,$A7)>0,1,0)) -> 0 | K7: =IF($A7="","",IF(COUNTIFS(Flows!$B$2:$B$400,"required",Flows!$L$2:$L$400,K$1,Flows!$D$2:$D$400,$A7)+COUNTIFS(Flows!$B$2:$B$400,"required",Flows!$L$2:$L$400,K$1,Flows!$E$2:$E$400,$A7)>0,1,0)) -> 1 | L7: =IF($A7="","",IFERROR(INDEX($H7:$K7,MATCH(GoalLens!$B$3,$H$1:$K$1,0)),0)) -> 1 | M7: =IF($A7="","",IF(COUNTIFS(Flows!$B$2:$B$400,"required",Flows!$L$2:$L$400,GoalLens!$B$3,Flows!$T$2:$T$400,"<>covered",Flows!$D$2:$D$400,$A7)+COUNTIFS(Flows!$B$2:$B$400,"required",Flows!$L$2:$L$400,GoalLens!$B$3,Flows!$T$2:$T$400,"<>covered",Flows!$E$2:$E$400,$A7)>0,1,0)) -> 0 | N7: =IF($L7=1,MAX($N$1:N6)+1,"") -> 6
A8: A7 | B8: Gandalf | C8: Design Engineer | D8: Engineering | E8: person | F8: 3 | G8: 2 | H8: =IF($A8="","",IF(COUNTIFS(Flows!$B$2:$B$400,"required",Flows!$L$2:$L$400,H$1,Flows!$D$2:$D$400,$A8)+COUNTIFS(Flows!$B$2:$B$400,"required",Flows!$L$2:$L$400,H$1,Flows!$E$2:$E$400,$A8)>0,1,0)) -> 1 | I8: =IF($A8="","",IF(COUNTIFS(Flows!$B$2:$B$400,"required",Flows!$L$2:$L$400,I$1,Flows!$D$2:$D$400,$A8)+COUNTIFS(Flows!$B$2:$B$400,"required",Flows!$L$2:$L$400,I$1,Flows!$E$2:$E$400,$A8)>0,1,0)) -> 0 | J8: =IF($A8="","",IF(COUNTIFS(Flows!$B$2:$B$400,"required",Flows!$L$2:$L$400,J$1,Flows!$D$2:$D$400,$A8)+COUNTIFS(Flows!$B$2:$B$400,"required",Flows!$L$2:$L$400,J$1,Flows!$E$2:$E$400,$A8)>0,1,0)) -> 0 | K8: =IF($A8="","",IF(COUNTIFS(Flows!$B$2:$B$400,"required",Flows!$L$2:$L$400,K$1,Flows!$D$2:$D$400,$A8)+COUNTIFS(Flows!$B$2:$B$400,"required",Flows!$L$2:$L$400,K$1,Flows!$E$2:$E$400,$A8)>0,1,0)) -> 0 | L8: =IF($A8="","",IFERROR(INDEX($H8:$K8,MATCH(GoalLens!$B$3,$H$1:$K$1,0)),0)) -> 1 | M8: =IF($A8="","",IF(COUNTIFS(Flows!$B$2:$B$400,"required",Flows!$L$2:$L$400,GoalLens!$B$3,Flows!$T$2:$T$400,"<>covered",Flows!$D$2:$D$400,$A8)+COUNTIFS(Flows!$B$2:$B$400,"required",Flows!$L$2:$L$400,GoalLens!$B$3,Flows!$T$2:$T$400,"<>covered",Flows!$E$2:$E$400,$A8)>0,1,0)) -> 1 | N8: =IF($L8=1,MAX($N$1:N7)+1,"") -> 7
A9: A8 | B9: Yoda | C9: Plant Manager | D9: Operations | E9: person | F9: 5 | G9: 3 | H9: =IF($A9="","",IF(COUNTIFS(Flows!$B$2:$B$400,"required",Flows!$L$2:$L$400,H$1,Flows!$D$2:$D$400,$A9)+COUNTIFS(Flows!$B$2:$B$400,"required",Flows!$L$2:$L$400,H$1,Flows!$E$2:$E$400,$A9)>0,1,0)) -> 0 | I9: =IF($A9="","",IF(COUNTIFS(Flows!$B$2:$B$400,"required",Flows!$L$2:$L$400,I$1,Flows!$D$2:$D$400,$A9)+COUNTIFS(Flows!$B$2:$B$400,"required",Flows!$L$2:$L$400,I$1,Flows!$E$2:$E$400,$A9)>0,1,0)) -> 0 | J9: =IF($A9="","",IF(COUNTIFS(Flows!$B$2:$B$400,"required",Flows!$L$2:$L$400,J$1,Flows!$D$2:$D$400,$A9)+COUNTIFS(Flows!$B$2:$B$400,"required",Flows!$L$2:$L$400,J$1,Flows!$E$2:$E$400,$A9)>0,1,0)) -> 1 | K9: =IF($A9="","",IF(COUNTIFS(Flows!$B$2:$B$400,"required",Flows!$L$2:$L$400,K$1,Flows!$D$2:$D$400,$A9)+COUNTIFS(Flows!$B$2:$B$400,"required",Flows!$L$2:$L$400,K$1,Flows!$E$2:$E$400,$A9)>0,1,0)) -> 0 | L9: =IF($A9="","",IFERROR(INDEX($H9:$K9,MATCH(GoalLens!$B$3,$H$1:$K$1,0)),0)) -> 0 | M9: =IF($A9="","",IF(COUNTIFS(Flows!$B$2:$B$400,"required",Flows!$L$2:$L$400,GoalLens!$B$3,Flows!$T$2:$T$400,"<>covered",Flows!$D$2:$D$400,$A9)+COUNTIFS(Flows!$B$2:$B$400,"required",Flows!$L$2:$L$400,GoalLens!$B$3,Flows!$T$2:$T$400,"<>covered",Flows!$E$2:$E$400,$A9)>0,1,0)) -> 0 | N9: =IF($L9=1,MAX($N$1:N8)+1,"")
A10: A9 | B10: Lando Calrissian (Cloud City) | C10: Supplier Account Manager | D10: External | E10: external | F10: 3 | G10: 4 | H10: =IF($A10="","",IF(COUNTIFS(Flows!$B$2:$B$400,"required",Flows!$L$2:$L$400,H$1,Flows!$D$2:$D$400,$A10)+COUNTIFS(Flows!$B$2:$B$400,"required",Flows!$L$2:$L$400,H$1,Flows!$E$2:$E$400,$A10)>0,1,0)) -> 1 | I10: =IF($A10="","",IF(COUNTIFS(Flows!$B$2:$B$400,"required",Flows!$L$2:$L$400,I$1,Flows!$D$2:$D$400,$A10)+COUNTIFS(Flows!$B$2:$B$400,"required",Flows!$L$2:$L$400,I$1,Flows!$E$2:$E$400,$A10)>0,1,0)) -> 1 | J10: =IF($A10="","",IF(COUNTIFS(Flows!$B$2:$B$400,"required",Flows!$L$2:$L$400,J$1,Flows!$D$2:$D$400,$A10)+COUNTIFS(Flows!$B$2:$B$400,"required",Flows!$L$2:$L$400,J$1,Flows!$E$2:$E$400,$A10)>0,1,0)) -> 0 | K10: =IF($A10="","",IF(COUNTIFS(Flows!$B$2:$B$400,"required",Flows!$L$2:$L$400,K$1,Flows!$D$2:$D$400,$A10)+COUNTIFS(Flows!$B$2:$B$400,"required",Flows!$L$2:$L$400,K$1,Flows!$E$2:$E$400,$A10)>0,1,0)) -> 0 | L10: =IF($A10="","",IFERROR(INDEX($H10:$K10,MATCH(GoalLens!$B$3,$H$1:$K$1,0)),0)) -> 1 | M10: =IF($A10="","",IF(COUNTIFS(Flows!$B$2:$B$400,"required",Flows!$L$2:$L$400,GoalLens!$B$3,Flows!$T$2:$T$400,"<>covered",Flows!$D$2:$D$400,$A10)+COUNTIFS(Flows!$B$2:$B$400,"required",Flows!$L$2:$L$400,GoalLens!$B$3,Flows!$T$2:$T$400,"<>covered",Flows!$E$2:$E$400,$A10)>0,1,0)) -> 0 | N10: =IF($L10=1,MAX($N$1:N9)+1,"") -> 8
A11: A10 | B11: C-3PO | C11: Compliance Officer | D11: Quality | E11: person | F11: 2 | G11: 3 | H11: =IF($A11="","",IF(COUNTIFS(Flows!$B$2:$B$400,"required",Flows!$L$2:$L$400,H$1,Flows!$D$2:$D$400,$A11)+COUNTIFS(Flows!$B$2:$B$400,"required",Flows!$L$2:$L$400,H$1,Flows!$E$2:$E$400,$A11)>0,1,0)) -> 0 | I11: =IF($A11="","",IF(COUNTIFS(Flows!$B$2:$B$400,"required",Flows!$L$2:$L$400,I$1,Flows!$D$2:$D$400,$A11)+COUNTIFS(Flows!$B$2:$B$400,"required",Flows!$L$2:$L$400,I$1,Flows!$E$2:$E$400,$A11)>0,1,0)) -> 0 | J11: =IF($A11="","",IF(COUNTIFS(Flows!$B$2:$B$400,"required",Flows!$L$2:$L$400,J$1,Flows!$D$2:$D$400,$A11)+COUNTIFS(Flows!$B$2:$B$400,"required",Flows!$L$2:$L$400,J$1,Flows!$E$2:$E$400,$A11)>0,1,0)) -> 0 | K11: =IF($A11="","",IF(COUNTIFS(Flows!$B$2:$B$400,"required",Flows!$L$2:$L$400,K$1,Flows!$D$2:$D$400,$A11)+COUNTIFS(Flows!$B$2:$B$400,"required",Flows!$L$2:$L$400,K$1,Flows!$E$2:$E$400,$A11)>0,1,0)) -> 1 | L11: =IF($A11="","",IFERROR(INDEX($H11:$K11,MATCH(GoalLens!$B$3,$H$1:$K$1,0)),0)) -> 0 | M11: =IF($A11="","",IF(COUNTIFS(Flows!$B$2:$B$400,"required",Flows!$L$2:$L$400,GoalLens!$B$3,Flows!$T$2:$T$400,"<>covered",Flows!$D$2:$D$400,$A11)+COUNTIFS(Flows!$B$2:$B$400,"required",Flows!$L$2:$L$400,GoalLens!$B$3,Flows!$T$2:$T$400,"<>covered",Flows!$E$2:$E$400,$A11)>0,1,0)) -> 0 | N11: =IF($L11=1,MAX($N$1:N10)+1,"")
A12: A11 | B12: The Fellowship | C12: Line Operators | D12: Operations | E12: group | F12: 2 | G12: 2 | H12: =IF($A12="","",IF(COUNTIFS(Flows!$B$2:$B$400,"required",Flows!$L$2:$L$400,H$1,Flows!$D$2:$D$400,$A12)+COUNTIFS(Flows!$B$2:$B$400,"required",Flows!$L$2:$L$400,H$1,Flows!$E$2:$E$400,$A12)>0,1,0)) -> 0 | I12: =IF($A12="","",IF(COUNTIFS(Flows!$B$2:$B$400,"required",Flows!$L$2:$L$400,I$1,Flows!$D$2:$D$400,$A12)+COUNTIFS(Flows!$B$2:$B$400,"required",Flows!$L$2:$L$400,I$1,Flows!$E$2:$E$400,$A12)>0,1,0)) -> 0 | J12: =IF($A12="","",IF(COUNTIFS(Flows!$B$2:$B$400,"required",Flows!$L$2:$L$400,J$1,Flows!$D$2:$D$400,$A12)+COUNTIFS(Flows!$B$2:$B$400,"required",Flows!$L$2:$L$400,J$1,Flows!$E$2:$E$400,$A12)>0,1,0)) -> 0 | K12: =IF($A12="","",IF(COUNTIFS(Flows!$B$2:$B$400,"required",Flows!$L$2:$L$400,K$1,Flows!$D$2:$D$400,$A12)+COUNTIFS(Flows!$B$2:$B$400,"required",Flows!$L$2:$L$400,K$1,Flows!$E$2:$E$400,$A12)>0,1,0)) -> 0 | L12: =IF($A12="","",IFERROR(INDEX($H12:$K12,MATCH(GoalLens!$B$3,$H$1:$K$1,0)),0)) -> 0 | M12: =IF($A12="","",IF(COUNTIFS(Flows!$B$2:$B$400,"required",Flows!$L$2:$L$400,GoalLens!$B$3,Flows!$T$2:$T$400,"<>covered",Flows!$D$2:$D$400,$A12)+COUNTIFS(Flows!$B$2:$B$400,"required",Flows!$L$2:$L$400,GoalLens!$B$3,Flows!$T$2:$T$400,"<>covered",Flows!$E$2:$E$400,$A12)>0,1,0)) -> 0 | N12: =IF($L12=1,MAX($N$1:N11)+1,"")
H13: =IF($A13="","",IF(COUNTIFS(Flows!$B$2:$B$400,"required",Flows!$L$2:$L$400,H$1,Flows!$D$2:$D$400,$A13)+COUNTIFS(Flows!$B$2:$B$400,"required",Flows!$L$2:$L$400,H$1,Flows!$E$2:$E$400,$A13)>0,1,0)) | I13: =IF($A13="","",IF(COUNTIFS(Flows!$B$2:$B$400,"required",Flows!$L$2:$L$400,I$1,Flows!$D$2:$D$400,$A13)+COUNTIFS(Flows!$B$2:$B$400,"required",Flows!$L$2:$L$400,I$1,Flows!$E$2:$E$400,$A13)>0,1,0)) | J13: =IF($A13="","",IF(COUNTIFS(Flows!$B$2:$B$400,"required",Flows!$L$2:$L$400,J$1,Flows!$D$2:$D$400,$A13)+COUNTIFS(Flows!$B$2:$B$400,"required",Flows!$L$2:$L$400,J$1,Flows!$E$2:$E$400,$A13)>0,1,0)) | K13: =IF($A13="","",IF(COUNTIFS(Flows!$B$2:$B$400,"required",Flows!$L$2:$L$400,K$1,Flows!$D$2:$D$400,$A13)+COUNTIFS(Flows!$B$2:$B$400,"required",Flows!$L$2:$L$400,K$1,Flows!$E$2:$E$400,$A13)>0,1,0)) | L13: =IF($A13="","",IFERROR(INDEX($H13:$K13,MATCH(GoalLens!$B$3,$H$1:$K$1,0)),0)) | M13: =IF($A13="","",IF(COUNTIFS(Flows!$B$2:$B$400,"required",Flows!$L$2:$L$400,GoalLens!$B$3,Flows!$T$2:$T$400,"<>covered",Flows!$D$2:$D$400,$A13)+COUNTIFS(Flows!$B$2:$B$400,"required",Flows!$L$2:$L$400,GoalLens!$B$3,Flows!$T$2:$T$400,"<>covered",Flows!$E$2:$E$400,$A13)>0,1,0)) | N13: =IF($L13=1,MAX($N$1:N12)+1,"")
H14: =IF($A14="","",IF(COUNTIFS(Flows!$B$2:$B$400,"required",Flows!$L$2:$L$400,H$1,Flows!$D$2:$D$400,$A14)+COUNTIFS(Flows!$B$2:$B$400,"required",Flows!$L$2:$L$400,H$1,Flows!$E$2:$E$400,$A14)>0,1,0)) | I14: =IF($A14="","",IF(COUNTIFS(Flows!$B$2:$B$400,"required",Flows!$L$2:$L$400,I$1,Flows!$D$2:$D$400,$A14)+COUNTIFS(Flows!$B$2:$B$400,"required",Flows!$L$2:$L$400,I$1,Flows!$E$2:$E$400,$A14)>0,1,0)) | J14: =IF($A14="","",IF(COUNTIFS(Flows!$B$2:$B$400,"required",Flows!$L$2:$L$400,J$1,Flows!$D$2:$D$400,$A14)+COUNTIFS(Flows!$B$2:$B$400,"required",Flows!$L$2:$L$400,J$1,Flows!$E$2:$E$400,$A14)>0,1,0)) | K14: =IF($A14="","",IF(COUNTIFS(Flows!$B$2:$B$400,"required",Flows!$L$2:$L$400,K$1,Flows!$D$2:$D$400,$A14)+COUNTIFS(Flows!$B$2:$B$400,"required",Flows!$L$2:$L$400,K$1,Flows!$E$2:$E$400,$A14)>0,1,0)) | L14: =IF($A14="","",IFERROR(INDEX($H14:$K14,MATCH(GoalLens!$B$3,$H$1:$K$1,0)),0)) | M14: =IF($A14="","",IF(COUNTIFS(Flows!$B$2:$B$400,"required",Flows!$L$2:$L$400,GoalLens!$B$3,Flows!$T$2:$T$400,"<>covered",Flows!$D$2:$D$400,$A14)+COUNTIFS(Flows!$B$2:$B$400,"required",Flows!$L$2:$L$400,GoalLens!$B$3,Flows!$T$2:$T$400,"<>covered",Flows!$E$2:$E$400,$A14)>0,1,0)) | N14: =IF($L14=1,MAX($N$1:N13)+1,"")
H15: =IF($A15="","",IF(COUNTIFS(Flows!$B$2:$B$400,"required",Flows!$L$2:$L$400,H$1,Flows!$D$2:$D$400,$A15)+COUNTIFS(Flows!$B$2:$B$400,"required",Flows!$L$2:$L$400,H$1,Flows!$E$2:$E$400,$A15)>0,1,0)) | I15: =IF($A15="","",IF(COUNTIFS(Flows!$B$2:$B$400,"required",Flows!$L$2:$L$400,I$1,Flows!$D$2:$D$400,$A15)+COUNTIFS(Flows!$B$2:$B$400,"required",Flows!$L$2:$L$400,I$1,Flows!$E$2:$E$400,$A15)>0,1,0)) | J15: =IF($A15="","",IF(COUNTIFS(Flows!$B$2:$B$400,"required",Flows!$L$2:$L$400,J$1,Flows!$D$2:$D$400,$A15)+COUNTIFS(Flows!$B$2:$B$400,"required",Flows!$L$2:$L$400,J$1,Flows!$E$2:$E$400,$A15)>0,1,0)) | K15: =IF($A15="","",IF(COUNTIFS(Flows!$B$2:$B$400,"required",Flows!$L$2:$L$400,K$1,Flows!$D$2:$D$400,$A15)+COUNTIFS(Flows!$B$2:$B$400,"required",Flows!$L$2:$L$400,K$1,Flows!$E$2:$E$400,$A15)>0,1,0)) | L15: =IF($A15="","",IFERROR(INDEX($H15:$K15,MATCH(GoalLens!$B$3,$H$1:$K$1,0)),0)) | M15: =IF($A15="","",IF(COUNTIFS(Flows!$B$2:$B$400,"required",Flows!$L$2:$L$400,GoalLens!$B$3,Flows!$T$2:$T$400,"<>covered",Flows!$D$2:$D$400,$A15)+COUNTIFS(Flows!$B$2:$B$400,"required",Flows!$L$2:$L$400,GoalLens!$B$3,Flows!$T$2:$T$400,"<>covered",Flows!$E$2:$E$400,$A15)>0,1,0)) | N15: =IF($L15=1,MAX($N$1:N14)+1,"")
H16: =IF($A16="","",IF(COUNTIFS(Flows!$B$2:$B$400,"required",Flows!$L$2:$L$400,H$1,Flows!$D$2:$D$400,$A16)+COUNTIFS(Flows!$B$2:$B$400,"required",Flows!$L$2:$L$400,H$1,Flows!$E$2:$E$400,$A16)>0,1,0)) | I16: =IF($A16="","",IF(COUNTIFS(Flows!$B$2:$B$400,"required",Flows!$L$2:$L$400,I$1,Flows!$D$2:$D$400,$A16)+COUNTIFS(Flows!$B$2:$B$400,"required",Flows!$L$2:$L$400,I$1,Flows!$E$2:$E$400,$A16)>0,1,0)) | J16: =IF($A16="","",IF(COUNTIFS(Flows!$B$2:$B$400,"required",Flows!$L$2:$L$400,J$1,Flows!$D$2:$D$400,$A16)+COUNTIFS(Flows!$B$2:$B$400,"required",Flows!$L$2:$L$400,J$1,Flows!$E$2:$E$400,$A16)>0,1,0)) | K16: =IF($A16="","",IF(COUNTIFS(Flows!$B$2:$B$400,"required",Flows!$L$2:$L$400,K$1,Flows!$D$2:$D$400,$A16)+COUNTIFS(Flows!$B$2:$B$400,"required",Flows!$L$2:$L$400,K$1,Flows!$E$2:$E$400,$A16)>0,1,0)) | L16: =IF($A16="","",IFERROR(INDEX($H16:$K16,MATCH(GoalLens!$B$3,$H$1:$K$1,0)),0)) | M16: =IF($A16="","",IF(COUNTIFS(Flows!$B$2:$B$400,"required",Flows!$L$2:$L$400,GoalLens!$B$3,Flows!$T$2:$T$400,"<>covered",Flows!$D$2:$D$400,$A16)+COUNTIFS(Flows!$B$2:$B$400,"required",Flows!$L$2:$L$400,GoalLens!$B$3,Flows!$T$2:$T$400,"<>covered",Flows!$E$2:$E$400,$A16)>0,1,0)) | N16: =IF($L16=1,MAX($N$1:N15)+1,"")
H17: =IF($A17="","",IF(COUNTIFS(Flows!$B$2:$B$400,"required",Flows!$L$2:$L$400,H$1,Flows!$D$2:$D$400,$A17)+COUNTIFS(Flows!$B$2:$B$400,"required",Flows!$L$2:$L$400,H$1,Flows!$E$2:$E$400,$A17)>0,1,0)) | I17: =IF($A17="","",IF(COUNTIFS(Flows!$B$2:$B$400,"required",Flows!$L$2:$L$400,I$1,Flows!$D$2:$D$400,$A17)+COUNTIFS(Flows!$B$2:$B$400,"required",Flows!$L$2:$L$400,I$1,Flows!$E$2:$E$400,$A17)>0,1,0)) | J17: =IF($A17="","",IF(COUNTIFS(Flows!$B$2:$B$400,"required",Flows!$L$2:$L$400,J$1,Flows!$D$2:$D$400,$A17)+COUNTIFS(Flows!$B$2:$B$400,"required",Flows!$L$2:$L$400,J$1,Flows!$E$2:$E$400,$A17)>0,1,0)) | K17: =IF($A17="","",IF(COUNTIFS(Flows!$B$2:$B$400,"required",Flows!$L$2:$L$400,K$1,Flows!$D$2:$D$400,$A17)+COUNTIFS(Flows!$B$2:$B$400,"required",Flows!$L$2:$L$400,K$1,Flows!$E$2:$E$400,$A17)>0,1,0)) | L17: =IF($A17="","",IFERROR(INDEX($H17:$K17,MATCH(GoalLens!$B$3,$H$1:$K$1,0)),0)) | M17: =IF($A17="","",IF(COUNTIFS(Flows!$B$2:$B$400,"required",Flows!$L$2:$L$400,GoalLens!$B$3,Flows!$T$2:$T$400,"<>covered",Flows!$D$2:$D$400,$A17)+COUNTIFS(Flows!$B$2:$B$400,"required",Flows!$L$2:$L$400,GoalLens!$B$3,Flows!$T$2:$T$400,"<>covered",Flows!$E$2:$E$400,$A17)>0,1,0)) | N17: =IF($L17=1,MAX($N$1:N16)+1,"")
H18: =IF($A18="","",IF(COUNTIFS(Flows!$B$2:$B$400,"required",Flows!$L$2:$L$400,H$1,Flows!$D$2:$D$400,$A18)+COUNTIFS(Flows!$B$2:$B$400,"required",Flows!$L$2:$L$400,H$1,Flows!$E$2:$E$400,$A18)>0,1,0)) | I18: =IF($A18="","",IF(COUNTIFS(Flows!$B$2:$B$400,"required",Flows!$L$2:$L$400,I$1,Flows!$D$2:$D$400,$A18)+COUNTIFS(Flows!$B$2:$B$400,"required",Flows!$L$2:$L$400,I$1,Flows!$E$2:$E$400,$A18)>0,1,0)) | J18: =IF($A18="","",IF(COUNTIFS(Flows!$B$2:$B$400,"required",Flows!$L$2:$L$400,J$1,Flows!$D$2:$D$400,$A18)+COUNTIFS(Flows!$B$2:$B$400,"required",Flows!$L$2:$L$400,J$1,Flows!$E$2:$E$400,$A18)>0,1,0)) | K18: =IF($A18="","",IF(COUNTIFS(Flows!$B$2:$B$400,"required",Flows!$L$2:$L$400,K$1,Flows!$D$2:$D$400,$A18)+COUNTIFS(Flows!$B$2:$B$400,"required",Flows!$L$2:$L$400,K$1,Flows!$E$2:$E$400,$A18)>0,1,0)) | L18: =IF($A18="","",IFERROR(INDEX($H18:$K18,MATCH(GoalLens!$B$3,$H$1:$K$1,0)),0)) | M18: =IF($A18="","",IF(COUNTIFS(Flows!$B$2:$B$400,"required",Flows!$L$2:$L$400,GoalLens!$B$3,Flows!$T$2:$T$400,"<>covered",Flows!$D$2:$D$400,$A18)+COUNTIFS(Flows!$B$2:$B$400,"required",Flows!$L$2:$L$400,GoalLens!$B$3,Flows!$T$2:$T$400,"<>covered",Flows!$E$2:$E$400,$A18)>0,1,0)) | N18: =IF($L18=1,MAX($N$1:N17)+1,"")
H19: =IF($A19="","",IF(COUNTIFS(Flows!$B$2:$B$400,"required",Flows!$L$2:$L$400,H$1,Flows!$D$2:$D$400,$A19)+COUNTIFS(Flows!$B$2:$B$400,"required",Flows!$L$2:$L$400,H$1,Flows!$E$2:$E$400,$A19)>0,1,0)) | I19: =IF($A19="","",IF(COUNTIFS(Flows!$B$2:$B$400,"required",Flows!$L$2:$L$400,I$1,Flows!$D$2:$D$400,$A19)+COUNTIFS(Flows!$B$2:$B$400,"required",Flows!$L$2:$L$400,I$1,Flows!$E$2:$E$400,$A19)>0,1,0)) | J19: =IF($A19="","",IF(COUNTIFS(Flows!$B$2:$B$400,"required",Flows!$L$2:$L$400,J$1,Flows!$D$2:$D$400,$A19)+COUNTIFS(Flows!$B$2:$B$400,"required",Flows!$L$2:$L$400,J$1,Flows!$E$2:$E$400,$A19)>0,1,0)) | K19: =IF($A19="","",IF(COUNTIFS(Flows!$B$2:$B$400,"required",Flows!$L$2:$L$400,K$1,Flows!$D$2:$D$400,$A19)+COUNTIFS(Flows!$B$2:$B$400,"required",Flows!$L$2:$L$400,K$1,Flows!$E$2:$E$400,$A19)>0,1,0)) | L19: =IF($A19="","",IFERROR(INDEX($H19:$K19,MATCH(GoalLens!$B$3,$H$1:$K$1,0)),0)) | M19: =IF($A19="","",IF(COUNTIFS(Flows!$B$2:$B$400,"required",Flows!$L$2:$L$400,GoalLens!$B$3,Flows!$T$2:$T$400,"<>covered",Flows!$D$2:$D$400,$A19)+COUNTIFS(Flows!$B$2:$B$400,"required",Flows!$L$2:$L$400,GoalLens!$B$3,Flows!$T$2:$T$400,"<>covered",Flows!$E$2:$E$400,$A19)>0,1,0)) | N19: =IF($L19=1,MAX($N$1:N18)+1,"")
H20: =IF($A20="","",IF(COUNTIFS(Flows!$B$2:$B$400,"required",Flows!$L$2:$L$400,H$1,Flows!$D$2:$D$400,$A20)+COUNTIFS(Flows!$B$2:$B$400,"required",Flows!$L$2:$L$400,H$1,Flows!$E$2:$E$400,$A20)>0,1,0)) | I20: =IF($A20="","",IF(COUNTIFS(Flows!$B$2:$B$400,"required",Flows!$L$2:$L$400,I$1,Flows!$D$2:$D$400,$A20)+COUNTIFS(Flows!$B$2:$B$400,"required",Flows!$L$2:$L$400,I$1,Flows!$E$2:$E$400,$A20)>0,1,0)) | J20: =IF($A20="","",IF(COUNTIFS(Flows!$B$2:$B$400,"required",Flows!$L$2:$L$400,J$1,Flows!$D$2:$D$400,$A20)+COUNTIFS(Flows!$B$2:$B$400,"required",Flows!$L$2:$L$400,J$1,Flows!$E$2:$E$400,$A20)>0,1,0)) | K20: =IF($A20="","",IF(COUNTIFS(Flows!$B$2:$B$400,"required",Flows!$L$2:$L$400,K$1,Flows!$D$2:$D$400,$A20)+COUNTIFS(Flows!$B$2:$B$400,"required",Flows!$L$2:$L$400,K$1,Flows!$E$2:$E$400,$A20)>0,1,0)) | L20: =IF($A20="","",IFERROR(INDEX($H20:$K20,MATCH(GoalLens!$B$3,$H$1:$K$1,0)),0)) | M20: =IF($A20="","",IF(COUNTIFS(Flows!$B$2:$B$400,"required",Flows!$L$2:$L$400,GoalLens!$B$3,Flows!$T$2:$T$400,"<>covered",Flows!$D$2:$D$400,$A20)+COUNTIFS(Flows!$B$2:$B$400,"required",Flows!$L$2:$L$400,GoalLens!$B$3,Flows!$T$2:$T$400,"<>covered",Flows!$E$2:$E$400,$A20)>0,1,0)) | N20: =IF($L20=1,MAX($N$1:N19)+1,"")
H21: =IF($A21="","",IF(COUNTIFS(Flows!$B$2:$B$400,"required",Flows!$L$2:$L$400,H$1,Flows!$D$2:$D$400,$A21)+COUNTIFS(Flows!$B$2:$B$400,"required",Flows!$L$2:$L$400,H$1,Flows!$E$2:$E$400,$A21)>0,1,0)) | I21: =IF($A21="","",IF(COUNTIFS(Flows!$B$2:$B$400,"required",Flows!$L$2:$L$400,I$1,Flows!$D$2:$D$400,$A21)+COUNTIFS(Flows!$B$2:$B$400,"required",Flows!$L$2:$L$400,I$1,Flows!$E$2:$E$400,$A21)>0,1,0)) | J21: =IF($A21="","",IF(COUNTIFS(Flows!$B$2:$B$400,"required",Flows!$L$2:$L$400,J$1,Flows!$D$2:$D$400,$A21)+COUNTIFS(Flows!$B$2:$B$400,"required",Flows!$L$2:$L$400,J$1,Flows!$E$2:$E$400,$A21)>0,1,0)) | K21: =IF($A21="","",IF(COUNTIFS(Flows!$B$2:$B$400,"required",Flows!$L$2:$L$400,K$1,Flows!$D$2:$D$400,$A21)+COUNTIFS(Flows!$B$2:$B$400,"required",Flows!$L$2:$L$400,K$1,Flows!$E$2:$E$400,$A21)>0,1,0)) | L21: =IF($A21="","",IFERROR(INDEX($H21:$K21,MATCH(GoalLens!$B$3,$H$1:$K$1,0)),0)) | M21: =IF($A21="","",IF(COUNTIFS(Flows!$B$2:$B$400,"required",Flows!$L$2:$L$400,GoalLens!$B$3,Flows!$T$2:$T$400,"<>covered",Flows!$D$2:$D$400,$A21)+COUNTIFS(Flows!$B$2:$B$400,"required",Flows!$L$2:$L$400,GoalLens!$B$3,Flows!$T$2:$T$400,"<>covered",Flows!$E$2:$E$400,$A21)>0,1,0)) | N21: =IF($L21=1,MAX($N$1:N20)+1,"")
H22: =IF($A22="","",IF(COUNTIFS(Flows!$B$2:$B$400,"required",Flows!$L$2:$L$400,H$1,Flows!$D$2:$D$400,$A22)+COUNTIFS(Flows!$B$2:$B$400,"required",Flows!$L$2:$L$400,H$1,Flows!$E$2:$E$400,$A22)>0,1,0)) | I22: =IF($A22="","",IF(COUNTIFS(Flows!$B$2:$B$400,"required",Flows!$L$2:$L$400,I$1,Flows!$D$2:$D$400,$A22)+COUNTIFS(Flows!$B$2:$B$400,"required",Flows!$L$2:$L$400,I$1,Flows!$E$2:$E$400,$A22)>0,1,0)) | J22: =IF($A22="","",IF(COUNTIFS(Flows!$B$2:$B$400,"required",Flows!$L$2:$L$400,J$1,Flows!$D$2:$D$400,$A22)+COUNTIFS(Flows!$B$2:$B$400,"required",Flows!$L$2:$L$400,J$1,Flows!$E$2:$E$400,$A22)>0,1,0)) | K22: =IF($A22="","",IF(COUNTIFS(Flows!$B$2:$B$400,"required",Flows!$L$2:$L$400,K$1,Flows!$D$2:$D$400,$A22)+COUNTIFS(Flows!$B$2:$B$400,"required",Flows!$L$2:$L$400,K$1,Flows!$E$2:$E$400,$A22)>0,1,0)) | L22: =IF($A22="","",IFERROR(INDEX($H22:$K22,MATCH(GoalLens!$B$3,$H$1:$K$1,0)),0)) | M22: =IF($A22="","",IF(COUNTIFS(Flows!$B$2:$B$400,"required",Flows!$L$2:$L$400,GoalLens!$B$3,Flows!$T$2:$T$400,"<>covered",Flows!$D$2:$D$400,$A22)+COUNTIFS(Flows!$B$2:$B$400,"required",Flows!$L$2:$L$400,GoalLens!$B$3,Flows!$T$2:$T$400,"<>covered",Flows!$E$2:$E$400,$A22)>0,1,0)) | N22: =IF($L22=1,MAX($N$1:N21)+1,"")
H23: =IF($A23="","",IF(COUNTIFS(Flows!$B$2:$B$400,"required",Flows!$L$2:$L$400,H$1,Flows!$D$2:$D$400,$A23)+COUNTIFS(Flows!$B$2:$B$400,"required",Flows!$L$2:$L$400,H$1,Flows!$E$2:$E$400,$A23)>0,1,0)) | I23: =IF($A23="","",IF(COUNTIFS(Flows!$B$2:$B$400,"required",Flows!$L$2:$L$400,I$1,Flows!$D$2:$D$400,$A23)+COUNTIFS(Flows!$B$2:$B$400,"required",Flows!$L$2:$L$400,I$1,Flows!$E$2:$E$400,$A23)>0,1,0)) | J23: =IF($A23="","",IF(COUNTIFS(Flows!$B$2:$B$400,"required",Flows!$L$2:$L$400,J$1,Flows!$D$2:$D$400,$A23)+COUNTIFS(Flows!$B$2:$B$400,"required",Flows!$L$2:$L$400,J$1,Flows!$E$2:$E$400,$A23)>0,1,0)) | K23: =IF($A23="","",IF(COUNTIFS(Flows!$B$2:$B$400,"required",Flows!$L$2:$L$400,K$1,Flows!$D$2:$D$400,$A23)+COUNTIFS(Flows!$B$2:$B$400,"required",Flows!$L$2:$L$400,K$1,Flows!$E$2:$E$400,$A23)>0,1,0)) | L23: =IF($A23="","",IFERROR(INDEX($H23:$K23,MATCH(GoalLens!$B$3,$H$1:$K$1,0)),0)) | M23: =IF($A23="","",IF(COUNTIFS(Flows!$B$2:$B$400,"required",Flows!$L$2:$L$400,GoalLens!$B$3,Flows!$T$2:$T$400,"<>covered",Flows!$D$2:$D$400,$A23)+COUNTIFS(Flows!$B$2:$B$400,"required",Flows!$L$2:$L$400,GoalLens!$B$3,Flows!$T$2:$T$400,"<>covered",Flows!$E$2:$E$400,$A23)>0,1,0)) | N23: =IF($L23=1,MAX($N$1:N22)+1,"")
H24: =IF($A24="","",IF(COUNTIFS(Flows!$B$2:$B$400,"required",Flows!$L$2:$L$400,H$1,Flows!$D$2:$D$400,$A24)+COUNTIFS(Flows!$B$2:$B$400,"required",Flows!$L$2:$L$400,H$1,Flows!$E$2:$E$400,$A24)>0,1,0)) | I24: =IF($A24="","",IF(COUNTIFS(Flows!$B$2:$B$400,"required",Flows!$L$2:$L$400,I$1,Flows!$D$2:$D$400,$A24)+COUNTIFS(Flows!$B$2:$B$400,"required",Flows!$L$2:$L$400,I$1,Flows!$E$2:$E$400,$A24)>0,1,0)) | J24: =IF($A24="","",IF(COUNTIFS(Flows!$B$2:$B$400,"required",Flows!$L$2:$L$400,J$1,Flows!$D$2:$D$400,$A24)+COUNTIFS(Flows!$B$2:$B$400,"required",Flows!$L$2:$L$400,J$1,Flows!$E$2:$E$400,$A24)>0,1,0)) | K24: =IF($A24="","",IF(COUNTIFS(Flows!$B$2:$B$400,"required",Flows!$L$2:$L$400,K$1,Flows!$D$2:$D$400,$A24)+COUNTIFS(Flows!$B$2:$B$400,"required",Flows!$L$2:$L$400,K$1,Flows!$E$2:$E$400,$A24)>0,1,0)) | L24: =IF($A24="","",IFERROR(INDEX($H24:$K24,MATCH(GoalLens!$B$3,$H$1:$K$1,0)),0)) | M24: =IF($A24="","",IF(COUNTIFS(Flows!$B$2:$B$400,"required",Flows!$L$2:$L$400,GoalLens!$B$3,Flows!$T$2:$T$400,"<>covered",Flows!$D$2:$D$400,$A24)+COUNTIFS(Flows!$B$2:$B$400,"required",Flows!$L$2:$L$400,GoalLens!$B$3,Flows!$T$2:$T$400,"<>covered",Flows!$E$2:$E$400,$A24)>0,1,0)) | N24: =IF($L24=1,MAX($N$1:N23)+1,"")
... H50: =IF($A50="","",IF(COUNTIFS(Flows!$B$2:$B$400,"required",Flows!$L$2:$L$400,H$1,Flows!$D$2:$D$400,$A50)+COUNTIFS(Flows!$B$2:$B$400,"required",Flows!$L$2:$L$400,H$1,Flows!$E$2:$E$400,$A50)>0,1,0)) | I50: =IF($A50="","",IF(COUNTIFS(Flows!$B$2:$B$400,"required",Flows!$L$2:$L$400,I$1,Flows!$D$2:$D$400,$A50)+COUNTIFS(Flows!$B$2:$B$400,"required",Flows!$L$2:$L$400,I$1,Flows!$E$2:$E$400,$A50)>0,1,0)) | J50: =IF($A50="","",IF(COUNTIFS(Flows!$B$2:$B$400,"required",Flows!$L$2:$L$400,J$1,Flows!$D$2:$D$400,$A50)+COUNTIFS(Flows!$B$2:$B$400,"required",Flows!$L$2:$L$400,J$1,Flows!$E$2:$E$400,$A50)>0,1,0)) | K50: =IF($A50="","",IF(COUNTIFS(Flows!$B$2:$B$400,"required",Flows!$L$2:$L$400,K$1,Flows!$D$2:$D$400,$A50)+COUNTIFS(Flows!$B$2:$B$400,"required",Flows!$L$2:$L$400,K$1,Flows!$E$2:$E$400,$A50)>0,1,0)) | L50: =IF($A50="","",IFERROR(INDEX($H50:$K50,MATCH(GoalLens!$B$3,$H$1:$K$1,0)),0)) | M50: =IF($A50="","",IF(COUNTIFS(Flows!$B$2:$B$400,"required",Flows!$L$2:$L$400,GoalLens!$B$3,Flows!$T$2:$T$400,"<>covered",Flows!$D$2:$D$400,$A50)+COUNTIFS(Flows!$B$2:$B$400,"required",Flows!$L$2:$L$400,GoalLens!$B$3,Flows!$T$2:$T$400,"<>covered",Flows!$E$2:$E$400,$A50)>0,1,0)) | N50: =IF($L50=1,MAX($N$1:N49)+1,"")

Sheet Channels
A1: channel_id | B1: name | C1: type | D1: synchrony | E1: persistence | F1: effective_cadence | G1: flows_for_picked_goal
A2: C1 | B2: Email | C2: email | D2: async | E2: searchable | F2: continuous | G2: =COUNTIFS(Carriers!$B$2:$B$400,"channel",Carriers!$C$2:$C$400,$A2,Carriers!$O$2:$O$400,GoalLens!$B$3,Carriers!$M$2:$M$400,1,Carriers!$N$2:$N$400,1) -> 0
A3: C2 | B3: Teams chat | C3: chat | D3: async | E3: ephemeral | F3: continuous | G3: =COUNTIFS(Carriers!$B$2:$B$400,"channel",Carriers!$C$2:$C$400,$A3,Carriers!$O$2:$O$400,GoalLens!$B$3,Carriers!$M$2:$M$400,1,Carriers!$N$2:$N$400,1) -> 0
A4: C3 | B4: QMS ticket system | C4: ticket | D4: async | E4: system_of_record | F4: continuous | G4: =COUNTIFS(Carriers!$B$2:$B$400,"channel",Carriers!$C$2:$C$400,$A4,Carriers!$O$2:$O$400,GoalLens!$B$3,Carriers!$M$2:$M$400,1,Carriers!$N$2:$N$400,1) -> 0
A5: C4 | B5: Quality dashboard | C5: dashboard | D5: async | E5: system_of_record | F5: daily | G5: =COUNTIFS(Carriers!$B$2:$B$400,"channel",Carriers!$C$2:$C$400,$A5,Carriers!$O$2:$O$400,GoalLens!$B$3,Carriers!$M$2:$M$400,1,Carriers!$N$2:$N$400,1) -> 1
A6: C5 | B6: Shared drive reports | C6: doc | D6: async | E6: searchable | F6: weekly | G6: =COUNTIFS(Carriers!$B$2:$B$400,"channel",Carriers!$C$2:$C$400,$A6,Carriers!$O$2:$O$400,GoalLens!$B$3,Carriers!$M$2:$M$400,1,Carriers!$N$2:$N$400,1) -> 0
A7: C6 | B7: Hallway / ad hoc | C7: in_person | D7: sync | E7: ephemeral | F7: ad_hoc | G7: =COUNTIFS(Carriers!$B$2:$B$400,"channel",Carriers!$C$2:$C$400,$A7,Carriers!$O$2:$O$400,GoalLens!$B$3,Carriers!$M$2:$M$400,1,Carriers!$N$2:$N$400,1) -> 0

Sheet Rituals
A1: ritual_id | B1: name | C1: owner_actor_id | D1: attendee_ids | E1: cadence | F1: duration_min | G1: inputs | H1: outputs | I1: goal_ids | J1: compliance_required | K1: written_purpose_evidence | L1: output_evidence | M1: CR1 | N1: CR2 | O1: CR3 | P1: CR4 | Q1: CR5 | R1: CR6 | S1: criteria_pct | T1: failed_criteria | U1: attendee_count | V1: per_week | W1: person_min_per_wk | X1: t1 | Y1: t2 | Z1: t3 | AA1: classification | AB1: members
A2: R1 | B2: Daily Production Standup | C2: A6 | D2: A6;A11;A5;A3 | E2: daily | F2: 15 | G2: line status board | H2: line status + escalations | I2: G1 | J2: false | K2: standup charter on wiki | L2: status board updated daily | M2: =TRUE() -> TRUE | N2: =TRUE() -> TRUE | O2: =FALSE() -> FALSE | P2: =TRUE() -> TRUE | Q2: =TRUE() -> TRUE | R2: =TRUE() -> TRUE | S2: =COUNTIF(M2:R2,TRUE())/6 -> 0.83333333 | T2: =TRIM(IF(M2=TRUE(),"","purpose ")&IF(N2=TRUE(),"","action-items ")&IF(O2=TRUE(),"","decision-log ")&IF(P2=TRUE(),"","goal-trace ")&IF(Q2=TRUE(),"","attendees ")&IF(R2=TRUE(),"","pre-read ")) -> decision-log | U2: =IF($D2="",0,LEN($D2)-LEN(SUBSTITUTE($D2,";",""))+1) -> 4 | V2: =IFERROR(INDEX(Lists!$C$2:$C$8,MATCH($E2,Lists!$A$2:$A$8,0)),0) -> 5 | W2: =ROUND(V2*$F2*U2,0) -> 300 | X2: =$K2<>"" -> TRUE | Y2: =AND($L2<>"",LEFT($L2,3)<>"no ") -> TRUE | Z2: =$I2<>"" -> TRUE | AA2: =IF(AND(X2,Y2,Z2),"VA",IF(AND(X2,Y2,NOT(Z2),$J2="true"),"necessary_NVA","NVA")) -> VA | AB2: =";"&$D2&";"&$C2&";" -> ;A6;A11;A5;A3;A6;
A3: R2 | B3: Weekly Supplier Quality Review | C3: A2 | D3: A2;A3;A1;A5 | E3: weekly | F3: 60 | G3: NCR log; inspection data | H3: NCR priorities + CAPA assignments | I3: G1;G2 | J3: false | K3: standing agenda doc | L3: decision log in QMS | M3: =TRUE() -> TRUE | N3: =TRUE() -> TRUE | O3: =TRUE() -> TRUE | P3: =TRUE() -> TRUE | Q3: =TRUE() -> TRUE | R3: =TRUE() -> TRUE | S3: =COUNTIF(M3:R3,TRUE())/6 -> 1 | T3: =TRIM(IF(M3=TRUE(),"","purpose ")&IF(N3=TRUE(),"","action-items ")&IF(O3=TRUE(),"","decision-log ")&IF(P3=TRUE(),"","goal-trace ")&IF(Q3=TRUE(),"","attendees ")&IF(R3=TRUE(),"","pre-read ")) | U3: =IF($D3="",0,LEN($D3)-LEN(SUBSTITUTE($D3,";",""))+1) -> 4 | V3: =IFERROR(INDEX(Lists!$C$2:$C$8,MATCH($E3,Lists!$A$2:$A$8,0)),0) -> 1 | W3: =ROUND(V3*$F3*U3,0) -> 240 | X3: =$K3<>"" -> TRUE | Y3: =AND($L3<>"",LEFT($L3,3)<>"no ") -> TRUE | Z3: =$I3<>"" -> TRUE | AA3: =IF(AND(X3,Y3,Z3),"VA",IF(AND(X3,Y3,NOT(Z3),$J3="true"),"necessary_NVA","NVA")) -> VA | AB3: =";"&$D3&";"&$C3&";" -> ;A2;A3;A1;A5;A2;
A4: R3 | B4: Monthly Supplier Business Review | C4: A4 | D4: A4;A1;A2;A9;A8 | E4: monthly | F4: 90 | G4: scorecard; open NCR summary | H4: commercial actions + scorecard review | I4: G1;G3 | J4: false | K4: SBR template deck | L4: minutes with action register | M4: =TRUE() -> TRUE | N4: =TRUE() -> TRUE | O4: =TRUE() -> TRUE | P4: =TRUE() -> TRUE | Q4: =FALSE() -> FALSE | R4: =TRUE() -> TRUE | S4: =COUNTIF(M4:R4,TRUE())/6 -> 0.83333333 | T4: =TRIM(IF(M4=TRUE(),"","purpose ")&IF(N4=TRUE(),"","action-items ")&IF(O4=TRUE(),"","decision-log ")&IF(P4=TRUE(),"","goal-trace ")&IF(Q4=TRUE(),"","attendees ")&IF(R4=TRUE(),"","pre-read ")) -> attendees | U4: =IF($D4="",0,LEN($D4)-LEN(SUBSTITUTE($D4,";",""))+1) -> 5 | V4: =IFERROR(INDEX(Lists!$C$2:$C$8,MATCH($E4,Lists!$A$2:$A$8,0)),0) -> 0.2308 | W4: =ROUND(V4*$F4*U4,0) -> 104 | X4: =$K4<>"" -> TRUE | Y4: =AND($L4<>"",LEFT($L4,3)<>"no ") -> TRUE | Z4: =$I4<>"" -> TRUE | AA4: =IF(AND(X4,Y4,Z4),"VA",IF(AND(X4,Y4,NOT(Z4),$J4="true"),"necessary_NVA","NVA")) -> VA | AB4: =";"&$D4&";"&$C4&";" -> ;A4;A1;A2;A9;A8;A4;
A5: R4 | B5: NCR Triage | C5: A3 | D5: A3;A5;A6 | E5: weekly | F5: 30 | G5: new NCRs | H5: triage dispositions | I5: G2 | J5: false | K5: triage SOP QP-014 | L5: dispositions logged in QMS | M5: =TRUE() -> TRUE | N5: =TRUE() -> TRUE | O5: =TRUE() -> TRUE | P5: =TRUE() -> TRUE | Q5: =TRUE() -> TRUE | R5: =TRUE() -> TRUE | S5: =COUNTIF(M5:R5,TRUE())/6 -> 1 | T5: =TRIM(IF(M5=TRUE(),"","purpose ")&IF(N5=TRUE(),"","action-items ")&IF(O5=TRUE(),"","decision-log ")&IF(P5=TRUE(),"","goal-trace ")&IF(Q5=TRUE(),"","attendees ")&IF(R5=TRUE(),"","pre-read ")) | U5: =IF($D5="",0,LEN($D5)-LEN(SUBSTITUTE($D5,";",""))+1) -> 3 | V5: =IFERROR(INDEX(Lists!$C$2:$C$8,MATCH($E5,Lists!$A$2:$A$8,0)),0) -> 1 | W5: =ROUND(V5*$F5*U5,0) -> 90 | X5: =$K5<>"" -> TRUE | Y5: =AND($L5<>"",LEFT($L5,3)<>"no ") -> TRUE | Z5: =$I5<>"" -> TRUE | AA5: =IF(AND(X5,Y5,Z5),"VA",IF(AND(X5,Y5,NOT(Z5),$J5="true"),"necessary_NVA","NVA")) -> VA | AB5: =";"&$D5&";"&$C5&";" -> ;A3;A5;A6;A3;
A6: R5 | B6: Legacy Metrics Review | C6: A10 | D6: A10;A3;A5;A6 | E6: monthly | F6: 60 | G6: ops metrics pack | H6: none recorded | J6: false | K6: 2019 charter (stale) | L6: no outputs in last 3 occurrences | M6: =TRUE() -> TRUE | N6: =FALSE() -> FALSE | O6: =FALSE() -> FALSE | P6: =FALSE() -> FALSE | Q6: =FALSE() -> FALSE | R6: =TRUE() -> TRUE | S6: =COUNTIF(M6:R6,TRUE())/6 -> 0.33333333 | T6: =TRIM(IF(M6=TRUE(),"","purpose ")&IF(N6=TRUE(),"","action-items ")&IF(O6=TRUE(),"","decision-log ")&IF(P6=TRUE(),"","goal-trace ")&IF(Q6=TRUE(),"","attendees ")&IF(R6=TRUE(),"","pre-read ")) -> action-items decision-log goal-trace attendees | U6: =IF($D6="",0,LEN($D6)-LEN(SUBSTITUTE($D6,";",""))+1) -> 4 | V6: =IFERROR(INDEX(Lists!$C$2:$C$8,MATCH($E6,Lists!$A$2:$A$8,0)),0) -> 0.2308 | W6: =ROUND(V6*$F6*U6,0) -> 55 | X6: =$K6<>"" -> TRUE | Y6: =AND($L6<>"",LEFT($L6,3)<>"no ") -> FALSE | Z6: =$I6<>"" -> FALSE | AA6: =IF(AND(X6,Y6,Z6),"VA",IF(AND(X6,Y6,NOT(Z6),$J6="true"),"necessary_NVA","NVA")) -> NVA | AB6: =";"&$D6&";"&$C6&";" -> ;A10;A3;A5;A6;A10;
A7: R6 | B7: Audit Readiness Checkpoint | C7: A10 | D7: A10;A1;A2 | E7: monthly | F7: 45 | G7: findings tracker | H7: readiness tracker updates | I7: G4 | J7: false | K7: audit program doc | L7: tracker updated each session | M7: =TRUE() -> TRUE | N7: =TRUE() -> TRUE | O7: =TRUE() -> TRUE | P7: =TRUE() -> TRUE | Q7: =FALSE() -> FALSE | R7: =TRUE() -> TRUE | S7: =COUNTIF(M7:R7,TRUE())/6 -> 0.83333333 | T7: =TRIM(IF(M7=TRUE(),"","purpose ")&IF(N7=TRUE(),"","action-items ")&IF(O7=TRUE(),"","decision-log ")&IF(P7=TRUE(),"","goal-trace ")&IF(Q7=TRUE(),"","attendees ")&IF(R7=TRUE(),"","pre-read ")) -> attendees | U7: =IF($D7="",0,LEN($D7)-LEN(SUBSTITUTE($D7,";",""))+1) -> 3 | V7: =IFERROR(INDEX(Lists!$C$2:$C$8,MATCH($E7,Lists!$A$2:$A$8,0)),0) -> 0.2308 | W7: =ROUND(V7*$F7*U7,0) -> 31 | X7: =$K7<>"" -> TRUE | Y7: =AND($L7<>"",LEFT($L7,3)<>"no ") -> TRUE | Z7: =$I7<>"" -> TRUE | AA7: =IF(AND(X7,Y7,Z7),"VA",IF(AND(X7,Y7,NOT(Z7),$J7="true"),"necessary_NVA","NVA")) -> VA | AB7: =";"&$D7&";"&$C7&";" -> ;A10;A1;A2;A10;
A8: R7 | B8: Engineering Change Board | C8: A7 | D8: A7;A6;A4 | E8: biweekly | F8: 45 | G8: pending ECNs | H8: ECN approvals | I8: G1 | J8: false | K8: ECB procedure EP-007 | L8: ECN log | M8: =TRUE() -> TRUE | N8: =TRUE() -> TRUE | O8: =TRUE() -> TRUE | P8: =TRUE() -> TRUE | Q8: =FALSE() -> FALSE | R8: =TRUE() -> TRUE | S8: =COUNTIF(M8:R8,TRUE())/6 -> 0.83333333 | T8: =TRIM(IF(M8=TRUE(),"","purpose ")&IF(N8=TRUE(),"","action-items ")&IF(O8=TRUE(),"","decision-log ")&IF(P8=TRUE(),"","goal-trace ")&IF(Q8=TRUE(),"","attendees ")&IF(R8=TRUE(),"","pre-read ")) -> attendees | U8: =IF($D8="",0,LEN($D8)-LEN(SUBSTITUTE($D8,";",""))+1) -> 3 | V8: =IFERROR(INDEX(Lists!$C$2:$C$8,MATCH($E8,Lists!$A$2:$A$8,0)),0) -> 0.5 | W8: =ROUND(V8*$F8*U8,0) -> 68 | X8: =$K8<>"" -> TRUE | Y8: =AND($L8<>"",LEFT($L8,3)<>"no ") -> TRUE | Z8: =$I8<>"" -> TRUE | AA8: =IF(AND(X8,Y8,Z8),"VA",IF(AND(X8,Y8,NOT(Z8),$J8="true"),"necessary_NVA","NVA")) -> VA | AB8: =";"&$D8&";"&$C8&";" -> ;A7;A6;A4;A7;
A9: R8 | B9: Timecard & Ops Compliance Review | C9: A10 | D9: A10;A6 | E9: monthly | F9: 30 | G9: timecard exceptions | H9: compliance sign-off | J9: true | K9: corporate policy HR-221 | L9: sign-off records | M9: =TRUE() -> TRUE | N9: =TRUE() -> TRUE | O9: =TRUE() -> TRUE | P9: =FALSE() -> FALSE | Q9: =FALSE() -> FALSE | R9: =TRUE() -> TRUE | S9: =COUNTIF(M9:R9,TRUE())/6 -> 0.66666667 | T9: =TRIM(IF(M9=TRUE(),"","purpose ")&IF(N9=TRUE(),"","action-items ")&IF(O9=TRUE(),"","decision-log ")&IF(P9=TRUE(),"","goal-trace ")&IF(Q9=TRUE(),"","attendees ")&IF(R9=TRUE(),"","pre-read ")) -> goal-trace attendees | U9: =IF($D9="",0,LEN($D9)-LEN(SUBSTITUTE($D9,";",""))+1) -> 2 | V9: =IFERROR(INDEX(Lists!$C$2:$C$8,MATCH($E9,Lists!$A$2:$A$8,0)),0) -> 0.2308 | W9: =ROUND(V9*$F9*U9,0) -> 14 | X9: =$K9<>"" -> TRUE | Y9: =AND($L9<>"",LEFT($L9,3)<>"no ") -> TRUE | Z9: =$I9<>"" -> FALSE | AA9: =IF(AND(X9,Y9,Z9),"VA",IF(AND(X9,Y9,NOT(Z9),$J9="true"),"necessary_NVA","NVA")) -> necessary_NVA | AB9: =";"&$D9&";"&$C9&";" -> ;A10;A6;A10;
A10: R9 | B10: Monthly Ops Status Meeting | C10: A8 | D10: A8;A6;A4;A1;A10 | E10: monthly | F10: 60 | G10: status deck | H10: status shared; no actions logged | I10: G1;G3 | J10: false | K10: standing deck template | L10: no action items or decisions in last 3 decks | M10: =TRUE() -> TRUE | N10: =FALSE() -> FALSE | O10: =FALSE() -> FALSE | P10: =FALSE() -> FALSE | Q10: =FALSE() -> FALSE | R10: =FALSE() -> FALSE | S10: =COUNTIF(M10:R10,TRUE())/6 -> 0.16666667 | T10: =TRIM(IF(M10=TRUE(),"","purpose ")&IF(N10=TRUE(),"","action-items ")&IF(O10=TRUE(),"","decision-log ")&IF(P10=TRUE(),"","goal-trace ")&IF(Q10=TRUE(),"","attendees ")&IF(R10=TRUE(),"","pre-read ")) -> action-items decision-log goal-trace attendees pre-read | U10: =IF($D10="",0,LEN($D10)-LEN(SUBSTITUTE($D10,";",""))+1) -> 5 | V10: =IFERROR(INDEX(Lists!$C$2:$C$8,MATCH($E10,Lists!$A$2:$A$8,0)),0) -> 0.2308 | W10: =ROUND(V10*$F10*U10,0) -> 69 | X10: =$K10<>"" -> TRUE | Y10: =AND($L10<>"",LEFT($L10,3)<>"no ") -> FALSE | Z10: =$I10<>"" -> TRUE | AA10: =IF(AND(X10,Y10,Z10),"VA",IF(AND(X10,Y10,NOT(Z10),$J10="true"),"necessary_NVA","NVA")) -> NVA | AB10: =";"&$D10&";"&$C10&";" -> ;A8;A6;A4;A1;A10;A8;

Sheet Criteria
A1: criterion_id | B1: name | C1: question | D1: evidence_expected
A2: CR1 | B2: written_purpose | C2: Does a written purpose / standing agenda exist? | D2: charter or agenda doc
A3: CR2 | B3: action_items | C3: Do action items leave the meeting with an owner and a date - and get logged? | D3: action log covering last 3 occurrences
A4: CR3 | B4: decision_log | C4: Are decisions recorded where a non-attendee can find them? | D4: minutes / QMS / tracker entries
A5: CR4 | B5: goal_traceable | C5: Do the outputs trace to a named goal in the model? | D5: output feeds a modeled flow or decision
A6: CR5 | B6: right_attendees | C6: Are the required stakeholders of its claimed goals in the room - without chronic spectators? | D6: attendee list vs goal stakeholder set
A7: CR6 | B7: inputs_precirculated | C7: Do inputs exist before the meeting (pre-read / dashboard) rather than live status retelling? | D7: pre-read or system of record referenced

Sheet Flows
A1: flow_id | B1: state | C1: topic_id | D1: from_actor | E1: to_actor | F1: criticality | G1: required_max_latency | H1: channel_class_required | I1: confidence | J1: evidence | K1: rationale | L1: goal | M1: matched | N1: producer_ok | O1: carrier_cnt | P1: best_rank | Q1: req_rank | R1: sync_ok | S1: pull_only | T1: status | U1: priority | V1: lens_rank | W1: from_group | X1: to_group | Y1: defect_rank | Z1: risk_rank
A2: FR01 | B2: required | C2: T1 | D2: A5 | E2: A2 | F2: 4 | G2: weekly | H2: any | K2: SQE lead needs source inspection data to spot supplier trends | L2: =IFERROR(INDEX(Topics!$C$2:$C$100,MATCH($C2,Topics!$A$2:$A$100,0)),"") -> G1 | M2: =IF($B2="required",COUNTIFS($B$2:$B$400,"actual",$C$2:$C$400,$C2,$E$2:$E$400,$E2,$I$2:$I$400,"<>disputed"),"") -> 1 | N2: =IF($B2="required",COUNTIFS($B$2:$B$400,"actual",$C$2:$C$400,$C2,$E$2:$E$400,$E2,$I$2:$I$400,"<>disputed",$D$2:$D$400,$D2)>0,"") -> TRUE | O2: =IF($B2="required",SUMIFS(Carriers!$M$2:$M$400,Carriers!$J$2:$J$400,$C2,Carriers!$K$2:$K$400,$E2),"") -> 2 | P2: =IF($B2<>"required","",IF($O2=0,99,_xlfn.MINIFS(Carriers!$G$2:$G$400,Carriers!$J$2:$J$400,$C2,Carriers!$K$2:$K$400,$E2,Carriers!$M$2:$M$400,1))) -> 1 | Q2: =IF($B2="required",INDEX(Lists!$B$2:$B$8,MATCH($G2,Lists!$A$2:$A$8,0)),"") -> 2 | R2: =IF($B2<>"required","",IF($H2<>"sync",TRUE(),COUNTIFS(Carriers!$J$2:$J$400,$C2,Carriers!$K$2:$K$400,$E2,Carriers!$H$2:$H$400,"sync",Carriers!$M$2:$M$400,1)>0)) -> TRUE | S2: =IF($B2<>"required","",IF($F2<5,FALSE(),IF($O2=0,FALSE(),COUNTIFS(Carriers!$J$2:$J$400,$C2,Carriers!$K$2:$K$400,$E2,Carriers!$M$2:$M$400,1,Carriers!$D$2:$D$400,"push")=0))) -> FALSE | T2: =IF($B2<>"required","",IF($M2=0,"missing",IF(NOT($N2),"wrong_producer",IF($P2>$Q2,"latency_gap",IF(OR(NOT($R2),$S2),"channel_mismatch","covered"))))) -> covered | U2: =IF($B2<>"required","",ROUND($F2*INDEX(Lists!$E$2:$E$6,MATCH($T2,Lists!$D$2:$D$6,0)),1)) -> 0 | V2: =IF(AND($B2="required",$L2=GoalLens!$B$3),MAX($V$1:V1)+1,"") -> 1 | W2: =IFERROR(INDEX(Stakeholders!$D$2:$D$50,MATCH($D2,Stakeholders!$A$2:$A$50,0)),"") -> Quality | X2: =IFERROR(INDEX(Stakeholders!$D$2:$D$50,MATCH($E2,Stakeholders!$A$2:$A$50,0)),"") -> Quality | Y2: =IF(OR($B2<>"required",$T2="covered",$T2=""),"",1+SUMPRODUCT(ISNUMBER($U$2:$U$400)*($T$2:$T$400<>"covered")*($T$2:$T$400<>"")*($U$2:$U$400>$U2))+COUNTIFS($U$2:U2,$U2,$T$2:T2,"<>covered",$T$2:T2,"<>",$B$2:B2,"required")-1) | Z2: =IF(AND($B2="required",$F2>=4,$T2<>"missing",$T2<>"",$M2=1,COUNTIFS(Carriers!$J$2:$J$400,$C2,Carriers!$K$2:$K$400,$E2,Carriers!$M$2:$M$400,1,Carriers!$P$2:$P$400,"system_of_record")=0),MAX($Z$1:Z1)+1,"")
A3: FR02 | B3: required | C3: T1 | D3: A5 | E3: A1 | F3: 3 | G3: monthly | H3: any | K3: QM needs inspection summary from the source for goal tracking | L3: =IFERROR(INDEX(Topics!$C$2:$C$100,MATCH($C3,Topics!$A$2:$A$100,0)),"") -> G1 | M3: =IF($B3="required",COUNTIFS($B$2:$B$400,"actual",$C$2:$C$400,$C3,$E$2:$E$400,$E3,$I$2:$I$400,"<>disputed"),"") -> 1 | N3: =IF($B3="required",COUNTIFS($B$2:$B$400,"actual",$C$2:$C$400,$C3,$E$2:$E$400,$E3,$I$2:$I$400,"<>disputed",$D$2:$D$400,$D3)>0,"") -> FALSE | O3: =IF($B3="required",SUMIFS(Carriers!$M$2:$M$400,Carriers!$J$2:$J$400,$C3,Carriers!$K$2:$K$400,$E3),"") -> 1 | P3: =IF($B3<>"required","",IF($O3=0,99,_xlfn.MINIFS(Carriers!$G$2:$G$400,Carriers!$J$2:$J$400,$C3,Carriers!$K$2:$K$400,$E3,Carriers!$M$2:$M$400,1))) -> 2 | Q3: =IF($B3="required",INDEX(Lists!$B$2:$B$8,MATCH($G3,Lists!$A$2:$A$8,0)),"") -> 4 | R3: =IF($B3<>"required","",IF($H3<>"sync",TRUE(),COUNTIFS(Carriers!$J$2:$J$400,$C3,Carriers!$K$2:$K$400,$E3,Carriers!$H$2:$H$400,"sync",Carriers!$M$2:$M$400,1)>0)) -> TRUE | S3: =IF($B3<>"required","",IF($F3<5,FALSE(),IF($O3=0,FALSE(),COUNTIFS(Carriers!$J$2:$J$400,$C3,Carriers!$K$2:$K$400,$E3,Carriers!$M$2:$M$400,1,Carriers!$D$2:$D$400,"push")=0))) -> FALSE | T3: =IF($B3<>"required","",IF($M3=0,"missing",IF(NOT($N3),"wrong_producer",IF($P3>$Q3,"latency_gap",IF(OR(NOT($R3),$S3),"channel_mismatch","covered"))))) -> wrong_producer | U3: =IF($B3<>"required","",ROUND($F3*INDEX(Lists!$E$2:$E$6,MATCH($T3,Lists!$D$2:$D$6,0)),1)) -> 6 | V3: =IF(AND($B3="required",$L3=GoalLens!$B$3),MAX($V$1:V2)+1,"") -> 2 | W3: =IFERROR(INDEX(Stakeholders!$D$2:$D$50,MATCH($D3,Stakeholders!$A$2:$A$50,0)),"") -> Quality | X3: =IFERROR(INDEX(Stakeholders!$D$2:$D$50,MATCH($E3,Stakeholders!$A$2:$A$50,0)),"") -> Quality | Y3: =IF(OR($B3<>"required",$T3="covered",$T3=""),"",1+SUMPRODUCT(ISNUMBER($U$2:$U$400)*($T$2:$T$400<>"covered")*($T$2:$T$400<>"")*($U$2:$U$400>$U3))+COUNTIFS($U$2:U3,$U3,$T$2:T3,"<>covered",$T$2:T3,"<>",$B$2:B3,"required")-1) -> 5 | Z3: =IF(AND($B3="required",$F3>=4,$T3<>"missing",$T3<>"",$M3=1,COUNTIFS(Carriers!$J$2:$J$400,$C3,Carriers!$K$2:$K$400,$E3,Carriers!$M$2:$M$400,1,Carriers!$P$2:$P$400,"system_of_record")=0),MAX($Z$1:Z2)+1,"")
A4: FR03 | B4: required | C4: T9 | D4: A6 | E4: A3 | F4: 3 | G4: weekly | H4: any | K4: SQE needs line fallout data to attribute defects to suppliers | L4: =IFERROR(INDEX(Topics!$C$2:$C$100,MATCH($C4,Topics!$A$2:$A$100,0)),"") -> G1 | M4: =IF($B4="required",COUNTIFS($B$2:$B$400,"actual",$C$2:$C$400,$C4,$E$2:$E$400,$E4,$I$2:$I$400,"<>disputed"),"") -> 1 | N4: =IF($B4="required",COUNTIFS($B$2:$B$400,"actual",$C$2:$C$400,$C4,$E$2:$E$400,$E4,$I$2:$I$400,"<>disputed",$D$2:$D$400,$D4)>0,"") -> TRUE | O4: =IF($B4="required",SUMIFS(Carriers!$M$2:$M$400,Carriers!$J$2:$J$400,$C4,Carriers!$K$2:$K$400,$E4),"") -> 1 | P4: =IF($B4<>"required","",IF($O4=0,99,_xlfn.MINIFS(Carriers!$G$2:$G$400,Carriers!$J$2:$J$400,$C4,Carriers!$K$2:$K$400,$E4,Carriers!$M$2:$M$400,1))) -> 1 | Q4: =IF($B4="required",INDEX(Lists!$B$2:$B$8,MATCH($G4,Lists!$A$2:$A$8,0)),"") -> 2 | R4: =IF($B4<>"required","",IF($H4<>"sync",TRUE(),COUNTIFS(Carriers!$J$2:$J$400,$C4,Carriers!$K$2:$K$400,$E4,Carriers!$H$2:$H$400,"sync",Carriers!$M$2:$M$400,1)>0)) -> TRUE | S4: =IF($B4<>"required","",IF($F4<5,FALSE(),IF($O4=0,FALSE(),COUNTIFS(Carriers!$J$2:$J$400,$C4,Carriers!$K$2:$K$400,$E4,Carriers!$M$2:$M$400,1,Carriers!$D$2:$D$400,"push")=0))) -> FALSE | T4: =IF($B4<>"required","",IF($M4=0,"missing",IF(NOT($N4),"wrong_producer",IF($P4>$Q4,"latency_gap",IF(OR(NOT($R4),$S4),"channel_mismatch","covered"))))) -> covered | U4: =IF($B4<>"required","",ROUND($F4*INDEX(Lists!$E$2:$E$6,MATCH($T4,Lists!$D$2:$D$6,0)),1)) -> 0 | V4: =IF(AND($B4="required",$L4=GoalLens!$B$3),MAX($V$1:V3)+1,"") -> 3 | W4: =IFERROR(INDEX(Stakeholders!$D$2:$D$50,MATCH($D4,Stakeholders!$A$2:$A$50,0)),"") -> Operations | X4: =IFERROR(INDEX(Stakeholders!$D$2:$D$50,MATCH($E4,Stakeholders!$A$2:$A$50,0)),"") -> Quality | Y4: =IF(OR($B4<>"required",$T4="covered",$T4=""),"",1+SUMPRODUCT(ISNUMBER($U$2:$U$400)*($T$2:$T$400<>"covered")*($T$2:$T$400<>"")*($U$2:$U$400>$U4))+COUNTIFS($U$2:U4,$U4,$T$2:T4,"<>covered",$T$2:T4,"<>",$B$2:B4,"required")-1) | Z4: =IF(AND($B4="required",$F4>=4,$T4<>"missing",$T4<>"",$M4=1,COUNTIFS(Carriers!$J$2:$J$400,$C4,Carriers!$K$2:$K$400,$E4,Carriers!$M$2:$M$400,1,Carriers!$P$2:$P$400,"system_of_record")=0),MAX($Z$1:Z3)+1,"")
A5: FR04 | B5: required | C5: T4 | D5: A7 | E5: A2 | F5: 5 | G5: weekly | H5: async | K5: Supplier parts must match current spec; late ECN notice causes mass NCRs | L5: =IFERROR(INDEX(Topics!$C$2:$C$100,MATCH($C5,Topics!$A$2:$A$100,0)),"") -> G1 | M5: =IF($B5="required",COUNTIFS($B$2:$B$400,"actual",$C$2:$C$400,$C5,$E$2:$E$400,$E5,$I$2:$I$400,"<>disputed"),"") -> 0 | N5: =IF($B5="required",COUNTIFS($B$2:$B$400,"actual",$C$2:$C$400,$C5,$E$2:$E$400,$E5,$I$2:$I$400,"<>disputed",$D$2:$D$400,$D5)>0,"") -> FALSE | O5: =IF($B5="required",SUMIFS(Carriers!$M$2:$M$400,Carriers!$J$2:$J$400,$C5,Carriers!$K$2:$K$400,$E5),"") -> 0 | P5: =IF($B5<>"required","",IF($O5=0,99,_xlfn.MINIFS(Carriers!$G$2:$G$400,Carriers!$J$2:$J$400,$C5,Carriers!$K$2:$K$400,$E5,Carriers!$M$2:$M$400,1))) -> 99 | Q5: =IF($B5="required",INDEX(Lists!$B$2:$B$8,MATCH($G5,Lists!$A$2:$A$8,0)),"") -> 2 | R5: =IF($B5<>"required","",IF($H5<>"sync",TRUE(),COUNTIFS(Carriers!$J$2:$J$400,$C5,Carriers!$K$2:$K$400,$E5,Carriers!$H$2:$H$400,"sync",Carriers!$M$2:$M$400,1)>0)) -> TRUE | S5: =IF($B5<>"required","",IF($F5<5,FALSE(),IF($O5=0,FALSE(),COUNTIFS(Carriers!$J$2:$J$400,$C5,Carriers!$K$2:$K$400,$E5,Carriers!$M$2:$M$400,1,Carriers!$D$2:$D$400,"push")=0))) -> FALSE | T5: =IF($B5<>"required","",IF($M5=0,"missing",IF(NOT($N5),"wrong_producer",IF($P5>$Q5,"latency_gap",IF(OR(NOT($R5),$S5),"channel_mismatch","covered"))))) -> missing | U5: =IF($B5<>"required","",ROUND($F5*INDEX(Lists!$E$2:$E$6,MATCH($T5,Lists!$D$2:$D$6,0)),1)) -> 15 | V5: =IF(AND($B5="required",$L5=GoalLens!$B$3),MAX($V$1:V4)+1,"") -> 4 | W5: =IFERROR(INDEX(Stakeholders!$D$2:$D$50,MATCH($D5,Stakeholders!$A$2:$A$50,0)),"") -> Engineering | X5: =IFERROR(INDEX(Stakeholders!$D$2:$D$50,MATCH($E5,Stakeholders!$A$2:$A$50,0)),"") -> Quality | Y5: =IF(OR($B5<>"required",$T5="covered",$T5=""),"",1+SUMPRODUCT(ISNUMBER($U$2:$U$400)*($T$2:$T$400<>"covered")*($T$2:$T$400<>"")*($U$2:$U$400>$U5))+COUNTIFS($U$2:U5,$U5,$T$2:T5,"<>covered",$T$2:T5,"<>",$B$2:B5,"required")-1) -> 1 | Z5: =IF(AND($B5="required",$F5>=4,$T5<>"missing",$T5<>"",$M5=1,COUNTIFS(Carriers!$J$2:$J$400,$C5,Carriers!$K$2:$K$400,$E5,Carriers!$M$2:$M$400,1,Carriers!$P$2:$P$400,"system_of_record")=0),MAX($Z$1:Z4)+1,"")
A6: FR05 | B6: required | C6: T5 | D6: A2 | E6: A4 | F6: 3 | G6: monthly | H6: any | K6: Procurement needs scorecard for commercial leverage | L6: =IFERROR(INDEX(Topics!$C$2:$C$100,MATCH($C6,Topics!$A$2:$A$100,0)),"") -> G1 | M6: =IF($B6="required",COUNTIFS($B$2:$B$400,"actual",$C$2:$C$400,$C6,$E$2:$E$400,$E6,$I$2:$I$400,"<>disputed"),"") -> 1 | N6: =IF($B6="required",COUNTIFS($B$2:$B$400,"actual",$C$2:$C$400,$C6,$E$2:$E$400,$E6,$I$2:$I$400,"<>disputed",$D$2:$D$400,$D6)>0,"") -> TRUE | O6: =IF($B6="required",SUMIFS(Carriers!$M$2:$M$400,Carriers!$J$2:$J$400,$C6,Carriers!$K$2:$K$400,$E6),"") -> 1 | P6: =IF($B6<>"required","",IF($O6=0,99,_xlfn.MINIFS(Carriers!$G$2:$G$400,Carriers!$J$2:$J$400,$C6,Carriers!$K$2:$K$400,$E6,Carriers!$M$2:$M$400,1))) -> 4 | Q6: =IF($B6="required",INDEX(Lists!$B$2:$B$8,MATCH($G6,Lists!$A$2:$A$8,0)),"") -> 4 | R6: =IF($B6<>"required","",IF($H6<>"sync",TRUE(),COUNTIFS(Carriers!$J$2:$J$400,$C6,Carriers!$K$2:$K$400,$E6,Carriers!$H$2:$H$400,"sync",Carriers!$M$2:$M$400,1)>0)) -> TRUE | S6: =IF($B6<>"required","",IF($F6<5,FALSE(),IF($O6=0,FALSE(),COUNTIFS(Carriers!$J$2:$J$400,$C6,Carriers!$K$2:$K$400,$E6,Carriers!$M$2:$M$400,1,Carriers!$D$2:$D$400,"push")=0))) -> FALSE | T6: =IF($B6<>"required","",IF($M6=0,"missing",IF(NOT($N6),"wrong_producer",IF($P6>$Q6,"latency_gap",IF(OR(NOT($R6),$S6),"channel_mismatch","covered"))))) -> covered | U6: =IF($B6<>"required","",ROUND($F6*INDEX(Lists!$E$2:$E$6,MATCH($T6,Lists!$D$2:$D$6,0)),1)) -> 0 | V6: =IF(AND($B6="required",$L6=GoalLens!$B$3),MAX($V$1:V5)+1,"") -> 5 | W6: =IFERROR(INDEX(Stakeholders!$D$2:$D$50,MATCH($D6,Stakeholders!$A$2:$A$50,0)),"") -> Quality | X6: =IFERROR(INDEX(Stakeholders!$D$2:$D$50,MATCH($E6,Stakeholders!$A$2:$A$50,0)),"") -> Supply Chain | Y6: =IF(OR($B6<>"required",$T6="covered",$T6=""),"",1+SUMPRODUCT(ISNUMBER($U$2:$U$400)*($T$2:$T$400<>"covered")*($T$2:$T$400<>"")*($U$2:$U$400>$U6))+COUNTIFS($U$2:U6,$U6,$T$2:T6,"<>covered",$T$2:T6,"<>",$B$2:B6,"required")-1) | Z6: =IF(AND($B6="required",$F6>=4,$T6<>"missing",$T6<>"",$M6=1,COUNTIFS(Carriers!$J$2:$J$400,$C6,Carriers!$K$2:$K$400,$E6,Carriers!$M$2:$M$400,1,Carriers!$P$2:$P$400,"system_of_record")=0),MAX($Z$1:Z5)+1,"")
A7: FR06 | B7: required | C7: T5 | D7: A2 | E7: A9 | F7: 4 | G7: monthly | H7: any | K7: Supplier cannot improve against a scorecard they never see | L7: =IFERROR(INDEX(Topics!$C$2:$C$100,MATCH($C7,Topics!$A$2:$A$100,0)),"") -> G1 | M7: =IF($B7="required",COUNTIFS($B$2:$B$400,"actual",$C$2:$C$400,$C7,$E$2:$E$400,$E7,$I$2:$I$400,"<>disputed"),"") -> 1 | N7: =IF($B7="required",COUNTIFS($B$2:$B$400,"actual",$C$2:$C$400,$C7,$E$2:$E$400,$E7,$I$2:$I$400,"<>disputed",$D$2:$D$400,$D7)>0,"") -> TRUE | O7: =IF($B7="required",SUMIFS(Carriers!$M$2:$M$400,Carriers!$J$2:$J$400,$C7,Carriers!$K$2:$K$400,$E7),"") -> 1 | P7: =IF($B7<>"required","",IF($O7=0,99,_xlfn.MINIFS(Carriers!$G$2:$G$400,Carriers!$J$2:$J$400,$C7,Carriers!$K$2:$K$400,$E7,Carriers!$M$2:$M$400,1))) -> 4 | Q7: =IF($B7="required",INDEX(Lists!$B$2:$B$8,MATCH($G7,Lists!$A$2:$A$8,0)),"") -> 4 | R7: =IF($B7<>"required","",IF($H7<>"sync",TRUE(),COUNTIFS(Carriers!$J$2:$J$400,$C7,Carriers!$K$2:$K$400,$E7,Carriers!$H$2:$H$400,"sync",Carriers!$M$2:$M$400,1)>0)) -> TRUE | S7: =IF($B7<>"required","",IF($F7<5,FALSE(),IF($O7=0,FALSE(),COUNTIFS(Carriers!$J$2:$J$400,$C7,Carriers!$K$2:$K$400,$E7,Carriers!$M$2:$M$400,1,Carriers!$D$2:$D$400,"push")=0))) -> FALSE | T7: =IF($B7<>"required","",IF($M7=0,"missing",IF(NOT($N7),"wrong_producer",IF($P7>$Q7,"latency_gap",IF(OR(NOT($R7),$S7),"channel_mismatch","covered"))))) -> covered | U7: =IF($B7<>"required","",ROUND($F7*INDEX(Lists!$E$2:$E$6,MATCH($T7,Lists!$D$2:$D$6,0)),1)) -> 0 | V7: =IF(AND($B7="required",$L7=GoalLens!$B$3),MAX($V$1:V6)+1,"") -> 6 | W7: =IFERROR(INDEX(Stakeholders!$D$2:$D$50,MATCH($D7,Stakeholders!$A$2:$A$50,0)),"") -> Quality | X7: =IFERROR(INDEX(Stakeholders!$D$2:$D$50,MATCH($E7,Stakeholders!$A$2:$A$50,0)),"") -> External | Y7: =IF(OR($B7<>"required",$T7="covered",$T7=""),"",1+SUMPRODUCT(ISNUMBER($U$2:$U$400)*($T$2:$T$400<>"covered")*($T$2:$T$400<>"")*($U$2:$U$400>$U7))+COUNTIFS($U$2:U7,$U7,$T$2:T7,"<>covered",$T$2:T7,"<>",$B$2:B7,"required")-1) | Z7: =IF(AND($B7="required",$F7>=4,$T7<>"missing",$T7<>"",$M7=1,COUNTIFS(Carriers!$J$2:$J$400,$C7,Carriers!$K$2:$K$400,$E7,Carriers!$M$2:$M$400,1,Carriers!$P$2:$P$400,"system_of_record")=0),MAX($Z$1:Z6)+1,"") -> 1
A8: FR07 | B8: required | C8: T2 | D8: A3 | E8: A2 | F8: 4 | G8: weekly | H8: any | K8: SQE lead needs NCR aging to steer CAPA priorities | L8: =IFERROR(INDEX(Topics!$C$2:$C$100,MATCH($C8,Topics!$A$2:$A$100,0)),"") -> G2 | M8: =IF($B8="required",COUNTIFS($B$2:$B$400,"actual",$C$2:$C$400,$C8,$E$2:$E$400,$E8,$I$2:$I$400,"<>disputed"),"") -> 1 | N8: =IF($B8="required",COUNTIFS($B$2:$B$400,"actual",$C$2:$C$400,$C8,$E$2:$E$400,$E8,$I$2:$I$400,"<>disputed",$D$2:$D$400,$D8)>0,"") -> TRUE | O8: =IF($B8="required",SUMIFS(Carriers!$M$2:$M$400,Carriers!$J$2:$J$400,$C8,Carriers!$K$2:$K$400,$E8),"") -> 3 | P8: =IF($B8<>"required","",IF($O8=0,99,_xlfn.MINIFS(Carriers!$G$2:$G$400,Carriers!$J$2:$J$400,$C8,Carriers!$K$2:$K$400,$E8,Carriers!$M$2:$M$400,1))) -> 0 | Q8: =IF($B8="required",INDEX(Lists!$B$2:$B$8,MATCH($G8,Lists!$A$2:$A$8,0)),"") -> 2 | R8: =IF($B8<>"required","",IF($H8<>"sync",TRUE(),COUNTIFS(Carriers!$J$2:$J$400,$C8,Carriers!$K$2:$K$400,$E8,Carriers!$H$2:$H$400,"sync",Carriers!$M$2:$M$400,1)>0)) -> TRUE | S8: =IF($B8<>"required","",IF($F8<5,FALSE(),IF($O8=0,FALSE(),COUNTIFS(Carriers!$J$2:$J$400,$C8,Carriers!$K$2:$K$400,$E8,Carriers!$M$2:$M$400,1,Carriers!$D$2:$D$400,"push")=0))) -> FALSE | T8: =IF($B8<>"required","",IF($M8=0,"missing",IF(NOT($N8),"wrong_producer",IF($P8>$Q8,"latency_gap",IF(OR(NOT($R8),$S8),"channel_mismatch","covered"))))) -> covered | U8: =IF($B8<>"required","",ROUND($F8*INDEX(Lists!$E$2:$E$6,MATCH($T8,Lists!$D$2:$D$6,0)),1)) -> 0 | V8: =IF(AND($B8="required",$L8=GoalLens!$B$3),MAX($V$1:V7)+1,"") | W8: =IFERROR(INDEX(Stakeholders!$D$2:$D$50,MATCH($D8,Stakeholders!$A$2:$A$50,0)),"") -> Quality | X8: =IFERROR(INDEX(Stakeholders!$D$2:$D$50,MATCH($E8,Stakeholders!$A$2:$A$50,0)),"") -> Quality | Y8: =IF(OR($B8<>"required",$T8="covered",$T8=""),"",1+SUMPRODUCT(ISNUMBER($U$2:$U$400)*($T$2:$T$400<>"covered")*($T$2:$T$400<>"")*($U$2:$U$400>$U8))+COUNTIFS($U$2:U8,$U8,$T$2:T8,"<>covered",$T$2:T8,"<>",$B$2:B8,"required")-1) | Z8: =IF(AND($B8="required",$F8>=4,$T8<>"missing",$T8<>"",$M8=1,COUNTIFS(Carriers!$J$2:$J$400,$C8,Carriers!$K$2:$K$400,$E8,Carriers!$M$2:$M$400,1,Carriers!$P$2:$P$400,"system_of_record")=0),MAX($Z$1:Z7)+1,"") -> 2
A9: FR08 | B9: required | C9: T2 | D9: A3 | E9: A4 | F9: 3 | G9: weekly | H9: any | K9: Procurement needs weekly NCR aging to pressure suppliers in-cycle | L9: =IFERROR(INDEX(Topics!$C$2:$C$100,MATCH($C9,Topics!$A$2:$A$100,0)),"") -> G2 | M9: =IF($B9="required",COUNTIFS($B$2:$B$400,"actual",$C$2:$C$400,$C9,$E$2:$E$400,$E9,$I$2:$I$400,"<>disputed"),"") -> 1 | N9: =IF($B9="required",COUNTIFS($B$2:$B$400,"actual",$C$2:$C$400,$C9,$E$2:$E$400,$E9,$I$2:$I$400,"<>disputed",$D$2:$D$400,$D9)>0,"") -> TRUE | O9: =IF($B9="required",SUMIFS(Carriers!$M$2:$M$400,Carriers!$J$2:$J$400,$C9,Carriers!$K$2:$K$400,$E9),"") -> 1 | P9: =IF($B9<>"required","",IF($O9=0,99,_xlfn.MINIFS(Carriers!$G$2:$G$400,Carriers!$J$2:$J$400,$C9,Carriers!$K$2:$K$400,$E9,Carriers!$M$2:$M$400,1))) -> 4 | Q9: =IF($B9="required",INDEX(Lists!$B$2:$B$8,MATCH($G9,Lists!$A$2:$A$8,0)),"") -> 2 | R9: =IF($B9<>"required","",IF($H9<>"sync",TRUE(),COUNTIFS(Carriers!$J$2:$J$400,$C9,Carriers!$K$2:$K$400,$E9,Carriers!$H$2:$H$400,"sync",Carriers!$M$2:$M$400,1)>0)) -> TRUE | S9: =IF($B9<>"required","",IF($F9<5,FALSE(),IF($O9=0,FALSE(),COUNTIFS(Carriers!$J$2:$J$400,$C9,Carriers!$K$2:$K$400,$E9,Carriers!$M$2:$M$400,1,Carriers!$D$2:$D$400,"push")=0))) -> FALSE | T9: =IF($B9<>"required","",IF($M9=0,"missing",IF(NOT($N9),"wrong_producer",IF($P9>$Q9,"latency_gap",IF(OR(NOT($R9),$S9),"channel_mismatch","covered"))))) -> latency_gap | U9: =IF($B9<>"required","",ROUND($F9*INDEX(Lists!$E$2:$E$6,MATCH($T9,Lists!$D$2:$D$6,0)),1)) -> 6 | V9: =IF(AND($B9="required",$L9=GoalLens!$B$3),MAX($V$1:V8)+1,"") | W9: =IFERROR(INDEX(Stakeholders!$D$2:$D$50,MATCH($D9,Stakeholders!$A$2:$A$50,0)),"") -> Quality | X9: =IFERROR(INDEX(Stakeholders!$D$2:$D$50,MATCH($E9,Stakeholders!$A$2:$A$50,0)),"") -> Supply Chain | Y9: =IF(OR($B9<>"required",$T9="covered",$T9=""),"",1+SUMPRODUCT(ISNUMBER($U$2:$U$400)*($T$2:$T$400<>"covered")*($T$2:$T$400<>"")*($U$2:$U$400>$U9))+COUNTIFS($U$2:U9,$U9,$T$2:T9,"<>covered",$T$2:T9,"<>",$B$2:B9,"required")-1) -> 6 | Z9: =IF(AND($B9="required",$F9>=4,$T9<>"missing",$T9<>"",$M9=1,COUNTIFS(Carriers!$J$2:$J$400,$C9,Carriers!$K$2:$K$400,$E9,Carriers!$M$2:$M$400,1,Carriers!$P$2:$P$400,"system_of_record")=0),MAX($Z$1:Z8)+1,"")
A10: FR09 | B10: required | C10: T3 | D10: A9 | E10: A2 | F10: 4 | G10: weekly | H10: any | K10: CAPA progress at supplier gates NCR closure | L10: =IFERROR(INDEX(Topics!$C$2:$C$100,MATCH($C10,Topics!$A$2:$A$100,0)),"") -> G2 | M10: =IF($B10="required",COUNTIFS($B$2:$B$400,"actual",$C$2:$C$400,$C10,$E$2:$E$400,$E10,$I$2:$I$400,"<>disputed"),"") -> 1 | N10: =IF($B10="required",COUNTIFS($B$2:$B$400,"actual",$C$2:$C$400,$C10,$E$2:$E$400,$E10,$I$2:$I$400,"<>disputed",$D$2:$D$400,$D10)>0,"") -> TRUE | O10: =IF($B10="required",SUMIFS(Carriers!$M$2:$M$400,Carriers!$J$2:$J$400,$C10,Carriers!$K$2:$K$400,$E10),"") -> 1 | P10: =IF($B10<>"required","",IF($O10=0,99,_xlfn.MINIFS(Carriers!$G$2:$G$400,Carriers!$J$2:$J$400,$C10,Carriers!$K$2:$K$400,$E10,Carriers!$M$2:$M$400,1))) -> 0 | Q10: =IF($B10="required",INDEX(Lists!$B$2:$B$8,MATCH($G10,Lists!$A$2:$A$8,0)),"") -> 2 | R10: =IF($B10<>"required","",IF($H10<>"sync",TRUE(),COUNTIFS(Carriers!$J$2:$J$400,$C10,Carriers!$K$2:$K$400,$E10,Carriers!$H$2:$H$400,"sync",Carriers!$M$2:$M$400,1)>0)) -> TRUE | S10: =IF($B10<>"required","",IF($F10<5,FALSE(),IF($O10=0,FALSE(),COUNTIFS(Carriers!$J$2:$J$400,$C10,Carriers!$K$2:$K$400,$E10,Carriers!$M$2:$M$400,1,Carriers!$D$2:$D$400,"push")=0))) -> FALSE | T10: =IF($B10<>"required","",IF($M10=0,"missing",IF(NOT($N10),"wrong_producer",IF($P10>$Q10,"latency_gap",IF(OR(NOT($R10),$S10),"channel_mismatch","covered"))))) -> covered | U10: =IF($B10<>"required","",ROUND($F10*INDEX(Lists!$E$2:$E$6,MATCH($T10,Lists!$D$2:$D$6,0)),1)) -> 0 | V10: =IF(AND($B10="required",$L10=GoalLens!$B$3),MAX($V$1:V9)+1,"") | W10: =IFERROR(INDEX(Stakeholders!$D$2:$D$50,MATCH($D10,Stakeholders!$A$2:$A$50,0)),"") -> External | X10: =IFERROR(INDEX(Stakeholders!$D$2:$D$50,MATCH($E10,Stakeholders!$A$2:$A$50,0)),"") -> Quality | Y10: =IF(OR($B10<>"required",$T10="covered",$T10=""),"",1+SUMPRODUCT(ISNUMBER($U$2:$U$400)*($T$2:$T$400<>"covered")*($T$2:$T$400<>"")*($U$2:$U$400>$U10))+COUNTIFS($U$2:U10,$U10,$T$2:T10,"<>covered",$T$2:T10,"<>",$B$2:B10,"required")-1) | Z10: =IF(AND($B10="required",$F10>=4,$T10<>"missing",$T10<>"",$M10=1,COUNTIFS(Carriers!$J$2:$J$400,$C10,Carriers!$K$2:$K$400,$E10,Carriers!$M$2:$M$400,1,Carriers!$P$2:$P$400,"system_of_record")=0),MAX($Z$1:Z9)+1,"") -> 3
A11: FR10 | B11: required | C11: T8 | D11: A2 | E11: A6 | F11: 5 | G11: daily | H11: sync | K11: Containment must reach the line same-day during incidents | L11: =IFERROR(INDEX(Topics!$C$2:$C$100,MATCH($C11,Topics!$A$2:$A$100,0)),"") -> G2 | M11: =IF($B11="required",COUNTIFS($B$2:$B$400,"actual",$C$2:$C$400,$C11,$E$2:$E$400,$E11,$I$2:$I$400,"<>disputed"),"") -> 1 | N11: =IF($B11="required",COUNTIFS($B$2:$B$400,"actual",$C$2:$C$400,$C11,$E$2:$E$400,$E11,$I$2:$I$400,"<>disputed",$D$2:$D$400,$D11)>0,"") -> TRUE | O11: =IF($B11="required",SUMIFS(Carriers!$M$2:$M$400,Carriers!$J$2:$J$400,$C11,Carriers!$K$2:$K$400,$E11),"") -> 1 | P11: =IF($B11<>"required","",IF($O11=0,99,_xlfn.MINIFS(Carriers!$G$2:$G$400,Carriers!$J$2:$J$400,$C11,Carriers!$K$2:$K$400,$E11,Carriers!$M$2:$M$400,1))) -> 2 | Q11: =IF($B11="required",INDEX(Lists!$B$2:$B$8,MATCH($G11,Lists!$A$2:$A$8,0)),"") -> 1 | R11: =IF($B11<>"required","",IF($H11<>"sync",TRUE(),COUNTIFS(Carriers!$J$2:$J$400,$C11,Carriers!$K$2:$K$400,$E11,Carriers!$H$2:$H$400,"sync",Carriers!$M$2:$M$400,1)>0)) -> TRUE | S11: =IF($B11<>"required","",IF($F11<5,FALSE(),IF($O11=0,FALSE(),COUNTIFS(Carriers!$J$2:$J$400,$C11,Carriers!$K$2:$K$400,$E11,Carriers!$M$2:$M$400,1,Carriers!$D$2:$D$400,"push")=0))) -> FALSE | T11: =IF($B11<>"required","",IF($M11=0,"missing",IF(NOT($N11),"wrong_producer",IF($P11>$Q11,"latency_gap",IF(OR(NOT($R11),$S11),"channel_mismatch","covered"))))) -> latency_gap | U11: =IF($B11<>"required","",ROUND($F11*INDEX(Lists!$E$2:$E$6,MATCH($T11,Lists!$D$2:$D$6,0)),1)) -> 10 | V11: =IF(AND($B11="required",$L11=GoalLens!$B$3),MAX($V$1:V10)+1,"") | W11: =IFERROR(INDEX(Stakeholders!$D$2:$D$50,MATCH($D11,Stakeholders!$A$2:$A$50,0)),"") -> Quality | X11: =IFERROR(INDEX(Stakeholders!$D$2:$D$50,MATCH($E11,Stakeholders!$A$2:$A$50,0)),"") -> Operations | Y11: =IF(OR($B11<>"required",$T11="covered",$T11=""),"",1+SUMPRODUCT(ISNUMBER($U$2:$U$400)*($T$2:$T$400<>"covered")*($T$2:$T$400<>"")*($U$2:$U$400>$U11))+COUNTIFS($U$2:U11,$U11,$T$2:T11,"<>covered",$T$2:T11,"<>",$B$2:B11,"required")-1) -> 2 | Z11: =IF(AND($B11="required",$F11>=4,$T11<>"missing",$T11<>"",$M11=1,COUNTIFS(Carriers!$J$2:$J$400,$C11,Carriers!$K$2:$K$400,$E11,Carriers!$M$2:$M$400,1,Carriers!$P$2:$P$400,"system_of_record")=0),MAX($Z$1:Z10)+1,"") -> 4
A12: FR11 | B12: required | C12: T8 | D12: A2 | E12: A5 | F12: 5 | G12: daily | H12: sync | K12: Containment must reach incoming inspection same-day during incidents | L12: =IFERROR(INDEX(Topics!$C$2:$C$100,MATCH($C12,Topics!$A$2:$A$100,0)),"") -> G2 | M12: =IF($B12="required",COUNTIFS($B$2:$B$400,"actual",$C$2:$C$400,$C12,$E$2:$E$400,$E12,$I$2:$I$400,"<>disputed"),"") -> 1 | N12: =IF($B12="required",COUNTIFS($B$2:$B$400,"actual",$C$2:$C$400,$C12,$E$2:$E$400,$E12,$I$2:$I$400,"<>disputed",$D$2:$D$400,$D12)>0,"") -> TRUE | O12: =IF($B12="required",SUMIFS(Carriers!$M$2:$M$400,Carriers!$J$2:$J$400,$C12,Carriers!$K$2:$K$400,$E12),"") -> 1 | P12: =IF($B12<>"required","",IF($O12=0,99,_xlfn.MINIFS(Carriers!$G$2:$G$400,Carriers!$J$2:$J$400,$C12,Carriers!$K$2:$K$400,$E12,Carriers!$M$2:$M$400,1))) -> 0 | Q12: =IF($B12="required",INDEX(Lists!$B$2:$B$8,MATCH($G12,Lists!$A$2:$A$8,0)),"") -> 1 | R12: =IF($B12<>"required","",IF($H12<>"sync",TRUE(),COUNTIFS(Carriers!$J$2:$J$400,$C12,Carriers!$K$2:$K$400,$E12,Carriers!$H$2:$H$400,"sync",Carriers!$M$2:$M$400,1)>0)) -> FALSE | S12: =IF($B12<>"required","",IF($F12<5,FALSE(),IF($O12=0,FALSE(),COUNTIFS(Carriers!$J$2:$J$400,$C12,Carriers!$K$2:$K$400,$E12,Carriers!$M$2:$M$400,1,Carriers!$D$2:$D$400,"push")=0))) -> FALSE | T12: =IF($B12<>"required","",IF($M12=0,"missing",IF(NOT($N12),"wrong_producer",IF($P12>$Q12,"latency_gap",IF(OR(NOT($R12),$S12),"channel_mismatch","covered"))))) -> channel_mismatch | U12: =IF($B12<>"required","",ROUND($F12*INDEX(Lists!$E$2:$E$6,MATCH($T12,Lists!$D$2:$D$6,0)),1)) -> 7.5 | V12: =IF(AND($B12="required",$L12=GoalLens!$B$3),MAX($V$1:V11)+1,"") | W12: =IFERROR(INDEX(Stakeholders!$D$2:$D$50,MATCH($D12,Stakeholders!$A$2:$A$50,0)),"") -> Quality | X12: =IFERROR(INDEX(Stakeholders!$D$2:$D$50,MATCH($E12,Stakeholders!$A$2:$A$50,0)),"") -> Quality | Y12: =IF(OR($B12<>"required",$T12="covered",$T12=""),"",1+SUMPRODUCT(ISNUMBER($U$2:$U$400)*($T$2:$T$400<>"covered")*($T$2:$T$400<>"")*($U$2:$U$400>$U12))+COUNTIFS($U$2:U12,$U12,$T$2:T12,"<>covered",$T$2:T12,"<>",$B$2:B12,"required")-1) -> 4 | Z12: =IF(AND($B12="required",$F12>=4,$T12<>"missing",$T12<>"",$M12=1,COUNTIFS(Carriers!$J$2:$J$400,$C12,Carriers!$K$2:$K$400,$E12,Carriers!$M$2:$M$400,1,Carriers!$P$2:$P$400,"system_of_record")=0),MAX($Z$1:Z11)+1,"") -> 5
A13: FR12 | B13: required | C13: T6 | D13: A3 | E13: A4 | F13: 3 | G13: biweekly | H13: any | K13: Procurement steers qualification commercials on engineering progress | L13: =IFERROR(INDEX(Topics!$C$2:$C$100,MATCH($C13,Topics!$A$2:$A$100,0)),"") -> G3 | M13: =IF($B13="required",COUNTIFS($B$2:$B$400,"actual",$C$2:$C$400,$C13,$E$2:$E$400,$E13,$I$2:$I$400,"<>disputed"),"") -> 1 | N13: =IF($B13="required",COUNTIFS($B$2:$B$400,"actual",$C$2:$C$400,$C13,$E$2:$E$400,$E13,$I$2:$I$400,"<>disputed",$D$2:$D$400,$D13)>0,"") -> TRUE | O13: =IF($B13="required",SUMIFS(Carriers!$M$2:$M$400,Carriers!$J$2:$J$400,$C13,Carriers!$K$2:$K$400,$E13),"") -> 1 | P13: =IF($B13<>"required","",IF($O13=0,99,_xlfn.MINIFS(Carriers!$G$2:$G$400,Carriers!$J$2:$J$400,$C13,Carriers!$K$2:$K$400,$E13,Carriers!$M$2:$M$400,1))) -> 0 | Q13: =IF($B13="required",INDEX(Lists!$B$2:$B$8,MATCH($G13,Lists!$A$2:$A$8,0)),"") -> 3 | R13: =IF($B13<>"required","",IF($H13<>"sync",TRUE(),COUNTIFS(Carriers!$J$2:$J$400,$C13,Carriers!$K$2:$K$400,$E13,Carriers!$H$2:$H$400,"sync",Carriers!$M$2:$M$400,1)>0)) -> TRUE | S13: =IF($B13<>"required","",IF($F13<5,FALSE(),IF($O13=0,FALSE(),COUNTIFS(Carriers!$J$2:$J$400,$C13,Carriers!$K$2:$K$400,$E13,Carriers!$M$2:$M$400,1,Carriers!$D$2:$D$400,"push")=0))) -> FALSE | T13: =IF($B13<>"required","",IF($M13=0,"missing",IF(NOT($N13),"wrong_producer",IF($P13>$Q13,"latency_gap",IF(OR(NOT($R13),$S13),"channel_mismatch","covered"))))) -> covered | U13: =IF($B13<>"required","",ROUND($F13*INDEX(Lists!$E$2:$E$6,MATCH($T13,Lists!$D$2:$D$6,0)),1)) -> 0 | V13: =IF(AND($B13="required",$L13=GoalLens!$B$3),MAX($V$1:V12)+1,"") | W13: =IFERROR(INDEX(Stakeholders!$D$2:$D$50,MATCH($D13,Stakeholders!$A$2:$A$50,0)),"") -> Quality | X13: =IFERROR(INDEX(Stakeholders!$D$2:$D$50,MATCH($E13,Stakeholders!$A$2:$A$50,0)),"") -> Supply Chain | Y13: =IF(OR($B13<>"required",$T13="covered",$T13=""),"",1+SUMPRODUCT(ISNUMBER($U$2:$U$400)*($T$2:$T$400<>"covered")*($T$2:$T$400<>"")*($U$2:$U$400>$U13))+COUNTIFS($U$2:U13,$U13,$T$2:T13,"<>covered",$T$2:T13,"<>",$B$2:B13,"required")-1) | Z13: =IF(AND($B13="required",$F13>=4,$T13<>"missing",$T13<>"",$M13=1,COUNTIFS(Carriers!$J$2:$J$400,$C13,Carriers!$K$2:$K$400,$E13,Carriers!$M$2:$M$400,1,Carriers!$P$2:$P$400,"system_of_record")=0),MAX($Z$1:Z12)+1,"")
... A16: FR15 | B16: required | C16: T7 | D16: A10 | E16: A6 | F16: 3 | G16: monthly | H16: any | K16: Ops owns physical corrective items; needs findings that touch the floor | L16: =IFERROR(INDEX(Topics!$C$2:$C$100,MATCH($C16,Topics!$A$2:$A$100,0)),"") -> G4 | M16: =IF($B16="required",COUNTIFS($B$2:$B$400,"actual",$C$2:$C$400,$C16,$E$2:$E$400,$E16,$I$2:$I$400,"<>disputed"),"") -> 0 | N16: =IF($B16="required",COUNTIFS($B$2:$B$400,"actual",$C$2:$C$400,$C16,$E$2:$E$400,$E16,$I$2:$I$400,"<>disputed",$D$2:$D$400,$D16)>0,"") -> FALSE | O16: =IF($B16="required",SUMIFS(Carriers!$M$2:$M$400,Carriers!$J$2:$J$400,$C16,Carriers!$K$2:$K$400,$E16),"") -> 0 | P16: =IF($B16<>"required","",IF($O16=0,99,_xlfn.MINIFS(Carriers!$G$2:$G$400,Carriers!$J$2:$J$400,$C16,Carriers!$K$2:$K$400,$E16,Carriers!$M$2:$M$400,1))) -> 99 | Q16: =IF($B16="required",INDEX(Lists!$B$2:$B$8,MATCH($G16,Lists!$A$2:$A$8,0)),"") -> 4 | R16: =IF($B16<>"required","",IF($H16<>"sync",TRUE(),COUNTIFS(Carriers!$J$2:$J$400,$C16,Carriers!$K$2:$K$400,$E16,Carriers!$H$2:$H$400,"sync",Carriers!$M$2:$M$400,1)>0)) -> TRUE | S16: =IF($B16<>"required","",IF($F16<5,FALSE(),IF($O16=0,FALSE(),COUNTIFS(Carriers!$J$2:$J$400,$C16,Carriers!$K$2:$K$400,$E16,Carriers!$M$2:$M$400,1,Carriers!$D$2:$D$400,"push")=0))) -> FALSE | T16: =IF($B16<>"required","",IF($M16=0,"missing",IF(NOT($N16),"wrong_producer",IF($P16>$Q16,"latency_gap",IF(OR(NOT($R16),$S16),"channel_mismatch","covered"))))) -> missing | U16: =IF($B16<>"required","",ROUND($F16*INDEX(Lists!$E$2:$E$6,MATCH($T16,Lists!$D$2:$D$6,0)),1)) -> 9 | V16: =IF(AND($B16="required",$L16=GoalLens!$B$3),MAX($V$1:V15)+1,"") | W16: =IFERROR(INDEX(Stakeholders!$D$2:$D$50,MATCH($D16,Stakeholders!$A$2:$A$50,0)),"") -> Quality | X16: =IFERROR(INDEX(Stakeholders!$D$2:$D$50,MATCH($E16,Stakeholders!$A$2:$A$50,0)),"") -> Operations | Y16: =IF(OR($B16<>"required",$T16="covered",$T16=""),"",1+SUMPRODUCT(ISNUMBER($U$2:$U$400)*($T$2:$T$400<>"covered")*($T$2:$T$400<>"")*($U$2:$U$400>$U16))+COUNTIFS($U$2:U16,$U16,$T$2:T16,"<>covered",$T$2:T16,"<>",$B$2:B16,"required")-1) -> 3 | Z16: =IF(AND($B16="required",$F16>=4,$T16<>"missing",$T16<>"",$M16=1,COUNTIFS(Carriers!$J$2:$J$400,$C16,Carriers!$K$2:$K$400,$E16,Carriers!$M$2:$M$400,1,Carriers!$P$2:$P$400,"system_of_record")=0),MAX($Z$1:Z15)+1,"")
A17: FA01 | B17: actual | C17: T1 | D17: A5 | E17: A2 | F17: 4 | I17: confirmed | J17: R2 agenda item 2 + dashboard | L17: =IFERROR(INDEX(Topics!$C$2:$C$100,MATCH($C17,Topics!$A$2:$A$100,0)),"") -> G1 | M17: =IF($B17="required",COUNTIFS($B$2:$B$400,"actual",$C$2:$C$400,$C17,$E$2:$E$400,$E17,$I$2:$I$400,"<>disputed"),"") | N17: =IF($B17="required",COUNTIFS($B$2:$B$400,"actual",$C$2:$C$400,$C17,$E$2:$E$400,$E17,$I$2:$I$400,"<>disputed",$D$2:$D$400,$D17)>0,"") | O17: =IF($B17="required",SUMIFS(Carriers!$M$2:$M$400,Carriers!$J$2:$J$400,$C17,Carriers!$K$2:$K$400,$E17),"") | P17: =IF($B17<>"required","",IF($O17=0,99,_xlfn.MINIFS(Carriers!$G$2:$G$400,Carriers!$J$2:$J$400,$C17,Carriers!$K$2:$K$400,$E17,Carriers!$M$2:$M$400,1))) | Q17: =IF($B17="required",INDEX(Lists!$B$2:$B$8,MATCH($G17,Lists!$A$2:$A$8,0)),"") | R17: =IF($B17<>"required","",IF($H17<>"sync",TRUE(),COUNTIFS(Carriers!$J$2:$J$400,$C17,Carriers!$K$2:$K$400,$E17,Carriers!$H$2:$H$400,"sync",Carriers!$M$2:$M$400,1)>0)) | S17: =IF($B17<>"required","",IF($F17<5,FALSE(),IF($O17=0,FALSE(),COUNTIFS(Carriers!$J$2:$J$400,$C17,Carriers!$K$2:$K$400,$E17,Carriers!$M$2:$M$400,1,Carriers!$D$2:$D$400,"push")=0))) | T17: =IF($B17<>"required","",IF($M17=0,"missing",IF(NOT($N17),"wrong_producer",IF($P17>$Q17,"latency_gap",IF(OR(NOT($R17),$S17),"channel_mismatch","covered"))))) | U17: =IF($B17<>"required","",ROUND($F17*INDEX(Lists!$E$2:$E$6,MATCH($T17,Lists!$D$2:$D$6,0)),1)) | V17: =IF(AND($B17="required",$L17=GoalLens!$B$3),MAX($V$1:V16)+1,"") | W17: =IFERROR(INDEX(Stakeholders!$D$2:$D$50,MATCH($D17,Stakeholders!$A$2:$A$50,0)),"") -> Quality | X17: =IFERROR(INDEX(Stakeholders!$D$2:$D$50,MATCH($E17,Stakeholders!$A$2:$A$50,0)),"") -> Quality | Y17: =IF(OR($B17<>"required",$T17="covered",$T17=""),"",1+SUMPRODUCT(ISNUMBER($U$2:$U$400)*($T$2:$T$400<>"covered")*($T$2:$T$400<>"")*($U$2:$U$400>$U17))+COUNTIFS($U$2:U17,$U17,$T$2:T17,"<>covered",$T$2:T17,"<>",$B$2:B17,"required")-1) | Z17: =IF(AND($B17="required",$F17>=4,$T17<>"missing",$T17<>"",$M17=1,COUNTIFS(Carriers!$J$2:$J$400,$C17,Carriers!$K$2:$K$400,$E17,Carriers!$M$2:$M$400,1,Carriers!$P$2:$P$400,"system_of_record")=0),MAX($Z$1:Z16)+1,"")
A18: FA02 | B18: actual | C18: T1 | D18: A2 | E18: A1 | F18: 3 | I18: confirmed | J18: relayed verbally in R2 | L18: =IFERROR(INDEX(Topics!$C$2:$C$100,MATCH($C18,Topics!$A$2:$A$100,0)),"") -> G1 | M18: =IF($B18="required",COUNTIFS($B$2:$B$400,"actual",$C$2:$C$400,$C18,$E$2:$E$400,$E18,$I$2:$I$400,"<>disputed"),"") | N18: =IF($B18="required",COUNTIFS($B$2:$B$400,"actual",$C$2:$C$400,$C18,$E$2:$E$400,$E18,$I$2:$I$400,"<>disputed",$D$2:$D$400,$D18)>0,"") | O18: =IF($B18="required",SUMIFS(Carriers!$M$2:$M$400,Carriers!$J$2:$J$400,$C18,Carriers!$K$2:$K$400,$E18),"") | P18: =IF($B18<>"required","",IF($O18=0,99,_xlfn.MINIFS(Carriers!$G$2:$G$400,Carriers!$J$2:$J$400,$C18,Carriers!$K$2:$K$400,$E18,Carriers!$M$2:$M$400,1))) | Q18: =IF($B18="required",INDEX(Lists!$B$2:$B$8,MATCH($G18,Lists!$A$2:$A$8,0)),"") | R18: =IF($B18<>"required","",IF($H18<>"sync",TRUE(),COUNTIFS(Carriers!$J$2:$J$400,$C18,Carriers!$K$2:$K$400,$E18,Carriers!$H$2:$H$400,"sync",Carriers!$M$2:$M$400,1)>0)) | S18: =IF($B18<>"required","",IF($F18<5,FALSE(),IF($O18=0,FALSE(),COUNTIFS(Carriers!$J$2:$J$400,$C18,Carriers!$K$2:$K$400,$E18,Carriers!$M$2:$M$400,1,Carriers!$D$2:$D$400,"push")=0))) | T18: =IF($B18<>"required","",IF($M18=0,"missing",IF(NOT($N18),"wrong_producer",IF($P18>$Q18,"latency_gap",IF(OR(NOT($R18),$S18),"channel_mismatch","covered"))))) | U18: =IF($B18<>"required","",ROUND($F18*INDEX(Lists!$E$2:$E$6,MATCH($T18,Lists!$D$2:$D$6,0)),1)) | V18: =IF(AND($B18="required",$L18=GoalLens!$B$3),MAX($V$1:V17)+1,"") | W18: =IFERROR(INDEX(Stakeholders!$D$2:$D$50,MATCH($D18,Stakeholders!$A$2:$A$50,0)),"") -> Quality | X18: =IFERROR(INDEX(Stakeholders!$D$2:$D$50,MATCH($E18,Stakeholders!$A$2:$A$50,0)),"") -> Quality | Y18: =IF(OR($B18<>"required",$T18="covered",$T18=""),"",1+SUMPRODUCT(ISNUMBER($U$2:$U$400)*($T$2:$T$400<>"covered")*($T$2:$T$400<>"")*($U$2:$U$400>$U18))+COUNTIFS($U$2:U18,$U18,$T$2:T18,"<>covered",$T$2:T18,"<>",$B$2:B18,"required")-1) | Z18: =IF(AND($B18="required",$F18>=4,$T18<>"missing",$T18<>"",$M18=1,COUNTIFS(Carriers!$J$2:$J$400,$C18,Carriers!$K$2:$K$400,$E18,Carriers!$M$2:$M$400,1,Carriers!$P$2:$P$400,"system_of_record")=0),MAX($Z$1:Z17)+1,"")
A19: FA03 | B19: actual | C19: T9 | D19: A6 | E19: A3 | F19: 3 | I19: confirmed | J19: standup board photo | L19: =IFERROR(INDEX(Topics!$C$2:$C$100,MATCH($C19,Topics!$A$2:$A$100,0)),"") -> G1 | M19: =IF($B19="required",COUNTIFS($B$2:$B$400,"actual",$C$2:$C$400,$C19,$E$2:$E$400,$E19,$I$2:$I$400,"<>disputed"),"") | N19: =IF($B19="required",COUNTIFS($B$2:$B$400,"actual",$C$2:$C$400,$C19,$E$2:$E$400,$E19,$I$2:$I$400,"<>disputed",$D$2:$D$400,$D19)>0,"") | O19: =IF($B19="required",SUMIFS(Carriers!$M$2:$M$400,Carriers!$J$2:$J$400,$C19,Carriers!$K$2:$K$400,$E19),"") | P19: =IF($B19<>"required","",IF($O19=0,99,_xlfn.MINIFS(Carriers!$G$2:$G$400,Carriers!$J$2:$J$400,$C19,Carriers!$K$2:$K$400,$E19,Carriers!$M$2:$M$400,1))) | Q19: =IF($B19="required",INDEX(Lists!$B$2:$B$8,MATCH($G19,Lists!$A$2:$A$8,0)),"") | R19: =IF($B19<>"required","",IF($H19<>"sync",TRUE(),COUNTIFS(Carriers!$J$2:$J$400,$C19,Carriers!$K$2:$K$400,$E19,Carriers!$H$2:$H$400,"sync",Carriers!$M$2:$M$400,1)>0)) | S19: =IF($B19<>"required","",IF($F19<5,FALSE(),IF($O19=0,FALSE(),COUNTIFS(Carriers!$J$2:$J$400,$C19,Carriers!$K$2:$K$400,$E19,Carriers!$M$2:$M$400,1,Carriers!$D$2:$D$400,"push")=0))) | T19: =IF($B19<>"required","",IF($M19=0,"missing",IF(NOT($N19),"wrong_producer",IF($P19>$Q19,"latency_gap",IF(OR(NOT($R19),$S19),"channel_mismatch","covered"))))) | U19: =IF($B19<>"required","",ROUND($F19*INDEX(Lists!$E$2:$E$6,MATCH($T19,Lists!$D$2:$D$6,0)),1)) | V19: =IF(AND($B19="required",$L19=GoalLens!$B$3),MAX($V$1:V18)+1,"") | W19: =IFERROR(INDEX(Stakeholders!$D$2:$D$50,MATCH($D19,Stakeholders!$A$2:$A$50,0)),"") -> Operations | X19: =IFERROR(INDEX(Stakeholders!$D$2:$D$50,MATCH($E19,Stakeholders!$A$2:$A$50,0)),"") -> Quality | Y19: =IF(OR($B19<>"required",$T19="covered",$T19=""),"",1+SUMPRODUCT(ISNUMBER($U$2:$U$400)*($T$2:$T$400<>"covered")*($T$2:$T$400<>"")*($U$2:$U$400>$U19))+COUNTIFS($U$2:U19,$U19,$T$2:T19,"<>covered",$T$2:T19,"<>",$B$2:B19,"required")-1) | Z19: =IF(AND($B19="required",$F19>=4,$T19<>"missing",$T19<>"",$M19=1,COUNTIFS(Carriers!$J$2:$J$400,$C19,Carriers!$K$2:$K$400,$E19,Carriers!$M$2:$M$400,1,Carriers!$P$2:$P$400,"system_of_record")=0),MAX($Z$1:Z18)+1,"")
A20: FA04 | B20: actual | C20: T5 | D20: A2 | E20: A4 | F20: 3 | I20: confirmed | J20: SBR deck section 1 | L20: =IFERROR(INDEX(Topics!$C$2:$C$100,MATCH($C20,Topics!$A$2:$A$100,0)),"") -> G1 | M20: =IF($B20="required",COUNTIFS($B$2:$B$400,"actual",$C$2:$C$400,$C20,$E$2:$E$400,$E20,$I$2:$I$400,"<>disputed"),"") | N20: =IF($B20="required",COUNTIFS($B$2:$B$400,"actual",$C$2:$C$400,$C20,$E$2:$E$400,$E20,$I$2:$I$400,"<>disputed",$D$2:$D$400,$D20)>0,"") | O20: =IF($B20="required",SUMIFS(Carriers!$M$2:$M$400,Carriers!$J$2:$J$400,$C20,Carriers!$K$2:$K$400,$E20),"") | P20: =IF($B20<>"required","",IF($O20=0,99,_xlfn.MINIFS(Carriers!$G$2:$G$400,Carriers!$J$2:$J$400,$C20,Carriers!$K$2:$K$400,$E20,Carriers!$M$2:$M$400,1))) | Q20: =IF($B20="required",INDEX(Lists!$B$2:$B$8,MATCH($G20,Lists!$A$2:$A$8,0)),"") | R20: =IF($B20<>"required","",IF($H20<>"sync",TRUE(),COUNTIFS(Carriers!$J$2:$J$400,$C20,Carriers!$K$2:$K$400,$E20,Carriers!$H$2:$H$400,"sync",Carriers!$M$2:$M$400,1)>0)) | S20: =IF($B20<>"required","",IF($F20<5,FALSE(),IF($O20=0,FALSE(),COUNTIFS(Carriers!$J$2:$J$400,$C20,Carriers!$K$2:$K$400,$E20,Carriers!$M$2:$M$400,1,Carriers!$D$2:$D$400,"push")=0))) | T20: =IF($B20<>"required","",IF($M20=0,"missing",IF(NOT($N20),"wrong_producer",IF($P20>$Q20,"latency_gap",IF(OR(NOT($R20),$S20),"channel_mismatch","covered"))))) | U20: =IF($B20<>"required","",ROUND($F20*INDEX(Lists!$E$2:$E$6,MATCH($T20,Lists!$D$2:$D$6,0)),1)) | V20: =IF(AND($B20="required",$L20=GoalLens!$B$3),MAX($V$1:V19)+1,"") | W20: =IFERROR(INDEX(Stakeholders!$D$2:$D$50,MATCH($D20,Stakeholders!$A$2:$A$50,0)),"") -> Quality | X20: =IFERROR(INDEX(Stakeholders!$D$2:$D$50,MATCH($E20,Stakeholders!$A$2:$A$50,0)),"") -> Supply Chain | Y20: =IF(OR($B20<>"required",$T20="covered",$T20=""),"",1+SUMPRODUCT(ISNUMBER($U$2:$U$400)*($T$2:$T$400<>"covered")*($T$2:$T$400<>"")*($U$2:$U$400>$U20))+COUNTIFS($U$2:U20,$U20,$T$2:T20,"<>covered",$T$2:T20,"<>",$B$2:B20,"required")-1) | Z20: =IF(AND($B20="required",$F20>=4,$T20<>"missing",$T20<>"",$M20=1,COUNTIFS(Carriers!$J$2:$J$400,$C20,Carriers!$K$2:$K$400,$E20,Carriers!$M$2:$M$400,1,Carriers!$P$2:$P$400,"system_of_record")=0),MAX($Z$1:Z19)+1,"")
A21: FA05 | B21: actual | C21: T5 | D21: A2 | E21: A9 | F21: 4 | I21: confirmed | J21: SBR deck section 1 | L21: =IFERROR(INDEX(Topics!$C$2:$C$100,MATCH($C21,Topics!$A$2:$A$100,0)),"") -> G1 | M21: =IF($B21="required",COUNTIFS($B$2:$B$400,"actual",$C$2:$C$400,$C21,$E$2:$E$400,$E21,$I$2:$I$400,"<>disputed"),"") | N21: =IF($B21="required",COUNTIFS($B$2:$B$400,"actual",$C$2:$C$400,$C21,$E$2:$E$400,$E21,$I$2:$I$400,"<>disputed",$D$2:$D$400,$D21)>0,"") | O21: =IF($B21="required",SUMIFS(Carriers!$M$2:$M$400,Carriers!$J$2:$J$400,$C21,Carriers!$K$2:$K$400,$E21),"") | P21: =IF($B21<>"required","",IF($O21=0,99,_xlfn.MINIFS(Carriers!$G$2:$G$400,Carriers!$J$2:$J$400,$C21,Carriers!$K$2:$K$400,$E21,Carriers!$M$2:$M$400,1))) | Q21: =IF($B21="required",INDEX(Lists!$B$2:$B$8,MATCH($G21,Lists!$A$2:$A$8,0)),"") | R21: =IF($B21<>"required","",IF($H21<>"sync",TRUE(),COUNTIFS(Carriers!$J$2:$J$400,$C21,Carriers!$K$2:$K$400,$E21,Carriers!$H$2:$H$400,"sync",Carriers!$M$2:$M$400,1)>0)) | S21: =IF($B21<>"required","",IF($F21<5,FALSE(),IF($O21=0,FALSE(),COUNTIFS(Carriers!$J$2:$J$400,$C21,Carriers!$K$2:$K$400,$E21,Carriers!$M$2:$M$400,1,Carriers!$D$2:$D$400,"push")=0))) | T21: =IF($B21<>"required","",IF($M21=0,"missing",IF(NOT($N21),"wrong_producer",IF($P21>$Q21,"latency_gap",IF(OR(NOT($R21),$S21),"channel_mismatch","covered"))))) | U21: =IF($B21<>"required","",ROUND($F21*INDEX(Lists!$E$2:$E$6,MATCH($T21,Lists!$D$2:$D$6,0)),1)) | V21: =IF(AND($B21="required",$L21=GoalLens!$B$3),MAX($V$1:V20)+1,"") | W21: =IFERROR(INDEX(Stakeholders!$D$2:$D$50,MATCH($D21,Stakeholders!$A$2:$A$50,0)),"") -> Quality | X21: =IFERROR(INDEX(Stakeholders!$D$2:$D$50,MATCH($E21,Stakeholders!$A$2:$A$50,0)),"") -> External | Y21: =IF(OR($B21<>"required",$T21="covered",$T21=""),"",1+SUMPRODUCT(ISNUMBER($U$2:$U$400)*($T$2:$T$400<>"covered")*($T$2:$T$400<>"")*($U$2:$U$400>$U21))+COUNTIFS($U$2:U21,$U21,$T$2:T21,"<>covered",$T$2:T21,"<>",$B$2:B21,"required")-1) | Z21: =IF(AND($B21="required",$F21>=4,$T21<>"missing",$T21<>"",$M21=1,COUNTIFS(Carriers!$J$2:$J$400,$C21,Carriers!$K$2:$K$400,$E21,Carriers!$M$2:$M$400,1,Carriers!$P$2:$P$400,"system_of_record")=0),MAX($Z$1:Z20)+1,"")
A22: FA06 | B22: actual | C22: T2 | D22: A3 | E22: A2 | F22: 4 | I22: confirmed | J22: R2 + R4 agendas + weekly email digest | L22: =IFERROR(INDEX(Topics!$C$2:$C$100,MATCH($C22,Topics!$A$2:$A$100,0)),"") -> G2 | M22: =IF($B22="required",COUNTIFS($B$2:$B$400,"actual",$C$2:$C$400,$C22,$E$2:$E$400,$E22,$I$2:$I$400,"<>disputed"),"") | N22: =IF($B22="required",COUNTIFS($B$2:$B$400,"actual",$C$2:$C$400,$C22,$E$2:$E$400,$E22,$I$2:$I$400,"<>disputed",$D$2:$D$400,$D22)>0,"") | O22: =IF($B22="required",SUMIFS(Carriers!$M$2:$M$400,Carriers!$J$2:$J$400,$C22,Carriers!$K$2:$K$400,$E22),"") | P22: =IF($B22<>"required","",IF($O22=0,99,_xlfn.MINIFS(Carriers!$G$2:$G$400,Carriers!$J$2:$J$400,$C22,Carriers!$K$2:$K$400,$E22,Carriers!$M$2:$M$400,1))) | Q22: =IF($B22="required",INDEX(Lists!$B$2:$B$8,MATCH($G22,Lists!$A$2:$A$8,0)),"") | R22: =IF($B22<>"required","",IF($H22<>"sync",TRUE(),COUNTIFS(Carriers!$J$2:$J$400,$C22,Carriers!$K$2:$K$400,$E22,Carriers!$H$2:$H$400,"sync",Carriers!$M$2:$M$400,1)>0)) | S22: =IF($B22<>"required","",IF($F22<5,FALSE(),IF($O22=0,FALSE(),COUNTIFS(Carriers!$J$2:$J$400,$C22,Carriers!$K$2:$K$400,$E22,Carriers!$M$2:$M$400,1,Carriers!$D$2:$D$400,"push")=0))) | T22: =IF($B22<>"required","",IF($M22=0,"missing",IF(NOT($N22),"wrong_producer",IF($P22>$Q22,"latency_gap",IF(OR(NOT($R22),$S22),"channel_mismatch","covered"))))) | U22: =IF($B22<>"required","",ROUND($F22*INDEX(Lists!$E$2:$E$6,MATCH($T22,Lists!$D$2:$D$6,0)),1)) | V22: =IF(AND($B22="required",$L22=GoalLens!$B$3),MAX($V$1:V21)+1,"") | W22: =IFERROR(INDEX(Stakeholders!$D$2:$D$50,MATCH($D22,Stakeholders!$A$2:$A$50,0)),"") -> Quality | X22: =IFERROR(INDEX(Stakeholders!$D$2:$D$50,MATCH($E22,Stakeholders!$A$2:$A$50,0)),"") -> Quality | Y22: =IF(OR($B22<>"required",$T22="covered",$T22=""),"",1+SUMPRODUCT(ISNUMBER($U$2:$U$400)*($T$2:$T$400<>"covered")*($T$2:$T$400<>"")*($U$2:$U$400>$U22))+COUNTIFS($U$2:U22,$U22,$T$2:T22,"<>covered",$T$2:T22,"<>",$B$2:B22,"required")-1) | Z22: =IF(AND($B22="required",$F22>=4,$T22<>"missing",$T22<>"",$M22=1,COUNTIFS(Carriers!$J$2:$J$400,$C22,Carriers!$K$2:$K$400,$E22,Carriers!$M$2:$M$400,1,Carriers!$P$2:$P$400,"system_of_record")=0),MAX($Z$1:Z21)+1,"")
A23: FA07 | B23: actual | C23: T2 | D23: A3 | E23: A4 | F23: 3 | I23: confirmed | J23: SBR deck appendix | L23: =IFERROR(INDEX(Topics!$C$2:$C$100,MATCH($C23,Topics!$A$2:$A$100,0)),"") -> G2 | M23: =IF($B23="required",COUNTIFS($B$2:$B$400,"actual",$C$2:$C$400,$C23,$E$2:$E$400,$E23,$I$2:$I$400,"<>disputed"),"") | N23: =IF($B23="required",COUNTIFS($B$2:$B$400,"actual",$C$2:$C$400,$C23,$E$2:$E$400,$E23,$I$2:$I$400,"<>disputed",$D$2:$D$400,$D23)>0,"") | O23: =IF($B23="required",SUMIFS(Carriers!$M$2:$M$400,Carriers!$J$2:$J$400,$C23,Carriers!$K$2:$K$400,$E23),"") | P23: =IF($B23<>"required","",IF($O23=0,99,_xlfn.MINIFS(Carriers!$G$2:$G$400,Carriers!$J$2:$J$400,$C23,Carriers!$K$2:$K$400,$E23,Carriers!$M$2:$M$400,1))) | Q23: =IF($B23="required",INDEX(Lists!$B$2:$B$8,MATCH($G23,Lists!$A$2:$A$8,0)),"") | R23: =IF($B23<>"required","",IF($H23<>"sync",TRUE(),COUNTIFS(Carriers!$J$2:$J$400,$C23,Carriers!$K$2:$K$400,$E23,Carriers!$H$2:$H$400,"sync",Carriers!$M$2:$M$400,1)>0)) | S23: =IF($B23<>"required","",IF($F23<5,FALSE(),IF($O23=0,FALSE(),COUNTIFS(Carriers!$J$2:$J$400,$C23,Carriers!$K$2:$K$400,$E23,Carriers!$M$2:$M$400,1,Carriers!$D$2:$D$400,"push")=0))) | T23: =IF($B23<>"required","",IF($M23=0,"missing",IF(NOT($N23),"wrong_producer",IF($P23>$Q23,"latency_gap",IF(OR(NOT($R23),$S23),"channel_mismatch","covered"))))) | U23: =IF($B23<>"required","",ROUND($F23*INDEX(Lists!$E$2:$E$6,MATCH($T23,Lists!$D$2:$D$6,0)),1)) | V23: =IF(AND($B23="required",$L23=GoalLens!$B$3),MAX($V$1:V22)+1,"") | W23: =IFERROR(INDEX(Stakeholders!$D$2:$D$50,MATCH($D23,Stakeholders!$A$2:$A$50,0)),"") -> Quality | X23: =IFERROR(INDEX(Stakeholders!$D$2:$D$50,MATCH($E23,Stakeholders!$A$2:$A$50,0)),"") -> Supply Chain | Y23: =IF(OR($B23<>"required",$T23="covered",$T23=""),"",1+SUMPRODUCT(ISNUMBER($U$2:$U$400)*($T$2:$T$400<>"covered")*($T$2:$T$400<>"")*($U$2:$U$400>$U23))+COUNTIFS($U$2:U23,$U23,$T$2:T23,"<>covered",$T$2:T23,"<>",$B$2:B23,"required")-1) | Z23: =IF(AND($B23="required",$F23>=4,$T23<>"missing",$T23<>"",$M23=1,COUNTIFS(Carriers!$J$2:$J$400,$C23,Carriers!$K$2:$K$400,$E23,Carriers!$M$2:$M$400,1,Carriers!$P$2:$P$400,"system_of_record")=0),MAX($Z$1:Z22)+1,"")
A24: FA08 | B24: actual | C24: T3 | D24: A9 | E24: A2 | F24: 4 | I24: claimed | J24: Frodo reports weekly email; supplier not interviewed | L24: =IFERROR(INDEX(Topics!$C$2:$C$100,MATCH($C24,Topics!$A$2:$A$100,0)),"") -> G2 | M24: =IF($B24="required",COUNTIFS($B$2:$B$400,"actual",$C$2:$C$400,$C24,$E$2:$E$400,$E24,$I$2:$I$400,"<>disputed"),"") | N24: =IF($B24="required",COUNTIFS($B$2:$B$400,"actual",$C$2:$C$400,$C24,$E$2:$E$400,$E24,$I$2:$I$400,"<>disputed",$D$2:$D$400,$D24)>0,"") | O24: =IF($B24="required",SUMIFS(Carriers!$M$2:$M$400,Carriers!$J$2:$J$400,$C24,Carriers!$K$2:$K$400,$E24),"") | P24: =IF($B24<>"required","",IF($O24=0,99,_xlfn.MINIFS(Carriers!$G$2:$G$400,Carriers!$J$2:$J$400,$C24,Carriers!$K$2:$K$400,$E24,Carriers!$M$2:$M$400,1))) | Q24: =IF($B24="required",INDEX(Lists!$B$2:$B$8,MATCH($G24,Lists!$A$2:$A$8,0)),"") | R24: =IF($B24<>"required","",IF($H24<>"sync",TRUE(),COUNTIFS(Carriers!$J$2:$J$400,$C24,Carriers!$K$2:$K$400,$E24,Carriers!$H$2:$H$400,"sync",Carriers!$M$2:$M$400,1)>0)) | S24: =IF($B24<>"required","",IF($F24<5,FALSE(),IF($O24=0,FALSE(),COUNTIFS(Carriers!$J$2:$J$400,$C24,Carriers!$K$2:$K$400,$E24,Carriers!$M$2:$M$400,1,Carriers!$D$2:$D$400,"push")=0))) | T24: =IF($B24<>"required","",IF($M24=0,"missing",IF(NOT($N24),"wrong_producer",IF($P24>$Q24,"latency_gap",IF(OR(NOT($R24),$S24),"channel_mismatch","covered"))))) | U24: =IF($B24<>"required","",ROUND($F24*INDEX(Lists!$E$2:$E$6,MATCH($T24,Lists!$D$2:$D$6,0)),1)) | V24: =IF(AND($B24="required",$L24=GoalLens!$B$3),MAX($V$1:V23)+1,"") | W24: =IFERROR(INDEX(Stakeholders!$D$2:$D$50,MATCH($D24,Stakeholders!$A$2:$A$50,0)),"") -> External | X24: =IFERROR(INDEX(Stakeholders!$D$2:$D$50,MATCH($E24,Stakeholders!$A$2:$A$50,0)),"") -> Quality | Y24: =IF(OR($B24<>"required",$T24="covered",$T24=""),"",1+SUMPRODUCT(ISNUMBER($U$2:$U$400)*($T$2:$T$400<>"covered")*($T$2:$T$400<>"")*($U$2:$U$400>$U24))+COUNTIFS($U$2:U24,$U24,$T$2:T24,"<>covered",$T$2:T24,"<>",$B$2:B24,"required")-1) | Z24: =IF(AND($B24="required",$F24>=4,$T24<>"missing",$T24<>"",$M24=1,COUNTIFS(Carriers!$J$2:$J$400,$C24,Carriers!$K$2:$K$400,$E24,Carriers!$M$2:$M$400,1,Carriers!$P$2:$P$400,"system_of_record")=0),MAX($Z$1:Z23)+1,"")
A25: FA09 | B25: actual | C25: T8 | D25: A2 | E25: A6 | F25: 5 | I25: confirmed | J25: raised in R2 when incidents open | L25: =IFERROR(INDEX(Topics!$C$2:$C$100,MATCH($C25,Topics!$A$2:$A$100,0)),"") -> G2 | M25: =IF($B25="required",COUNTIFS($B$2:$B$400,"actual",$C$2:$C$400,$C25,$E$2:$E$400,$E25,$I$2:$I$400,"<>disputed"),"") | N25: =IF($B25="required",COUNTIFS($B$2:$B$400,"actual",$C$2:$C$400,$C25,$E$2:$E$400,$E25,$I$2:$I$400,"<>disputed",$D$2:$D$400,$D25)>0,"") | O25: =IF($B25="required",SUMIFS(Carriers!$M$2:$M$400,Carriers!$J$2:$J$400,$C25,Carriers!$K$2:$K$400,$E25),"") | P25: =IF($B25<>"required","",IF($O25=0,99,_xlfn.MINIFS(Carriers!$G$2:$G$400,Carriers!$J$2:$J$400,$C25,Carriers!$K$2:$K$400,$E25,Carriers!$M$2:$M$400,1))) | Q25: =IF($B25="required",INDEX(Lists!$B$2:$B$8,MATCH($G25,Lists!$A$2:$A$8,0)),"") | R25: =IF($B25<>"required","",IF($H25<>"sync",TRUE(),COUNTIFS(Carriers!$J$2:$J$400,$C25,Carriers!$K$2:$K$400,$E25,Carriers!$H$2:$H$400,"sync",Carriers!$M$2:$M$400,1)>0)) | S25: =IF($B25<>"required","",IF($F25<5,FALSE(),IF($O25=0,FALSE(),COUNTIFS(Carriers!$J$2:$J$400,$C25,Carriers!$K$2:$K$400,$E25,Carriers!$M$2:$M$400,1,Carriers!$D$2:$D$400,"push")=0))) | T25: =IF($B25<>"required","",IF($M25=0,"missing",IF(NOT($N25),"wrong_producer",IF($P25>$Q25,"latency_gap",IF(OR(NOT($R25),$S25),"channel_mismatch","covered"))))) | U25: =IF($B25<>"required","",ROUND($F25*INDEX(Lists!$E$2:$E$6,MATCH($T25,Lists!$D$2:$D$6,0)),1)) | V25: =IF(AND($B25="required",$L25=GoalLens!$B$3),MAX($V$1:V24)+1,"") | W25: =IFERROR(INDEX(Stakeholders!$D$2:$D$50,MATCH($D25,Stakeholders!$A$2:$A$50,0)),"") -> Quality | X25: =IFERROR(INDEX(Stakeholders!$D$2:$D$50,MATCH($E25,Stakeholders!$A$2:$A$50,0)),"") -> Operations | Y25: =IF(OR($B25<>"required",$T25="covered",$T25=""),"",1+SUMPRODUCT(ISNUMBER($U$2:$U$400)*($T$2:$T$400<>"covered")*($T$2:$T$400<>"")*($U$2:$U$400>$U25))+COUNTIFS($U$2:U25,$U25,$T$2:T25,"<>covered",$T$2:T25,"<>",$B$2:B25,"required")-1) | Z25: =IF(AND($B25="required",$F25>=4,$T25<>"missing",$T25<>"",$M25=1,COUNTIFS(Carriers!$J$2:$J$400,$C25,Carriers!$K$2:$K$400,$E25,Carriers!$M$2:$M$400,1,Carriers!$P$2:$P$400,"system_of_record")=0),MAX($Z$1:Z24)+1,"")
A26: FA10 | B26: actual | C26: T8 | D26: A2 | E26: A5 | F26: 5 | I26: confirmed | J26: Teams DM thread | L26: =IFERROR(INDEX(Topics!$C$2:$C$100,MATCH($C26,Topics!$A$2:$A$100,0)),"") -> G2 | M26: =IF($B26="required",COUNTIFS($B$2:$B$400,"actual",$C$2:$C$400,$C26,$E$2:$E$400,$E26,$I$2:$I$400,"<>disputed"),"") | N26: =IF($B26="required",COUNTIFS($B$2:$B$400,"actual",$C$2:$C$400,$C26,$E$2:$E$400,$E26,$I$2:$I$400,"<>disputed",$D$2:$D$400,$D26)>0,"") | O26: =IF($B26="required",SUMIFS(Carriers!$M$2:$M$400,Carriers!$J$2:$J$400,$C26,Carriers!$K$2:$K$400,$E26),"") | P26: =IF($B26<>"required","",IF($O26=0,99,_xlfn.MINIFS(Carriers!$G$2:$G$400,Carriers!$J$2:$J$400,$C26,Carriers!$K$2:$K$400,$E26,Carriers!$M$2:$M$400,1))) | Q26: =IF($B26="required",INDEX(Lists!$B$2:$B$8,MATCH($G26,Lists!$A$2:$A$8,0)),"") | R26: =IF($B26<>"required","",IF($H26<>"sync",TRUE(),COUNTIFS(Carriers!$J$2:$J$400,$C26,Carriers!$K$2:$K$400,$E26,Carriers!$H$2:$H$400,"sync",Carriers!$M$2:$M$400,1)>0)) | S26: =IF($B26<>"required","",IF($F26<5,FALSE(),IF($O26=0,FALSE(),COUNTIFS(Carriers!$J$2:$J$400,$C26,Carriers!$K$2:$K$400,$E26,Carriers!$M$2:$M$400,1,Carriers!$D$2:$D$400,"push")=0))) | T26: =IF($B26<>"required","",IF($M26=0,"missing",IF(NOT($N26),"wrong_producer",IF($P26>$Q26,"latency_gap",IF(OR(NOT($R26),$S26),"channel_mismatch","covered"))))) | U26: =IF($B26<>"required","",ROUND($F26*INDEX(Lists!$E$2:$E$6,MATCH($T26,Lists!$D$2:$D$6,0)),1)) | V26: =IF(AND($B26="required",$L26=GoalLens!$B$3),MAX($V$1:V25)+1,"") | W26: =IFERROR(INDEX(Stakeholders!$D$2:$D$50,MATCH($D26,Stakeholders!$A$2:$A$50,0)),"") -> Quality | X26: =IFERROR(INDEX(Stakeholders!$D$2:$D$50,MATCH($E26,Stakeholders!$A$2:$A$50,0)),"") -> Quality | Y26: =IF(OR($B26<>"required",$T26="covered",$T26=""),"",1+SUMPRODUCT(ISNUMBER($U$2:$U$400)*($T$2:$T$400<>"covered")*($T$2:$T$400<>"")*($U$2:$U$400>$U26))+COUNTIFS($U$2:U26,$U26,$T$2:T26,"<>covered",$T$2:T26,"<>",$B$2:B26,"required")-1) | Z26: =IF(AND($B26="required",$F26>=4,$T26<>"missing",$T26<>"",$M26=1,COUNTIFS(Carriers!$J$2:$J$400,$C26,Carriers!$K$2:$K$400,$E26,Carriers!$M$2:$M$400,1,Carriers!$P$2:$P$400,"system_of_record")=0),MAX($Z$1:Z25)+1,"")
A27: FA11 | B27: actual | C27: T6 | D27: A3 | E27: A4 | F27: 3 | I27: confirmed | J27: biweekly email update | L27: =IFERROR(INDEX(Topics!$C$2:$C$100,MATCH($C27,Topics!$A$2:$A$100,0)),"") -> G3 | M27: =IF($B27="required",COUNTIFS($B$2:$B$400,"actual",$C$2:$C$400,$C27,$E$2:$E$400,$E27,$I$2:$I$400,"<>disputed"),"") | N27: =IF($B27="required",COUNTIFS($B$2:$B$400,"actual",$C$2:$C$400,$C27,$E$2:$E$400,$E27,$I$2:$I$400,"<>disputed",$D$2:$D$400,$D27)>0,"") | O27: =IF($B27="required",SUMIFS(Carriers!$M$2:$M$400,Carriers!$J$2:$J$400,$C27,Carriers!$K$2:$K$400,$E27),"") | P27: =IF($B27<>"required","",IF($O27=0,99,_xlfn.MINIFS(Carriers!$G$2:$G$400,Carriers!$J$2:$J$400,$C27,Carriers!$K$2:$K$400,$E27,Carriers!$M$2:$M$400,1))) | Q27: =IF($B27="required",INDEX(Lists!$B$2:$B$8,MATCH($G27,Lists!$A$2:$A$8,0)),"") | R27: =IF($B27<>"required","",IF($H27<>"sync",TRUE(),COUNTIFS(Carriers!$J$2:$J$400,$C27,Carriers!$K$2:$K$400,$E27,Carriers!$H$2:$H$400,"sync",Carriers!$M$2:$M$400,1)>0)) | S27: =IF($B27<>"required","",IF($F27<5,FALSE(),IF($O27=0,FALSE(),COUNTIFS(Carriers!$J$2:$J$400,$C27,Carriers!$K$2:$K$400,$E27,Carriers!$M$2:$M$400,1,Carriers!$D$2:$D$400,"push")=0))) | T27: =IF($B27<>"required","",IF($M27=0,"missing",IF(NOT($N27),"wrong_producer",IF($P27>$Q27,"latency_gap",IF(OR(NOT($R27),$S27),"channel_mismatch","covered"))))) | U27: =IF($B27<>"required","",ROUND($F27*INDEX(Lists!$E$2:$E$6,MATCH($T27,Lists!$D$2:$D$6,0)),1)) | V27: =IF(AND($B27="required",$L27=GoalLens!$B$3),MAX($V$1:V26)+1,"") | W27: =IFERROR(INDEX(Stakeholders!$D$2:$D$50,MATCH($D27,Stakeholders!$A$2:$A$50,0)),"") -> Quality | X27: =IFERROR(INDEX(Stakeholders!$D$2:$D$50,MATCH($E27,Stakeholders!$A$2:$A$50,0)),"") -> Supply Chain | Y27: =IF(OR($B27<>"required",$T27="covered",$T27=""),"",1+SUMPRODUCT(ISNUMBER($U$2:$U$400)*($T$2:$T$400<>"covered")*($T$2:$T$400<>"")*($U$2:$U$400>$U27))+COUNTIFS($U$2:U27,$U27,$T$2:T27,"<>covered",$T$2:T27,"<>",$B$2:B27,"required")-1) | Z27: =IF(AND($B27="required",$F27>=4,$T27<>"missing",$T27<>"",$M27=1,COUNTIFS(Carriers!$J$2:$J$400,$C27,Carriers!$K$2:$K$400,$E27,Carriers!$M$2:$M$400,1,Carriers!$P$2:$P$400,"system_of_record")=0),MAX($Z$1:Z26)+1,"")
A28: FA12 | B28: actual | C28: T6 | D28: A4 | E28: A8 | F28: 2 | I28: confirmed | J28: SBR minutes | L28: =IFERROR(INDEX(Topics!$C$2:$C$100,MATCH($C28,Topics!$A$2:$A$100,0)),"") -> G3 | M28: =IF($B28="required",COUNTIFS($B$2:$B$400,"actual",$C$2:$C$400,$C28,$E$2:$E$400,$E28,$I$2:$I$400,"<>disputed"),"") | N28: =IF($B28="required",COUNTIFS($B$2:$B$400,"actual",$C$2:$C$400,$C28,$E$2:$E$400,$E28,$I$2:$I$400,"<>disputed",$D$2:$D$400,$D28)>0,"") | O28: =IF($B28="required",SUMIFS(Carriers!$M$2:$M$400,Carriers!$J$2:$J$400,$C28,Carriers!$K$2:$K$400,$E28),"") | P28: =IF($B28<>"required","",IF($O28=0,99,_xlfn.MINIFS(Carriers!$G$2:$G$400,Carriers!$J$2:$J$400,$C28,Carriers!$K$2:$K$400,$E28,Carriers!$M$2:$M$400,1))) | Q28: =IF($B28="required",INDEX(Lists!$B$2:$B$8,MATCH($G28,Lists!$A$2:$A$8,0)),"") | R28: =IF($B28<>"required","",IF($H28<>"sync",TRUE(),COUNTIFS(Carriers!$J$2:$J$400,$C28,Carriers!$K$2:$K$400,$E28,Carriers!$H$2:$H$400,"sync",Carriers!$M$2:$M$400,1)>0)) | S28: =IF($B28<>"required","",IF($F28<5,FALSE(),IF($O28=0,FALSE(),COUNTIFS(Carriers!$J$2:$J$400,$C28,Carriers!$K$2:$K$400,$E28,Carriers!$M$2:$M$400,1,Carriers!$D$2:$D$400,"push")=0))) | T28: =IF($B28<>"required","",IF($M28=0,"missing",IF(NOT($N28),"wrong_producer",IF($P28>$Q28,"latency_gap",IF(OR(NOT($R28),$S28),"channel_mismatch","covered"))))) | U28: =IF($B28<>"required","",ROUND($F28*INDEX(Lists!$E$2:$E$6,MATCH($T28,Lists!$D$2:$D$6,0)),1)) | V28: =IF(AND($B28="required",$L28=GoalLens!$B$3),MAX($V$1:V27)+1,"") | W28: =IFERROR(INDEX(Stakeholders!$D$2:$D$50,MATCH($D28,Stakeholders!$A$2:$A$50,0)),"") -> Supply Chain | X28: =IFERROR(INDEX(Stakeholders!$D$2:$D$50,MATCH($E28,Stakeholders!$A$2:$A$50,0)),"") -> Operations | Y28: =IF(OR($B28<>"required",$T28="covered",$T28=""),"",1+SUMPRODUCT(ISNUMBER($U$2:$U$400)*($T$2:$T$400<>"covered")*($T$2:$T$400<>"")*($U$2:$U$400>$U28))+COUNTIFS($U$2:U28,$U28,$T$2:T28,"<>covered",$T$2:T28,"<>",$B$2:B28,"required")-1) | Z28: =IF(AND($B28="required",$F28>=4,$T28<>"missing",$T28<>"",$M28=1,COUNTIFS(Carriers!$J$2:$J$400,$C28,Carriers!$K$2:$K$400,$E28,Carriers!$M$2:$M$400,1,Carriers!$P$2:$P$400,"system_of_record")=0),MAX($Z$1:Z27)+1,"")
... A32: FA16 | B32: actual | C32: T9 | D32: A6 | E32: A4 | F32: 2 | I32: disputed | J32: Aragorn claims weekly send; Han denies receiving | L32: =IFERROR(INDEX(Topics!$C$2:$C$100,MATCH($C32,Topics!$A$2:$A$100,0)),"") -> G1 | M32: =IF($B32="required",COUNTIFS($B$2:$B$400,"actual",$C$2:$C$400,$C32,$E$2:$E$400,$E32,$I$2:$I$400,"<>disputed"),"") | N32: =IF($B32="required",COUNTIFS($B$2:$B$400,"actual",$C$2:$C$400,$C32,$E$2:$E$400,$E32,$I$2:$I$400,"<>disputed",$D$2:$D$400,$D32)>0,"") | O32: =IF($B32="required",SUMIFS(Carriers!$M$2:$M$400,Carriers!$J$2:$J$400,$C32,Carriers!$K$2:$K$400,$E32),"") | P32: =IF($B32<>"required","",IF($O32=0,99,_xlfn.MINIFS(Carriers!$G$2:$G$400,Carriers!$J$2:$J$400,$C32,Carriers!$K$2:$K$400,$E32,Carriers!$M$2:$M$400,1))) | Q32: =IF($B32="required",INDEX(Lists!$B$2:$B$8,MATCH($G32,Lists!$A$2:$A$8,0)),"") | R32: =IF($B32<>"required","",IF($H32<>"sync",TRUE(),COUNTIFS(Carriers!$J$2:$J$400,$C32,Carriers!$K$2:$K$400,$E32,Carriers!$H$2:$H$400,"sync",Carriers!$M$2:$M$400,1)>0)) | S32: =IF($B32<>"required","",IF($F32<5,FALSE(),IF($O32=0,FALSE(),COUNTIFS(Carriers!$J$2:$J$400,$C32,Carriers!$K$2:$K$400,$E32,Carriers!$M$2:$M$400,1,Carriers!$D$2:$D$400,"push")=0))) | T32: =IF($B32<>"required","",IF($M32=0,"missing",IF(NOT($N32),"wrong_producer",IF($P32>$Q32,"latency_gap",IF(OR(NOT($R32),$S32),"channel_mismatch","covered"))))) | U32: =IF($B32<>"required","",ROUND($F32*INDEX(Lists!$E$2:$E$6,MATCH($T32,Lists!$D$2:$D$6,0)),1)) | V32: =IF(AND($B32="required",$L32=GoalLens!$B$3),MAX($V$1:V31)+1,"") | W32: =IFERROR(INDEX(Stakeholders!$D$2:$D$50,MATCH($D32,Stakeholders!$A$2:$A$50,0)),"") -> Operations | X32: =IFERROR(INDEX(Stakeholders!$D$2:$D$50,MATCH($E32,Stakeholders!$A$2:$A$50,0)),"") -> Supply Chain | Y32: =IF(OR($B32<>"required",$T32="covered",$T32=""),"",1+SUMPRODUCT(ISNUMBER($U$2:$U$400)*($T$2:$T$400<>"covered")*($T$2:$T$400<>"")*($U$2:$U$400>$U32))+COUNTIFS($U$2:U32,$U32,$T$2:T32,"<>covered",$T$2:T32,"<>",$B$2:B32,"required")-1) | Z32: =IF(AND($B32="required",$F32>=4,$T32<>"missing",$T32<>"",$M32=1,COUNTIFS(Carriers!$J$2:$J$400,$C32,Carriers!$K$2:$K$400,$E32,Carriers!$M$2:$M$400,1,Carriers!$P$2:$P$400,"system_of_record")=0),MAX($Z$1:Z31)+1,"")
A33: FR16 | B33: required | C33: T10 | D33: A1 | E33: A2 | F33: 2 | G33: monthly | H33: any | K33: SQE lead needs certification progress to schedule audit shadowing | L33: =IFERROR(INDEX(Topics!$C$2:$C$100,MATCH($C33,Topics!$A$2:$A$100,0)),"") -> G5 | M33: =IF($B33="required",COUNTIFS($B$2:$B$400,"actual",$C$2:$C$400,$C33,$E$2:$E$400,$E33,$I$2:$I$400,"<>disputed"),"") -> 1 | N33: =IF($B33="required",COUNTIFS($B$2:$B$400,"actual",$C$2:$C$400,$C33,$E$2:$E$400,$E33,$I$2:$I$400,"<>disputed",$D$2:$D$400,$D33)>0,"") -> TRUE | O33: =IF($B33="required",SUMIFS(Carriers!$M$2:$M$400,Carriers!$J$2:$J$400,$C33,Carriers!$K$2:$K$400,$E33),"") -> 1 | P33: =IF($B33<>"required","",IF($O33=0,99,_xlfn.MINIFS(Carriers!$G$2:$G$400,Carriers!$J$2:$J$400,$C33,Carriers!$K$2:$K$400,$E33,Carriers!$M$2:$M$400,1))) -> 0 | Q33: =IF($B33="required",INDEX(Lists!$B$2:$B$8,MATCH($G33,Lists!$A$2:$A$8,0)),"") -> 4 | R33: =IF($B33<>"required","",IF($H33<>"sync",TRUE(),COUNTIFS(Carriers!$J$2:$J$400,$C33,Carriers!$K$2:$K$400,$E33,Carriers!$H$2:$H$400,"sync",Carriers!$M$2:$M$400,1)>0)) -> TRUE | S33: =IF($B33<>"required","",IF($F33<5,FALSE(),IF($O33=0,FALSE(),COUNTIFS(Carriers!$J$2:$J$400,$C33,Carriers!$K$2:$K$400,$E33,Carriers!$M$2:$M$400,1,Carriers!$D$2:$D$400,"push")=0))) -> FALSE | T33: =IF($B33<>"required","",IF($M33=0,"missing",IF(NOT($N33),"wrong_producer",IF($P33>$Q33,"latency_gap",IF(OR(NOT($R33),$S33),"channel_mismatch","covered"))))) -> covered | U33: =IF($B33<>"required","",ROUND($F33*INDEX(Lists!$E$2:$E$6,MATCH($T33,Lists!$D$2:$D$6,0)),1)) -> 0 | V33: =IF(AND($B33="required",$L33=GoalLens!$B$3),MAX($V$1:V32)+1,"") | W33: =IFERROR(INDEX(Stakeholders!$D$2:$D$50,MATCH($D33,Stakeholders!$A$2:$A$50,0)),"") -> Quality | X33: =IFERROR(INDEX(Stakeholders!$D$2:$D$50,MATCH($E33,Stakeholders!$A$2:$A$50,0)),"") -> Quality | Y33: =IF(OR($B33<>"required",$T33="covered",$T33=""),"",1+SUMPRODUCT(ISNUMBER($U$2:$U$400)*($T$2:$T$400<>"covered")*($T$2:$T$400<>"")*($U$2:$U$400>$U33))+COUNTIFS($U$2:U33,$U33,$T$2:T33,"<>covered",$T$2:T33,"<>",$B$2:B33,"required")-1) | Z33: =IF(AND($B33="required",$F33>=4,$T33<>"missing",$T33<>"",$M33=1,COUNTIFS(Carriers!$J$2:$J$400,$C33,Carriers!$K$2:$K$400,$E33,Carriers!$M$2:$M$400,1,Carriers!$P$2:$P$400,"system_of_record")=0),MAX($Z$1:Z32)+1,"")
A34: FR17 | B34: required | C34: T10 | D34: A2 | E34: A11 | F34: 2 | G34: monthly | H34: any | K34: Plant manager needs training progress for capacity planning | L34: =IFERROR(INDEX(Topics!$C$2:$C$100,MATCH($C34,Topics!$A$2:$A$100,0)),"") -> G5 | M34: =IF($B34="required",COUNTIFS($B$2:$B$400,"actual",$C$2:$C$400,$C34,$E$2:$E$400,$E34,$I$2:$I$400,"<>disputed"),"") -> 0 | N34: =IF($B34="required",COUNTIFS($B$2:$B$400,"actual",$C$2:$C$400,$C34,$E$2:$E$400,$E34,$I$2:$I$400,"<>disputed",$D$2:$D$400,$D34)>0,"") -> FALSE | O34: =IF($B34="required",SUMIFS(Carriers!$M$2:$M$400,Carriers!$J$2:$J$400,$C34,Carriers!$K$2:$K$400,$E34),"") -> 0 | P34: =IF($B34<>"required","",IF($O34=0,99,_xlfn.MINIFS(Carriers!$G$2:$G$400,Carriers!$J$2:$J$400,$C34,Carriers!$K$2:$K$400,$E34,Carriers!$M$2:$M$400,1))) -> 99 | Q34: =IF($B34="required",INDEX(Lists!$B$2:$B$8,MATCH($G34,Lists!$A$2:$A$8,0)),"") -> 4 | R34: =IF($B34<>"required","",IF($H34<>"sync",TRUE(),COUNTIFS(Carriers!$J$2:$J$400,$C34,Carriers!$K$2:$K$400,$E34,Carriers!$H$2:$H$400,"sync",Carriers!$M$2:$M$400,1)>0)) -> TRUE | S34: =IF($B34<>"required","",IF($F34<5,FALSE(),IF($O34=0,FALSE(),COUNTIFS(Carriers!$J$2:$J$400,$C34,Carriers!$K$2:$K$400,$E34,Carriers!$M$2:$M$400,1,Carriers!$D$2:$D$400,"push")=0))) -> FALSE | T34: =IF($B34<>"required","",IF($M34=0,"missing",IF(NOT($N34),"wrong_producer",IF($P34>$Q34,"latency_gap",IF(OR(NOT($R34),$S34),"channel_mismatch","covered"))))) -> missing | U34: =IF($B34<>"required","",ROUND($F34*INDEX(Lists!$E$2:$E$6,MATCH($T34,Lists!$D$2:$D$6,0)),1)) -> 6 | V34: =IF(AND($B34="required",$L34=GoalLens!$B$3),MAX($V$1:V33)+1,"") | W34: =IFERROR(INDEX(Stakeholders!$D$2:$D$50,MATCH($D34,Stakeholders!$A$2:$A$50,0)),"") -> Quality | X34: =IFERROR(INDEX(Stakeholders!$D$2:$D$50,MATCH($E34,Stakeholders!$A$2:$A$50,0)),"") -> Operations | Y34: =IF(OR($B34<>"required",$T34="covered",$T34=""),"",1+SUMPRODUCT(ISNUMBER($U$2:$U$400)*($T$2:$T$400<>"covered")*($T$2:$T$400<>"")*($U$2:$U$400>$U34))+COUNTIFS($U$2:U34,$U34,$T$2:T34,"<>covered",$T$2:T34,"<>",$B$2:B34,"required")-1) -> 7 | Z34: =IF(AND($B34="required",$F34>=4,$T34<>"missing",$T34<>"",$M34=1,COUNTIFS(Carriers!$J$2:$J$400,$C34,Carriers!$K$2:$K$400,$E34,Carriers!$M$2:$M$400,1,Carriers!$P$2:$P$400,"system_of_record")=0),MAX($Z$1:Z33)+1,"")
A35: FA17 | B35: actual | C35: T10 | D35: A1 | E35: A2 | I35: confirmed | J35: training tracker sheet linked in team wiki | L35: =IFERROR(INDEX(Topics!$C$2:$C$100,MATCH($C35,Topics!$A$2:$A$100,0)),"") -> G5 | M35: =IF($B35="required",COUNTIFS($B$2:$B$400,"actual",$C$2:$C$400,$C35,$E$2:$E$400,$E35,$I$2:$I$400,"<>disputed"),"") | N35: =IF($B35="required",COUNTIFS($B$2:$B$400,"actual",$C$2:$C$400,$C35,$E$2:$E$400,$E35,$I$2:$I$400,"<>disputed",$D$2:$D$400,$D35)>0,"") | O35: =IF($B35="required",SUMIFS(Carriers!$M$2:$M$400,Carriers!$J$2:$J$400,$C35,Carriers!$K$2:$K$400,$E35),"") | P35: =IF($B35<>"required","",IF($O35=0,99,_xlfn.MINIFS(Carriers!$G$2:$G$400,Carriers!$J$2:$J$400,$C35,Carriers!$K$2:$K$400,$E35,Carriers!$M$2:$M$400,1))) | Q35: =IF($B35="required",INDEX(Lists!$B$2:$B$8,MATCH($G35,Lists!$A$2:$A$8,0)),"") | R35: =IF($B35<>"required","",IF($H35<>"sync",TRUE(),COUNTIFS(Carriers!$J$2:$J$400,$C35,Carriers!$K$2:$K$400,$E35,Carriers!$H$2:$H$400,"sync",Carriers!$M$2:$M$400,1)>0)) | S35: =IF($B35<>"required","",IF($F35<5,FALSE(),IF($O35=0,FALSE(),COUNTIFS(Carriers!$J$2:$J$400,$C35,Carriers!$K$2:$K$400,$E35,Carriers!$M$2:$M$400,1,Carriers!$D$2:$D$400,"push")=0))) | T35: =IF($B35<>"required","",IF($M35=0,"missing",IF(NOT($N35),"wrong_producer",IF($P35>$Q35,"latency_gap",IF(OR(NOT($R35),$S35),"channel_mismatch","covered"))))) | U35: =IF($B35<>"required","",ROUND($F35*INDEX(Lists!$E$2:$E$6,MATCH($T35,Lists!$D$2:$D$6,0)),1)) | V35: =IF(AND($B35="required",$L35=GoalLens!$B$3),MAX($V$1:V34)+1,"") | W35: =IFERROR(INDEX(Stakeholders!$D$2:$D$50,MATCH($D35,Stakeholders!$A$2:$A$50,0)),"") -> Quality | X35: =IFERROR(INDEX(Stakeholders!$D$2:$D$50,MATCH($E35,Stakeholders!$A$2:$A$50,0)),"") -> Quality | Y35: =IF(OR($B35<>"required",$T35="covered",$T35=""),"",1+SUMPRODUCT(ISNUMBER($U$2:$U$400)*($T$2:$T$400<>"covered")*($T$2:$T$400<>"")*($U$2:$U$400>$U35))+COUNTIFS($U$2:U35,$U35,$T$2:T35,"<>covered",$T$2:T35,"<>",$B$2:B35,"required")-1) | Z35: =IF(AND($B35="required",$F35>=4,$T35<>"missing",$T35<>"",$M35=1,COUNTIFS(Carriers!$J$2:$J$400,$C35,Carriers!$K$2:$K$400,$E35,Carriers!$M$2:$M$400,1,Carriers!$P$2:$P$400,"system_of_record")=0),MAX($Z$1:Z34)+1,"")
L36: =IFERROR(INDEX(Topics!$C$2:$C$100,MATCH($C36,Topics!$A$2:$A$100,0)),"") | M36: =IF($B36="required",COUNTIFS($B$2:$B$400,"actual",$C$2:$C$400,$C36,$E$2:$E$400,$E36,$I$2:$I$400,"<>disputed"),"") | N36: =IF($B36="required",COUNTIFS($B$2:$B$400,"actual",$C$2:$C$400,$C36,$E$2:$E$400,$E36,$I$2:$I$400,"<>disputed",$D$2:$D$400,$D36)>0,"") | O36: =IF($B36="required",SUMIFS(Carriers!$M$2:$M$400,Carriers!$J$2:$J$400,$C36,Carriers!$K$2:$K$400,$E36),"") | P36: =IF($B36<>"required","",IF($O36=0,99,_xlfn.MINIFS(Carriers!$G$2:$G$400,Carriers!$J$2:$J$400,$C36,Carriers!$K$2:$K$400,$E36,Carriers!$M$2:$M$400,1))) | Q36: =IF($B36="required",INDEX(Lists!$B$2:$B$8,MATCH($G36,Lists!$A$2:$A$8,0)),"") | R36: =IF($B36<>"required","",IF($H36<>"sync",TRUE(),COUNTIFS(Carriers!$J$2:$J$400,$C36,Carriers!$K$2:$K$400,$E36,Carriers!$H$2:$H$400,"sync",Carriers!$M$2:$M$400,1)>0)) | S36: =IF($B36<>"required","",IF($F36<5,FALSE(),IF($O36=0,FALSE(),COUNTIFS(Carriers!$J$2:$J$400,$C36,Carriers!$K$2:$K$400,$E36,Carriers!$M$2:$M$400,1,Carriers!$D$2:$D$400,"push")=0))) | T36: =IF($B36<>"required","",IF($M36=0,"missing",IF(NOT($N36),"wrong_producer",IF($P36>$Q36,"latency_gap",IF(OR(NOT($R36),$S36),"channel_mismatch","covered"))))) | U36: =IF($B36<>"required","",ROUND($F36*INDEX(Lists!$E$2:$E$6,MATCH($T36,Lists!$D$2:$D$6,0)),1)) | V36: =IF(AND($B36="required",$L36=GoalLens!$B$3),MAX($V$1:V35)+1,"") | W36: =IFERROR(INDEX(Stakeholders!$D$2:$D$50,MATCH($D36,Stakeholders!$A$2:$A$50,0)),"") | X36: =IFERROR(INDEX(Stakeholders!$D$2:$D$50,MATCH($E36,Stakeholders!$A$2:$A$50,0)),"") | Y36: =IF(OR($B36<>"required",$T36="covered",$T36=""),"",1+SUMPRODUCT(ISNUMBER($U$2:$U$400)*($T$2:$T$400<>"covered")*($T$2:$T$400<>"")*($U$2:$U$400>$U36))+COUNTIFS($U$2:U36,$U36,$T$2:T36,"<>covered",$T$2:T36,"<>",$B$2:B36,"required")-1) | Z36: =IF(AND($B36="required",$F36>=4,$T36<>"missing",$T36<>"",$M36=1,COUNTIFS(Carriers!$J$2:$J$400,$C36,Carriers!$K$2:$K$400,$E36,Carriers!$M$2:$M$400,1,Carriers!$P$2:$P$400,"system_of_record")=0),MAX($Z$1:Z35)+1,"")
L37: =IFERROR(INDEX(Topics!$C$2:$C$100,MATCH($C37,Topics!$A$2:$A$100,0)),"") | M37: =IF($B37="required",COUNTIFS($B$2:$B$400,"actual",$C$2:$C$400,$C37,$E$2:$E$400,$E37,$I$2:$I$400,"<>disputed"),"") | N37: =IF($B37="required",COUNTIFS($B$2:$B$400,"actual",$C$2:$C$400,$C37,$E$2:$E$400,$E37,$I$2:$I$400,"<>disputed",$D$2:$D$400,$D37)>0,"") | O37: =IF($B37="required",SUMIFS(Carriers!$M$2:$M$400,Carriers!$J$2:$J$400,$C37,Carriers!$K$2:$K$400,$E37),"") | P37: =IF($B37<>"required","",IF($O37=0,99,_xlfn.MINIFS(Carriers!$G$2:$G$400,Carriers!$J$2:$J$400,$C37,Carriers!$K$2:$K$400,$E37,Carriers!$M$2:$M$400,1))) | Q37: =IF($B37="required",INDEX(Lists!$B$2:$B$8,MATCH($G37,Lists!$A$2:$A$8,0)),"") | R37: =IF($B37<>"required","",IF($H37<>"sync",TRUE(),COUNTIFS(Carriers!$J$2:$J$400,$C37,Carriers!$K$2:$K$400,$E37,Carriers!$H$2:$H$400,"sync",Carriers!$M$2:$M$400,1)>0)) | S37: =IF($B37<>"required","",IF($F37<5,FALSE(),IF($O37=0,FALSE(),COUNTIFS(Carriers!$J$2:$J$400,$C37,Carriers!$K$2:$K$400,$E37,Carriers!$M$2:$M$400,1,Carriers!$D$2:$D$400,"push")=0))) | T37: =IF($B37<>"required","",IF($M37=0,"missing",IF(NOT($N37),"wrong_producer",IF($P37>$Q37,"latency_gap",IF(OR(NOT($R37),$S37),"channel_mismatch","covered"))))) | U37: =IF($B37<>"required","",ROUND($F37*INDEX(Lists!$E$2:$E$6,MATCH($T37,Lists!$D$2:$D$6,0)),1)) | V37: =IF(AND($B37="required",$L37=GoalLens!$B$3),MAX($V$1:V36)+1,"") | W37: =IFERROR(INDEX(Stakeholders!$D$2:$D$50,MATCH($D37,Stakeholders!$A$2:$A$50,0)),"") | X37: =IFERROR(INDEX(Stakeholders!$D$2:$D$50,MATCH($E37,Stakeholders!$A$2:$A$50,0)),"") | Y37: =IF(OR($B37<>"required",$T37="covered",$T37=""),"",1+SUMPRODUCT(ISNUMBER($U$2:$U$400)*($T$2:$T$400<>"covered")*($T$2:$T$400<>"")*($U$2:$U$400>$U37))+COUNTIFS($U$2:U37,$U37,$T$2:T37,"<>covered",$T$2:T37,"<>",$B$2:B37,"required")-1) | Z37: =IF(AND($B37="required",$F37>=4,$T37<>"missing",$T37<>"",$M37=1,COUNTIFS(Carriers!$J$2:$J$400,$C37,Carriers!$K$2:$K$400,$E37,Carriers!$M$2:$M$400,1,Carriers!$P$2:$P$400,"system_of_record")=0),MAX($Z$1:Z36)+1,"")
L38: =IFERROR(INDEX(Topics!$C$2:$C$100,MATCH($C38,Topics!$A$2:$A$100,0)),"") | M38: =IF($B38="required",COUNTIFS($B$2:$B$400,"actual",$C$2:$C$400,$C38,$E$2:$E$400,$E38,$I$2:$I$400,"<>disputed"),"") | N38: =IF($B38="required",COUNTIFS($B$2:$B$400,"actual",$C$2:$C$400,$C38,$E$2:$E$400,$E38,$I$2:$I$400,"<>disputed",$D$2:$D$400,$D38)>0,"") | O38: =IF($B38="required",SUMIFS(Carriers!$M$2:$M$400,Carriers!$J$2:$J$400,$C38,Carriers!$K$2:$K$400,$E38),"") | P38: =IF($B38<>"required","",IF($O38=0,99,_xlfn.MINIFS(Carriers!$G$2:$G$400,Carriers!$J$2:$J$400,$C38,Carriers!$K$2:$K$400,$E38,Carriers!$M$2:$M$400,1))) | Q38: =IF($B38="required",INDEX(Lists!$B$2:$B$8,MATCH($G38,Lists!$A$2:$A$8,0)),"") | R38: =IF($B38<>"required","",IF($H38<>"sync",TRUE(),COUNTIFS(Carriers!$J$2:$J$400,$C38,Carriers!$K$2:$K$400,$E38,Carriers!$H$2:$H$400,"sync",Carriers!$M$2:$M$400,1)>0)) | S38: =IF($B38<>"required","",IF($F38<5,FALSE(),IF($O38=0,FALSE(),COUNTIFS(Carriers!$J$2:$J$400,$C38,Carriers!$K$2:$K$400,$E38,Carriers!$M$2:$M$400,1,Carriers!$D$2:$D$400,"push")=0))) | T38: =IF($B38<>"required","",IF($M38=0,"missing",IF(NOT($N38),"wrong_producer",IF($P38>$Q38,"latency_gap",IF(OR(NOT($R38),$S38),"channel_mismatch","covered"))))) | U38: =IF($B38<>"required","",ROUND($F38*INDEX(Lists!$E$2:$E$6,MATCH($T38,Lists!$D$2:$D$6,0)),1)) | V38: =IF(AND($B38="required",$L38=GoalLens!$B$3),MAX($V$1:V37)+1,"") | W38: =IFERROR(INDEX(Stakeholders!$D$2:$D$50,MATCH($D38,Stakeholders!$A$2:$A$50,0)),"") | X38: =IFERROR(INDEX(Stakeholders!$D$2:$D$50,MATCH($E38,Stakeholders!$A$2:$A$50,0)),"") | Y38: =IF(OR($B38<>"required",$T38="covered",$T38=""),"",1+SUMPRODUCT(ISNUMBER($U$2:$U$400)*($T$2:$T$400<>"covered")*($T$2:$T$400<>"")*($U$2:$U$400>$U38))+COUNTIFS($U$2:U38,$U38,$T$2:T38,"<>covered",$T$2:T38,"<>",$B$2:B38,"required")-1) | Z38: =IF(AND($B38="required",$F38>=4,$T38<>"missing",$T38<>"",$M38=1,COUNTIFS(Carriers!$J$2:$J$400,$C38,Carriers!$K$2:$K$400,$E38,Carriers!$M$2:$M$400,1,Carriers!$P$2:$P$400,"system_of_record")=0),MAX($Z$1:Z37)+1,"")
L39: =IFERROR(INDEX(Topics!$C$2:$C$100,MATCH($C39,Topics!$A$2:$A$100,0)),"") | M39: =IF($B39="required",COUNTIFS($B$2:$B$400,"actual",$C$2:$C$400,$C39,$E$2:$E$400,$E39,$I$2:$I$400,"<>disputed"),"") | N39: =IF($B39="required",COUNTIFS($B$2:$B$400,"actual",$C$2:$C$400,$C39,$E$2:$E$400,$E39,$I$2:$I$400,"<>disputed",$D$2:$D$400,$D39)>0,"") | O39: =IF($B39="required",SUMIFS(Carriers!$M$2:$M$400,Carriers!$J$2:$J$400,$C39,Carriers!$K$2:$K$400,$E39),"") | P39: =IF($B39<>"required","",IF($O39=0,99,_xlfn.MINIFS(Carriers!$G$2:$G$400,Carriers!$J$2:$J$400,$C39,Carriers!$K$2:$K$400,$E39,Carriers!$M$2:$M$400,1))) | Q39: =IF($B39="required",INDEX(Lists!$B$2:$B$8,MATCH($G39,Lists!$A$2:$A$8,0)),"") | R39: =IF($B39<>"required","",IF($H39<>"sync",TRUE(),COUNTIFS(Carriers!$J$2:$J$400,$C39,Carriers!$K$2:$K$400,$E39,Carriers!$H$2:$H$400,"sync",Carriers!$M$2:$M$400,1)>0)) | S39: =IF($B39<>"required","",IF($F39<5,FALSE(),IF($O39=0,FALSE(),COUNTIFS(Carriers!$J$2:$J$400,$C39,Carriers!$K$2:$K$400,$E39,Carriers!$M$2:$M$400,1,Carriers!$D$2:$D$400,"push")=0))) | T39: =IF($B39<>"required","",IF($M39=0,"missing",IF(NOT($N39),"wrong_producer",IF($P39>$Q39,"latency_gap",IF(OR(NOT($R39),$S39),"channel_mismatch","covered"))))) | U39: =IF($B39<>"required","",ROUND($F39*INDEX(Lists!$E$2:$E$6,MATCH($T39,Lists!$D$2:$D$6,0)),1)) | V39: =IF(AND($B39="required",$L39=GoalLens!$B$3),MAX($V$1:V38)+1,"") | W39: =IFERROR(INDEX(Stakeholders!$D$2:$D$50,MATCH($D39,Stakeholders!$A$2:$A$50,0)),"") | X39: =IFERROR(INDEX(Stakeholders!$D$2:$D$50,MATCH($E39,Stakeholders!$A$2:$A$50,0)),"") | Y39: =IF(OR($B39<>"required",$T39="covered",$T39=""),"",1+SUMPRODUCT(ISNUMBER($U$2:$U$400)*($T$2:$T$400<>"covered")*($T$2:$T$400<>"")*($U$2:$U$400>$U39))+COUNTIFS($U$2:U39,$U39,$T$2:T39,"<>covered",$T$2:T39,"<>",$B$2:B39,"required")-1) | Z39: =IF(AND($B39="required",$F39>=4,$T39<>"missing",$T39<>"",$M39=1,COUNTIFS(Carriers!$J$2:$J$400,$C39,Carriers!$K$2:$K$400,$E39,Carriers!$M$2:$M$400,1,Carriers!$P$2:$P$400,"system_of_record")=0),MAX($Z$1:Z38)+1,"")
L40: =IFERROR(INDEX(Topics!$C$2:$C$100,MATCH($C40,Topics!$A$2:$A$100,0)),"") | M40: =IF($B40="required",COUNTIFS($B$2:$B$400,"actual",$C$2:$C$400,$C40,$E$2:$E$400,$E40,$I$2:$I$400,"<>disputed"),"") | N40: =IF($B40="required",COUNTIFS($B$2:$B$400,"actual",$C$2:$C$400,$C40,$E$2:$E$400,$E40,$I$2:$I$400,"<>disputed",$D$2:$D$400,$D40)>0,"") | O40: =IF($B40="required",SUMIFS(Carriers!$M$2:$M$400,Carriers!$J$2:$J$400,$C40,Carriers!$K$2:$K$400,$E40),"") | P40: =IF($B40<>"required","",IF($O40=0,99,_xlfn.MINIFS(Carriers!$G$2:$G$400,Carriers!$J$2:$J$400,$C40,Carriers!$K$2:$K$400,$E40,Carriers!$M$2:$M$400,1))) | Q40: =IF($B40="required",INDEX(Lists!$B$2:$B$8,MATCH($G40,Lists!$A$2:$A$8,0)),"") | R40: =IF($B40<>"required","",IF($H40<>"sync",TRUE(),COUNTIFS(Carriers!$J$2:$J$400,$C40,Carriers!$K$2:$K$400,$E40,Carriers!$H$2:$H$400,"sync",Carriers!$M$2:$M$400,1)>0)) | S40: =IF($B40<>"required","",IF($F40<5,FALSE(),IF($O40=0,FALSE(),COUNTIFS(Carriers!$J$2:$J$400,$C40,Carriers!$K$2:$K$400,$E40,Carriers!$M$2:$M$400,1,Carriers!$D$2:$D$400,"push")=0))) | T40: =IF($B40<>"required","",IF($M40=0,"missing",IF(NOT($N40),"wrong_producer",IF($P40>$Q40,"latency_gap",IF(OR(NOT($R40),$S40),"channel_mismatch","covered"))))) | U40: =IF($B40<>"required","",ROUND($F40*INDEX(Lists!$E$2:$E$6,MATCH($T40,Lists!$D$2:$D$6,0)),1)) | V40: =IF(AND($B40="required",$L40=GoalLens!$B$3),MAX($V$1:V39)+1,"") | W40: =IFERROR(INDEX(Stakeholders!$D$2:$D$50,MATCH($D40,Stakeholders!$A$2:$A$50,0)),"") | X40: =IFERROR(INDEX(Stakeholders!$D$2:$D$50,MATCH($E40,Stakeholders!$A$2:$A$50,0)),"") | Y40: =IF(OR($B40<>"required",$T40="covered",$T40=""),"",1+SUMPRODUCT(ISNUMBER($U$2:$U$400)*($T$2:$T$400<>"covered")*($T$2:$T$400<>"")*($U$2:$U$400>$U40))+COUNTIFS($U$2:U40,$U40,$T$2:T40,"<>covered",$T$2:T40,"<>",$B$2:B40,"required")-1) | Z40: =IF(AND($B40="required",$F40>=4,$T40<>"missing",$T40<>"",$M40=1,COUNTIFS(Carriers!$J$2:$J$400,$C40,Carriers!$K$2:$K$400,$E40,Carriers!$M$2:$M$400,1,Carriers!$P$2:$P$400,"system_of_record")=0),MAX($Z$1:Z39)+1,"")
